journal_name	cas_quartile	top	open_access	rss_status	issn	publisher	domains	一级学科代码	一级学科	二级学科代码	二级学科	分类依据	分类状态	分类置信度
PHILOSOPHY & PUBLIC AFFAIRS	1	是			0048-3915			0101	哲学	010103	外国哲学	user_supplied_deepseek_markdown	speculative	medium
AMERICAN JOURNAL OF BIOETHICS	1	是			1526-5161;1536-0075	Informa UK (Taylor & Francis)		0101	哲学	010105	伦理学	user_supplied_deepseek_markdown	speculative	medium
BRITISH JOURNAL OF AESTHETICS	1	是			0007-0904;1468-2842	Oxford University Press		0101	哲学	010106	美学	user_supplied_deepseek_markdown	speculative	medium
JOURNAL FOR THE SCIENTIFIC STUDY OF RELIGION	1	是			0021-8294;1468-5906	Wiley (Blackwell Publishing)		0101	哲学	010107	宗教学	user_supplied_deepseek_markdown	speculative	medium
JOURNAL OF POLITICAL ECONOMY	1	是			0022-3808;1537-534X	The University of Chicago Press		0201	理论经济学	020101	政治经济学	user_supplied_deepseek_markdown	speculative	medium
HISTORY OF POLITICAL ECONOMY	2	否			0018-2702;1527-1919			0201	理论经济学	020102	经济思想史	user_supplied_deepseek_markdown	speculative	medium
ECONOMIC HISTORY REVIEW	1	是			0013-0117;1468-0289			0201	理论经济学	020103	经济史	user_supplied_deepseek_markdown	speculative	medium
QUARTERLY JOURNAL OF ECONOMICS	1	是			0033-5533;1531-4650			0201	理论经济学	020104	西方经济学	user_supplied_deepseek_markdown	speculative	medium
JOURNAL OF INTERNATIONAL ECONOMICS	1	是			0022-1996	Elsevier		0201	理论经济学	020105	世界经济	user_supplied_deepseek_markdown	speculative	medium
JOURNAL OF ENVIRONMENTAL ECONOMICS AND MANAGEMENT	2	否			0095-0696;1096-0449			0201	理论经济学	020106	人口、资源与环境经济学	user_supplied_deepseek_markdown	speculative	medium
JOURNAL OF REGIONAL SCIENCE	2	否			0022-4146;1467-9787			0202	应用经济学	020202	区域经济学	user_supplied_deepseek_markdown	speculative	medium
JOURNAL OF PUBLIC ECONOMICS	1	是			0047-2727	Elsevier		0202	应用经济学	020203	财政学（含∶税收学）	user_supplied_deepseek_markdown	speculative	medium
JOURNAL OF FINANCE	1	是			1027-8257	Apex Publishing		0202	应用经济学	020204	金融学（含∶保险学）	user_supplied_deepseek_markdown	speculative	medium
JOURNAL OF INTERNATIONAL ECONOMICS	1	是			0022-1996	Elsevier		0202	应用经济学	020206	国际贸易学	user_supplied_deepseek_markdown	speculative	medium
JOURNAL OF LABOR ECONOMICS	1	是			0734-306X;1537-5307	The University of Chicago Press		0202	应用经济学	020207	劳动经济学	user_supplied_deepseek_markdown	speculative	medium
ANNALS OF STATISTICS	1	是			0090-5364;2168-8966			0202	应用经济学	020208	统计学	user_supplied_deepseek_markdown	speculative	medium
Journal of Econometrics	2	否			0304-4076;1872-6895			0202	应用经济学	020209	数量经济学	user_supplied_deepseek_markdown	speculative	medium
LAW & SOCIETY REVIEW	2	否			0023-9216			0301	法学	030101	法学理论	user_supplied_deepseek_markdown	speculative	medium
CRIMINOLOGY	1	是			0011-1384;1745-9125	Wiley (Blackwell Publishing)		0301	法学	030104	刑法学	user_supplied_deepseek_markdown	speculative	medium
LAW AND HUMAN BEHAVIOR	2	否			0147-7307;1573-661X			0301	法学	030106	诉讼法学	user_supplied_deepseek_markdown	speculative	medium
AMERICAN JOURNAL OF INTERNATIONAL LAW	2	否			0002-9300;2161-7953			0301	法学	030109	国际法学（含：国际公法、国际私法、国际经济法	user_supplied_deepseek_markdown	speculative	medium
AMERICAN POLITICAL SCIENCE REVIEW	1	是			0003-0554;1537-5943	Cambridge University Press		0302	政治学	030201	政治学理论	user_supplied_deepseek_markdown	speculative	medium
JOURNAL OF POLITICS	1	是			0022-3816;1468-2508			0302	政治学	030202	中外政治制度	user_supplied_deepseek_markdown	speculative	medium
INTERNATIONAL ORGANIZATION	1	是			0020-8183;1531-5088	Cambridge University Press		0302	政治学	030206	国际政治	user_supplied_deepseek_markdown	speculative	medium
WORLD POLITICS	1	是			0043-8871;1086-3338	Project MUSE		0302	政治学	030207	国际关系	user_supplied_deepseek_markdown	speculative	medium
DEMOGRAPHY	1	是			0070-3370;1533-7790	Duke University Press		0303	社会学	030302	人口学	user_supplied_deepseek_markdown	speculative	medium
AMERICAN ANTHROPOLOGIST	1	是			0002-7294;1548-1433	Wiley (Blackwell Publishing)		0303	社会学	030303	人类学	user_supplied_deepseek_markdown	speculative	medium
AMERICAN ETHNOLOGIST	1	是			0094-0496;1548-1425	Wiley (Blackwell Publishing)		0304	民族学	030401	民族学	user_supplied_deepseek_markdown	speculative	medium
TEACHING AND TEACHER EDUCATION	1	是			0742-051X	Elsevier		0401	教育学	040102	课程与教学论	user_supplied_deepseek_markdown	speculative	medium
COMPARATIVE EDUCATION	1	是			0305-0068;1360-0486	Informa UK (Taylor & Francis)		0401	教育学	040104	比较教育学	user_supplied_deepseek_markdown	speculative	medium
EARLY CHILDHOOD RESEARCH QUARTERLY	1	是			0885-2006	Elsevier		0401	教育学	040105	学前教育学	user_supplied_deepseek_markdown	speculative	medium
HIGHER EDUCATION	1	是			0018-1560;1573-174X	Springer-Verlag		0401	教育学	040106	高等教育学	user_supplied_deepseek_markdown	speculative	medium
CHILD DEVELOPMENT	1	是			0009-3920;1467-8624	Oxford University Press		0402	心理学	040202	发展与教育心理学	user_supplied_deepseek_markdown	speculative	medium
JOURNAL OF SPORT MANAGEMENT	2	否			0888-4773;1543-270X			0403	体育学	040301	体育人文社会学	user_supplied_deepseek_markdown	speculative	medium
MEDICINE & SCIENCE IN SPORTS & EXERCISE	2	是			0195-9131			0403	体育学	040302	运动人体科学	user_supplied_deepseek_markdown	speculative	medium
SPORT EDUCATION AND SOCIETY	2	否			1357-3322;1470-1243			0403	体育学	040303	体育教育训练学	user_supplied_deepseek_markdown	speculative	medium
NEW LITERARY HISTORY	2	否			0028-6087;1080-661X			0501	中国语言文学	050101	文艺学	user_supplied_deepseek_markdown	speculative	medium
APPLIED LINGUISTICS	1	是			0142-6001;1477-450X	Oxford University Press		0501	中国语言文学	050102	语言学及应用语言学	user_supplied_deepseek_markdown	speculative	medium
COMPARATIVE LITERATURE	2	否			0010-4124;1945-8517			0501	中国语言文学	050108	比较文学与世界文学	user_supplied_deepseek_markdown	speculative	medium
SLAVIC REVIEW	2	否			0037-6779;0037-6779;2325-7784			0502	外国语言文学	050202	俄语语言文学	user_supplied_deepseek_markdown	speculative	medium
JOURNALISM & MASS COMMUNICATION QUARTERLY	1	是			1077-6990			0503	新闻传播学	050301	新闻学	user_supplied_deepseek_markdown	speculative	medium
JOURNAL OF COMMUNICATION	1	是			2165-7912			0503	新闻传播学	050302	传播学	user_supplied_deepseek_markdown	speculative	medium
MUSICAE SCIENTIAE	1	是			1029-8649;2045-4147	SAGE Publications		0504	艺术学	050402	音乐学	user_supplied_deepseek_markdown	speculative	medium
ART BULLETIN	1	是			1848-2244	Croatian Academy of Sciences and Arts		0504	艺术学	050403	美术学	user_supplied_deepseek_markdown	speculative	medium
Design Studies	1	是			0142-694X	Elsevier		0504	艺术学	050404	设计艺术学	user_supplied_deepseek_markdown	speculative	medium
THEATRE JOURNAL	1	是			0192-2882;1086-332X	Project MUSE		0504	艺术学	050405	戏剧戏曲学	user_supplied_deepseek_markdown	speculative	medium
DANCE RESEARCH JOURNAL	1	是			0149-7677;1940-509X	Cambridge University Press		0504	艺术学	050408	舞蹈学	user_supplied_deepseek_markdown	speculative	medium
HISTORY AND THEORY	2	是			0018-2656;1468-2303	Wiley (Blackwell Publishing)		0601	历史学	060101	史学理论及史学史	user_supplied_deepseek_markdown_b295c0	speculative	medium
JOURNAL OF HISTORICAL GEOGRAPHY	2	是			0305-7488;1095-8614			0601	历史学	060103	历史地理学	user_supplied_deepseek_markdown_b295c0	speculative	medium
LATE IMPERIAL CHINA	2	否			1086-3257			0601	历史学	060106	中国古代史	user_supplied_deepseek_markdown_b295c0	speculative	medium
AMERICAN HISTORICAL REVIEW	1	是			0002-8762;1937-5239			0601	历史学	060108	世界史	user_supplied_deepseek_markdown_b295c0	speculative	medium
SIAM REVIEW	1	是			0036-1445;1095-7200	Society for Industrial and Applied Mathematics		0701	数学	070104	应用数学	user_supplied_deepseek_markdown_b295c0	speculative	medium
PHYSICAL REVIEW A	2	否			1050-2947;1094-1622;0556-2791;2469-9926;2469-9934			0702	物理学	070203	原子与分子物理	user_supplied_deepseek_markdown_b295c0	speculative	medium
ADVANCES IN PHYSICS	1	是			0001-8732;1460-6976	Informa UK (Taylor & Francis)		0702	物理学	070205	凝聚态物理	user_supplied_deepseek_markdown_b295c0	speculative	medium
IEEE TRANSACTIONS ON ANTENNAS AND PROPAGATION	1	是			0018-926X;1558-2221	Institute of Electrical and Electronics Engineers		0702	物理学	070208	无线电物理	user_supplied_deepseek_markdown_b295c0	speculative	medium
ORGANIC LETTERS	1	是			1523-7060;1523-7052	American Chemical Society		0703	化学	070303	化学 0703 有机化学	user_supplied_deepseek_markdown_b295c0	speculative	medium
MACROMOLECULES	1	是			0024-9297;1520-5835	American Chemical Society		0703	化学	070305	高分子化学与物理	user_supplied_deepseek_markdown_b295c0	speculative	medium
INTERNATIONAL JOURNAL OF GEOGRAPHICAL INFORMATION SCIENCE	1	是			1365-8816;1362-3087	Informa UK (Taylor & Francis)		0705	地理学	070503	地图学与地理信息系统	user_supplied_deepseek_markdown_b295c0	speculative	medium
SPACE SCIENCE REVIEWS	2	否			0038-6308;1572-9672			0708	地球物理学	070802	空间物理学	user_supplied_deepseek_markdown_b295c0	speculative	medium
GEOCHIMICA ET COSMOCHIMICA ACTA	1	是			0016-7037	Elsevier		0709	地质学	070902	地球化学	user_supplied_deepseek_markdown_b295c0	speculative	medium
PALAEOGEOGRAPHY PALAEOCLIMATOLOGY PALAEOECOLOGY	2	否			0031-0182			0709	地质学	070903	地质学 0709 古生物学与地层学（含：古人类学）	user_supplied_deepseek_markdown_b295c0	speculative	medium
Quaternary Science Reviews	2	是			0277-3791			0709	地质学	070905	第四纪地质学	user_supplied_deepseek_markdown_b295c0	speculative	medium
Physiological Reviews	1	是			0031-9333;1522-1210	American Physiological Society		0710	生物学	071003	生理学	user_supplied_deepseek_markdown_b295c0	speculative	medium
GENES & DEVELOPMENT	1	是			0890-9369			0710	生物学	071008	发育生物学	user_supplied_deepseek_markdown_b295c0	speculative	medium
ISIS	2	是			0021-1753;1545-6994			0712	科学技术史	071200	科学技术史 0712 ☆科学技术史	user_supplied_deepseek_markdown_b295c0	speculative	medium
JOURNAL OF THE MECHANICS AND PHYSICS OF SOLIDS	2	否			0022-5096			0801	力学	080101	一般力学与力学基础	user_supplied_deepseek_markdown_b295c0	speculative	medium
INTERNATIONAL JOURNAL OF PLASTICITY	1	是			0749-6419	Elsevier		0801	力学	080102	固体力学	user_supplied_deepseek_markdown_b295c0	speculative	medium
Applied Mechanics Reviews	1	是			0003-6900;2379-0407	ASME International		0801	力学	080104	工程力学	user_supplied_deepseek_markdown_b295c0	speculative	medium
MECHANISM AND MACHINE THEORY	1	是			0094-114X	Elsevier		0802	机械工程	080203	机械设计及理论	user_supplied_deepseek_markdown_b295c0	speculative	medium
Light-Science & Applications	1	是			2047-7538			0803	光学工程	080300	光学工程 0803 ☆光学工程	user_supplied_deepseek_markdown_b295c0	speculative	medium
IEEE TRANSACTIONS ON INSTRUMENTATION AND MEASUREMENT	2	否			0018-9456;1557-9662			0804	学科0804	080401	仪器科学 精密仪器及机械	user_supplied_deepseek_markdown_b295c0	speculative	medium
MEASUREMENT	2	否			0263-2241			0804	学科0804	080402	与技术 测试计量技术及仪器	user_supplied_deepseek_markdown_b295c0	speculative	medium
NATURE MATERIALS	1	是			1476-1122;1476-4660	Springer Science and Business Media LLC		0805	学科0805	080502	0805 材料学	user_supplied_deepseek_markdown_b295c0	speculative	medium
PROCEEDINGS OF THE COMBUSTION INSTITUTE	2	否			1540-7489			0807	学科0807	080703	动力工程及 动力机械及工程	user_supplied_deepseek_markdown_b295c0	speculative	medium
INTERNATIONAL JOURNAL OF HEAT AND MASS TRANSFER	2	否			0017-9310;0017-9310			0807	学科0807	080704	工程热物理 流体机械及工程	user_supplied_deepseek_markdown_b295c0	speculative	medium
CHEMICAL ENGINEERING SCIENCE	2	否			0009-2509			0807	学科0807	080706	化工过程机械	user_supplied_deepseek_markdown_b295c0	speculative	medium
IEEE TRANSACTIONS ON POWER ELECTRONICS	1	是			0885-8993;1941-0107	Institute of Electrical and Electronics Engineers		0808	电气工程	080801	电机与电器	user_supplied_deepseek_markdown_b295c0	speculative	medium
IEEE TRANSACTIONS ON INDUSTRIAL ELECTRONICS	1	是			0278-0046;1557-9948;1932-4529	Institute of Electrical and Electronics Engineers		0808	电气工程	080804	电力电子与电力传动	user_supplied_deepseek_markdown_b295c0	speculative	medium
IEEE TRANSACTIONS ON ENERGY CONVERSION	2	否			0885-8969;1558-0059			0808	电气工程	080805	电工理论与新技术	user_supplied_deepseek_markdown_b295c0	speculative	medium
IEEE TRANSACTIONS ON IMAGE PROCESSING	1	是			1057-7149;1941-0042	Institute of Electrical and Electronics Engineers		0810	学科0810	081002	工程 信号与信息处理	user_supplied_deepseek_markdown_b295c0	speculative	medium
AUTOMATICA	2	否			0005-1098			0811	学科0811	081101	控制理论与控制工程	user_supplied_deepseek_markdown_b295c0	speculative	medium
AUTOMATION IN CONSTRUCTION	1	是			0926-5805	Elsevier		0811	学科0811	081102	检测技术与自动化装置	user_supplied_deepseek_markdown_b295c0	speculative	medium
IEEE Transactions on Systems Man Cybernetics-Systems	1	是			2168-2216;2168-2232			0811	学科0811	081103	0811 系统工程	user_supplied_deepseek_markdown_b295c0	speculative	medium
IEEE TRANSACTIONS ON PATTERN ANALYSIS AND MACHINE INTELLIGENCE	1	是			0162-8828;2160-9292;1939-3539	Institute of Electrical and Electronics Engineers		0811	学科0811	081104	模式识别与智能系统	user_supplied_deepseek_markdown_b295c0	speculative	medium
IEEE TRANSACTIONS ON AEROSPACE AND ELECTRONIC SYSTEMS	2	否			0018-9251;1557-9603;2371-9877			0811	学科0811	081105	导航、制导与控制	user_supplied_deepseek_markdown_b295c0	speculative	medium
IEEE TRANSACTIONS ON PARALLEL AND DISTRIBUTED SYSTEMS	2	是			1045-9219;1558-2183;2161-9883			0812	学科0812	081201	计算机系统结构	user_supplied_deepseek_markdown_b295c0	speculative	medium
IEEE TRANSACTIONS ON KNOWLEDGE AND DATA ENGINEERING	1	是			1041-4347;1558-2191;2326-3865	Institute of Electrical and Electronics Engineers		0812	学科0812	081203	计算机应用技术	user_supplied_deepseek_markdown_b295c0	speculative	medium
BUILDING AND ENVIRONMENT	1	是			0360-1323	Elsevier		0813	建筑学	081304	建筑技术科学	user_supplied_deepseek_markdown_b295c0	speculative	medium
GEOTECHNIQUE	2	否			0016-8505			0814	土木工程	081401	岩土工程	user_supplied_deepseek_markdown_b295c0	speculative	medium
WATER RESEARCH	1	是			0043-1354	Elsevier		0814	土木工程	081403	市政工程	user_supplied_deepseek_markdown_b295c0	speculative	medium
ENERGY AND BUILDINGS	2	是			0378-7788			0814	土木工程	081404	供热、供燃气、通风及空调工程	user_supplied_deepseek_markdown_b295c0	speculative	medium
COASTAL ENGINEERING	2	否			0378-3839			0815	水利工程	081503	水利工程 0815 水工结构工程	user_supplied_deepseek_markdown_b295c0	speculative	medium
Renewable Energy	1	是			0960-1481	Elsevier		0815	水利工程	081504	水利水电工程	user_supplied_deepseek_markdown_b295c0	speculative	medium
Ocean Engineering	2	是			0029-8018			0815	水利工程	081505	港口、海岸及近海工程	user_supplied_deepseek_markdown_b295c0	speculative	medium
GPS SOLUTIONS	1	是			1080-5370;1521-1886	Springer-Verlag		0816	学科0816	081601	大地测量学与测量工程	user_supplied_deepseek_markdown_b295c0	speculative	medium
INTERNATIONAL JOURNAL OF GEOGRAPHICAL INFORMATION SCIENCE	1	是			1365-8816;1362-3087	Informa UK (Taylor & Francis)		0816	学科0816	081603	地图制图学与地理信息工程	user_supplied_deepseek_markdown_b295c0	speculative	medium
BIORESOURCE TECHNOLOGY	1	是			0960-8524;1873-2976	Elsevier		0817	学科0817	081703	0817 生物化工	user_supplied_deepseek_markdown_b295c0	speculative	medium
GREEN CHEMISTRY	1	是			1463-9262;1463-9270	The Royal Society of Chemistry		0817	学科0817	081704	应用化学	user_supplied_deepseek_markdown_b295c0	speculative	medium
ECONOMIC GEOLOGY	1	是			0361-0128;1554-0774	Society of Economic Geologists, Inc.		0818	学科0818	081801	矿产普查与勘探	user_supplied_deepseek_markdown_b295c0	speculative	medium
IEEE TRANSACTIONS ON GEOSCIENCE AND REMOTE SENSING	1	是			0196-2892;1558-0644	Institute of Electrical and Electronics Engineers		0818	学科0818	081802	0818 地球探测与信息技术	user_supplied_deepseek_markdown_b295c0	speculative	medium
ENGINEERING GEOLOGY	1	是			0013-7952	Elsevier		0818	学科0818	081803	地质工程	user_supplied_deepseek_markdown_b295c0	speculative	medium
MINERALS ENGINEERING	2	否			0892-6875			0819	矿业工程	081902	矿业工程 0819 矿物加工工程	user_supplied_deepseek_markdown_b295c0	speculative	medium
SAFETY SCIENCE	2	是			0925-7535			0819	矿业工程	081903	安全技术及工程	user_supplied_deepseek_markdown_b295c0	speculative	medium
INTERNATIONAL JOURNAL OF HYDROGEN ENERGY	2	否			0360-3199;0360-3199			0820	学科0820	082003	油气储运工程	user_supplied_deepseek_markdown_b295c0	speculative	medium
DYES AND PIGMENTS	2	否			0143-7208			0821	学科0821	082103	与工程 纺织化学与染整工程	user_supplied_deepseek_markdown_b295c0	speculative	medium
Food Chemistry	1	是			0308-8146;1873-7072	Elsevier		0822	轻工技术与工程	082202	制糖工程	user_supplied_deepseek_markdown_b295c0	speculative	medium
BIORESOURCE TECHNOLOGY	1	是			0960-8524;1873-2976	Elsevier		0822	轻工技术与工程	082203	发酵工程	user_supplied_deepseek_markdown_b295c0	speculative	medium
Construction and Building Materials	1	是			0950-0618	Elsevier		0823	交通运输工程	082301	道路与铁道工程	user_supplied_deepseek_markdown_b295c0	speculative	medium
IEEE TRANSACTIONS ON INTELLIGENT TRANSPORTATION SYSTEMS	2	是			1524-9050;1558-0016			0823	交通运输工程	082302	交通信息工程及控制	user_supplied_deepseek_markdown_b295c0	speculative	medium
ACCIDENT ANALYSIS AND PREVENTION	1	是			0001-4575			0823	交通运输工程	082304	载运工具运用工程	user_supplied_deepseek_markdown_b295c0	speculative	medium
Ocean Engineering	2	是			0029-8018			0824	船舶与海洋工程	082401	船舶与海洋结构物设计制造	user_supplied_deepseek_markdown_b295c0	speculative	medium
Energy	1	是			0360-5442;1751-4223;1751-4231	Elsevier		0824	船舶与海洋工程	082402	船舶与海洋工程 0824 轮机工程	user_supplied_deepseek_markdown_b295c0	speculative	medium
Combustion and Flame	1	是			0010-2180	Elsevier		0825	学科0825	082502	航空宇航科学与 航空宇航推进理论与工程	user_supplied_deepseek_markdown_b295c0	speculative	medium
COMPOSITES PART B-ENGINEERING	1	是			1359-8368	Elsevier		0825	学科0825	082503	技术 航空宇航制造工程	user_supplied_deepseek_markdown_b295c0	speculative	medium
BUILDING AND ENVIRONMENT	1	是			0360-1323	Elsevier		0825	学科0825	082504	人机与环境工程	user_supplied_deepseek_markdown_b295c0	speculative	medium
Defence Technology	1	是			2214-9147	Elsevier		0826	兵器科学与技术	082601	武器系统与运用工程	user_supplied_deepseek_markdown_b295c0	speculative	medium
INTERNATIONAL JOURNAL OF IMPACT ENGINEERING	2	否			0734-743X			0826	兵器科学与技术	082602	兵器发射理论与技术	user_supplied_deepseek_markdown_b295c0	speculative	medium
Combustion and Flame	1	是			0010-2180	Elsevier		0826	兵器科学与技术	082604	军事化学与烟火技术	user_supplied_deepseek_markdown_b295c0	speculative	medium
BIOSYSTEMS ENGINEERING	2	是			1537-5110;1537-5129			0828	农业工程	082801	农业机械化工程	user_supplied_deepseek_markdown_b295c0	speculative	medium
Agricultural Water Management	1	是			0378-3774	Elsevier		0828	农业工程	082802	农业水土工程	user_supplied_deepseek_markdown_b295c0	speculative	medium
ENERGY CONVERSION AND MANAGEMENT	1	是			0196-8904	Elsevier		0828	农业工程	082803	农业生物环境与能源工程	user_supplied_deepseek_markdown_b295c0	speculative	medium
COMPUTERS AND ELECTRONICS IN AGRICULTURE	1	是			0168-1699	Elsevier		0828	农业工程	082804	农业电气化与自动化	user_supplied_deepseek_markdown_b295c0	speculative	medium
FOREST ECOLOGY AND MANAGEMENT	2	是			0378-1127;1872-7042			0829	林业工程	082901	森林工程	user_supplied_deepseek_markdown_b295c0	speculative	medium
WOOD SCIENCE AND TECHNOLOGY	2	否			0043-7719;1432-5225			0829	林业工程	082902	林业工程 0829 木材科学与技术	user_supplied_deepseek_markdown_b295c0	speculative	medium
BIORESOURCE TECHNOLOGY	1	是			0960-8524;1873-2976	Elsevier		0829	林业工程	082903	林产化学加工工程	user_supplied_deepseek_markdown_b295c0	speculative	medium
BIOMATERIALS	1	是			0142-9612	Elsevier		0831	生物医学工程	083100	生物医学工程 0831 ☆生物医学工程	user_supplied_deepseek_markdown_b295c0	speculative	medium
POSTHARVEST BIOLOGY AND TECHNOLOGY	1	是			0925-5214	Elsevier		0832	食品科学与工程	083203	农产品加工及贮藏工程	user_supplied_deepseek_markdown_b295c0	speculative	medium
THEORETICAL AND APPLIED GENETICS	1	是			0040-5752;1432-2242	Springer-Verlag		0901	作物学	090102	作物遗传育种	user_supplied_deepseek_markdown_b295c0	speculative	medium
POSTHARVEST BIOLOGY AND TECHNOLOGY	1	是			0925-5214	Elsevier		0902	园艺学	090202	园艺学 0902 蔬菜学	user_supplied_deepseek_markdown_b295c0	speculative	medium
FOOD RESEARCH INTERNATIONAL	1	是			0963-9969	Elsevier		0902	园艺学	090203	茶学	user_supplied_deepseek_markdown_b295c0	speculative	medium
PEST MANAGEMENT SCIENCE	1	是			1526-498X;1526-4998	Wiley (John Wiley & Sons)		0904	植物保护	090402	植物保护 0904 农业昆虫与害虫防治	user_supplied_deepseek_markdown_b295c0	speculative	medium
GRASS AND FORAGE SCIENCE	2	否			0142-5242;1365-2494			0905	畜牧学	090503	草业科学	user_supplied_deepseek_markdown_b295c0	speculative	medium
Insects	2	否			2075-4450			0905	畜牧学	090504	特种经济动物饲养（含：蚕、蜂等）	user_supplied_deepseek_markdown_b295c0	speculative	medium
BIOLOGICAL CONSERVATION	1	是			0006-3207	Elsevier		0907	林学	090705	野生动植物保护与利用	user_supplied_deepseek_markdown_b295c0	speculative	medium
URBAN FORESTRY & URBAN GREENING	2	是			1618-8667			0907	林学	090706	园林植物与观赏园艺	user_supplied_deepseek_markdown_b295c0	speculative	medium
CATENA	1	是			0341-8162	Elsevier		0907	林学	090707	水土保持与荒漠化防治	user_supplied_deepseek_markdown_b295c0	speculative	medium
PLoS Pathogens	1	是			1553-7366;1553-7374	Public Library of Science		1001	基础医学	100103	基础医学 1001 病原生物学	user_supplied_deepseek_markdown_b295c0	speculative	medium
JOURNAL OF PATHOLOGY	2	否			0022-3417;1096-9896			1001	基础医学	100104	病理学与病理生理学	user_supplied_deepseek_markdown_b295c0	speculative	medium
RADIOLOGY	1	是			0033-8419;1527-1315	Radiological Society of North America		1001	基础医学	100106	放射医学	user_supplied_deepseek_markdown_b295c0	speculative	medium
Aerospace Science and Technology	1	是			1270-9638	Elsevier		1001	基础医学	100107	航空、航天与航海医学	user_supplied_deepseek_markdown_b295c0	speculative	medium
JAMA Pediatrics	1	是			2168-6203	American Medical Association		1002	临床医学	100202	儿科学	user_supplied_deepseek_markdown_b295c0	speculative	medium
INTERNATIONAL JOURNAL OF NURSING STUDIES	1	是			0020-7489	Elsevier		1002	临床医学	100209	护理学	user_supplied_deepseek_markdown_b295c0	speculative	medium
CA-A CANCER JOURNAL FOR CLINICIANS	1	是			0007-9235;1542-4863	Wiley (American Cancer Society)		1002	临床医学	100214	肿瘤学	user_supplied_deepseek_markdown_b295c0	speculative	medium
BRITISH JOURNAL OF SPORTS MEDICINE	1	是			0306-3674;1473-0480	BMJ		1002	临床医学	100216	运动医学	user_supplied_deepseek_markdown_b295c0	speculative	medium
JOURNAL OF DENTAL RESEARCH	1	是			0022-0345;1544-0591	SAGE Publications		1003	口腔医学	100301	口腔基础医学	user_supplied_deepseek_markdown_b295c0	speculative	medium
CLINICAL ORAL IMPLANTS RESEARCH	1	是			0905-7161;1600-0501	Wiley (Blackwell Publishing)		1003	口腔医学	100302	口腔临床医学	user_supplied_deepseek_markdown_b295c0	speculative	medium
AMERICAN JOURNAL OF CLINICAL NUTRITION	1	是			0002-9165;1938-3207	Elsevier		1004	学科1004	100403	公共卫生与预防 营养与食品卫生学	user_supplied_deepseek_markdown_b295c0	speculative	medium
PAEDIATRIC AND PERINATAL EPIDEMIOLOGY	2	否			0269-5022;1365-3016			1004	学科1004	100404	医学 儿少卫生与妇幼保健学	user_supplied_deepseek_markdown_b295c0	speculative	medium
JOURNAL OF ETHNOPHARMACOLOGY	2	否			0378-8741			1005	中医学	100501	中医基础理论	user_supplied_deepseek_markdown_b295c0	speculative	medium
PHYTOMEDICINE	1	是			0944-7113	Elsevier		1005	中医学	100502	中医临床基础	user_supplied_deepseek_markdown_b295c0	speculative	medium
Chinese Medicine	2	否			1674-6384			1005	中医学	100504	中医学 1005 方剂学	user_supplied_deepseek_markdown_b295c0	speculative	medium
PHYTOMEDICINE	1	是			0944-7113	Elsevier		1005	中医学	100506	中医内科学	user_supplied_deepseek_markdown_b295c0	speculative	medium
JOURNAL OF ETHNOPHARMACOLOGY	2	否			0378-8741			1005	中医学	100507	中医外科学	user_supplied_deepseek_markdown_b295c0	speculative	medium
PHYTOMEDICINE	1	是			0944-7113	Elsevier		1005	中医学	100508	中医骨伤科学	user_supplied_deepseek_markdown_b295c0	speculative	medium
JOURNAL OF ETHNOPHARMACOLOGY	2	否			0378-8741			1005	中医学	100509	中医妇科学	user_supplied_deepseek_markdown_b295c0	speculative	medium
Chinese Medicine	2	否			1674-6384			1005	中医学	100510	中医儿科学	user_supplied_deepseek_markdown_b295c0	speculative	medium
JOURNAL OF ETHNOPHARMACOLOGY	2	否			0378-8741			1005	中医学	100513	民族医学（含：藏医学、蒙医学等）	user_supplied_deepseek_markdown_b295c0	speculative	medium
JOURNAL OF ETHNOPHARMACOLOGY	2	否			0378-8741			1006	中西医结合	100601	中西医结合基础	user_supplied_deepseek_markdown_b295c0	speculative	medium
PHYTOMEDICINE	1	是			0944-7113	Elsevier		1006	中西医结合	100602	中西医结合临床	user_supplied_deepseek_markdown_b295c0	speculative	medium
JOURNAL OF MEDICINAL CHEMISTRY	1	是			0022-2623;1520-4804;0095-9065	American Chemical Society		1007	药学	100701	药物化学	user_supplied_deepseek_markdown_b295c0	speculative	medium
JOURNAL OF CONTROLLED RELEASE	1	是			0168-3659	Elsevier		1007	药学	100702	药剂学	user_supplied_deepseek_markdown_b295c0	speculative	medium
JOURNAL OF NATURAL PRODUCTS	2	否			0163-3864;1520-6025			1007	药学	100703	生药学	user_supplied_deepseek_markdown_b295c0	speculative	medium
ANALYTICAL CHEMISTRY	1	是			0003-2700;1520-6882	American Chemical Society		1007	药学	100704	药物分析学	user_supplied_deepseek_markdown_b295c0	speculative	medium
ANTIMICROBIAL AGENTS AND CHEMOTHERAPY	2	否			0066-4804;1098-6596			1007	药学	100705	微生物与生化药学	user_supplied_deepseek_markdown_b295c0	speculative	medium
PHYTOMEDICINE	1	是			0944-7113	Elsevier		1008	中药学	100800	中药学 1008 ☆中药学	user_supplied_deepseek_markdown_b295c0	speculative	medium
SECURITY STUDIES	1	是			0963-6412;1556-1852	Informa UK (Taylor & Francis)		1102	战略学	110201	军事战略学	user_supplied_deepseek_markdown_b295c0	speculative	medium
EUROPEAN JOURNAL OF OPERATIONAL RESEARCH	2	否			0377-2217			1105	军队指挥学	110502	军事运筹学	user_supplied_deepseek_markdown_b295c0	speculative	medium
IEEE TRANSACTIONS ON COMMUNICATIONS	2	是			0090-6778;1558-0857			1105	军队指挥学	110503	军事通信学	user_supplied_deepseek_markdown_b295c0	speculative	medium
Defence Technology	1	是			2214-9147	Elsevier		1108	学科1108	110803	军事装备学	user_supplied_deepseek_markdown_b295c0	speculative	medium
ACADEMY OF MANAGEMENT JOURNAL	1	是			0001-4273;1948-0989	Academy of Management		1202	工商管理	120202	企业管理（含：财务管理、市场营销、人力资源	user_supplied_deepseek_markdown_b295c0	speculative	medium
ANNALS OF TOURISM RESEARCH	1	是			0160-7383	Elsevier		1202	工商管理	120203	管理）	user_supplied_deepseek_markdown_b295c0	speculative	medium
RESEARCH POLICY	1	是			0048-7333	Elsevier		1202	工商管理	120204	技术经济及管理	user_supplied_deepseek_markdown_b295c0	speculative	medium
AGRICULTURAL ECONOMICS	2	否			0169-5150;1574-0862			1203	农林经济管理	120301	农业经济管理	user_supplied_deepseek_markdown_b295c0	speculative	medium
Forest Policy and Economics	1	是			1389-9341	Elsevier		1203	农林经济管理	120302	林业经济管理	user_supplied_deepseek_markdown_b295c0	speculative	medium
PUBLIC ADMINISTRATION REVIEW	1	是			0033-3352;1540-6210	Wiley (Blackwell Publishing)		1204	公共管理	120401	行政管理	user_supplied_deepseek_markdown_b295c0	speculative	medium
SOCIAL SCIENCE & MEDICINE	2	是			0277-9536			1204	公共管理	120402	社会医学与卫生事业管理	user_supplied_deepseek_markdown_b295c0	speculative	medium
LAND USE POLICY	1	是			0264-8377	Elsevier		1204	公共管理	120405	公共管理 1204 土地资源管理	user_supplied_deepseek_markdown_b295c0	speculative	medium
INFORMATION PROCESSING & MANAGEMENT	1	是			0306-4573			1205	学科1205	120502	1205 情报学	user_supplied_deepseek_markdown_b295c0	speculative	medium
SCIENCE & SOCIETY	3				0036-8237			0101	哲学	010101	马克思主义哲学	user_supplied_deepseek_1d0901	supplemental_speculative	medium
PHILOSOPHY EAST & WEST	3				0031-8221			0101	哲学	010102	中国哲学	user_supplied_deepseek_1d0901	supplemental_speculative	medium
JOURNAL OF SYMBOLIC LOGIC	3				0022-4812			0101	哲学	010104	逻辑学	user_supplied_deepseek_1d0901	supplemental_speculative	medium
DEFENCE AND PEACE ECONOMICS	3				1024-2694			0202	应用经济学	020210	国防经济	user_supplied_deepseek_1d0901	supplemental_speculative	medium
LAW AND HISTORY REVIEW	3				0738-2480			0301	法学	030102	法律史	user_supplied_deepseek_1d0901	supplemental_speculative	medium
JOURNAL OF LAW AND COURTS	3				2164-6570			0301	法学	030103	法学 0301 宪法学与行政法学	user_supplied_deepseek_1d0901	supplemental_speculative	medium
JOURNAL OF LEGAL STUDIES	4				0047-2530			0301	法学	030105	民商法学（含：劳动法学、社会保障法学）	user_supplied_deepseek_1d0901	supplemental_speculative	medium
JOURNAL OF ENVIRONMENTAL LAW	3				0952-8873			0301	法学	030108	环境与资源保护法学	user_supplied_deepseek_1d0901	supplemental_speculative	medium
FOREIGN AFFAIRS	3				0015-7120			0302	政治学	030208	外交学	user_supplied_deepseek_1d0901	supplemental_speculative	medium
JOURNAL OF AMERICAN FOLKLORE	3				0021-8715			0303	社会学	030304	民俗学（含：中国民间文学）	user_supplied_deepseek_1d0901	supplemental_speculative	medium
HISTORY OF EDUCATION QUARTERLY	4				0018-2680			0401	教育学	040103	教育史	user_supplied_deepseek_1d0901	supplemental_speculative	medium
ADULT EDUCATION QUARTERLY	4				0741-7136			0401	教育学	040107	成人教育学	user_supplied_deepseek_1d0901	supplemental_speculative	medium
JOURNAL OF VOCATIONAL EDUCATION AND TRAINING	4				1363-6820			0401	教育学	040108	职业技术教育学	user_supplied_deepseek_1d0901	supplemental_speculative	medium
JOURNAL OF SPECIAL EDUCATION	4				0022-4669			0401	教育学	040109	特殊教育学	user_supplied_deepseek_1d0901	supplemental_speculative	medium
JOURNAL OF CHINESE LINGUISTICS	4				2411-3484			0501	中国语言文学	050103	汉语言文字学	user_supplied_deepseek_1d0901	supplemental_speculative	medium
PMLA	2				0030-8129			0502	外国语言文学	050201	英语语言文学	user_supplied_deepseek_1d0901	supplemental_speculative	medium
FRENCH STUDIES	3				0016-1128			0502	外国语言文学	050203	法语语言文学	user_supplied_deepseek_1d0901	supplemental_speculative	medium
GERMAN STUDIES REVIEW	4				0149-7952			0502	外国语言文学	050204	德语语言文学	user_supplied_deepseek_1d0901	supplemental_speculative	medium
JOURNAL OF JAPANESE STUDIES	4				0095-6848			0502	外国语言文学	050205	日语语言文学	user_supplied_deepseek_1d0901	supplemental_speculative	medium
HISPANIC REVIEW	3				0018-2176			0502	外国语言文学	050207	西班牙语语言文学	user_supplied_deepseek_1d0901	supplemental_speculative	medium
FILM QUARTERLY	3				0015-1386			0504	艺术学	050406	电影学	user_supplied_deepseek_1d0901	supplemental_speculative	medium
MODERN CHINA	4				0097-7004			0601	历史学	060107	中国近现代史	user_supplied_deepseek_1d0901	supplemental_speculative	medium
SYSTEMS & CONTROL LETTERS	3				0167-6911			0711	系统科学	071101	系统理论	user_supplied_deepseek_1d0901	supplemental_speculative	medium
IEEE SYSTEMS JOURNAL	3				1932-8184			0711	系统科学	071102	系统分析与集成	user_supplied_deepseek_1d0901	supplemental_speculative	medium
CLOTHING AND TEXTILES RESEARCH JOURNAL	4				0887-302X			0821	学科0821	082104	服装	user_supplied_deepseek_1d0901	supplemental_speculative	medium
JOURNAL OF THE AMERICAN LEATHER CHEMISTS ASSOCIATION	4				0002-9726			0822	轻工技术与工程	082204	皮革化学与工程	user_supplied_deepseek_1d0901	supplemental_speculative	medium
PROPELLANTS EXPLOSIVES PYROTECHNICS	4				0721-3115			0826	兵器科学与技术	082603	火炮、自动武器与弹药工程	user_supplied_deepseek_1d0901	supplemental_speculative	medium
JOURNAL OF ANATOMY	3				0021-8782			1001	基础医学	100101	人体解剖和组织胚胎学	user_supplied_deepseek_1d0901	supplemental_speculative	medium
FORENSIC SCIENCE INTERNATIONAL	3				0379-0738			1001	基础医学	100105	法医学	user_supplied_deepseek_1d0901	supplemental_speculative	medium
JOURNALS OF GERONTOLOGY SERIES A	2				1079-5006			1002	临床医学	100203	老年医学	user_supplied_deepseek_1d0901	supplemental_speculative	medium
TOXICOLOGICAL SCIENCES	3				1096-6080			1004	学科1004	100405	卫生毒理学	user_supplied_deepseek_1d0901	supplemental_speculative	medium
MILITARY MEDICINE	4				0026-4075			1004	学科1004	100406	军事预防医学	user_supplied_deepseek_1d0901	supplemental_speculative	medium
CHINESE JOURNAL OF INTEGRATIVE MEDICINE	4				1672-0415			1005	中医学	100505	中医诊断学	user_supplied_deepseek_1d0901	supplemental_speculative	medium
ACUPUNCTURE IN MEDICINE	4				0964-5284			1005	中医学	100512	针灸推拿学	user_supplied_deepseek_1d0901	supplemental_speculative	medium
JOURNAL OF STRATEGIC STUDIES	3				0140-2390			1101	学科1101	110101	军事思想及军事 军事思想	user_supplied_deepseek_1d0901	supplemental_speculative	medium
WAR IN HISTORY	3				0968-3445			1101	学科1101	110102	历史 军事历史	user_supplied_deepseek_1d0901	supplemental_speculative	medium
ARMED FORCES & SOCIETY	3				0095-327X			1102	战略学	110202	战争动员学	user_supplied_deepseek_1d0901	supplemental_speculative	medium
MILITARY OPERATIONS RESEARCH	4				1082-5983			1105	军队指挥学	110501	作战指挥学	user_supplied_deepseek_1d0901	supplemental_speculative	medium
INTELLIGENCE AND NATIONAL SECURITY	3				0268-4527			1105	军队指挥学	110504	军事情报学	user_supplied_deepseek_1d0901	supplemental_speculative	medium
JOURNAL OF CRYPTOLOGY	3				0933-2790			1105	军队指挥学	110505	密码学	user_supplied_deepseek_1d0901	supplemental_speculative	medium
MILITARY PSYCHOLOGY	4				0899-5605			1106	军制学	110602	军队管理学	user_supplied_deepseek_1d0901	supplemental_speculative	medium
INTERNATIONAL JOURNAL OF LOGISTICS MANAGEMENT	3				0957-4093			1108	学科1108	110801	学 军事后勤学	user_supplied_deepseek_1d0901	supplemental_speculative	medium
JOURNAL OF ACCOUNTING AND ECONOMICS	1				0165-4101			1202	工商管理	120201	会计学	user_supplied_deepseek_1d0901	supplemental_speculative	medium
ACCOUNTING ORGANIZATIONS AND SOCIETY	2	否			0361-3682	Elsevier		1202	工商管理	120201	会计学	manual_expert_review	manually_verified	high
ACCOUNTING REVIEW	2	否			0001-4826;1558-7967	American Accounting Association		1202	工商管理	120201	会计学	manual_expert_review	manually_verified	high
British Accounting Review	2	否			0890-8389;1095-8347	Elsevier		1202	工商管理	120201	会计学	manual_expert_review	manually_verified	high
Critical Perspectives on Accounting	1	是			1045-2354;1095-9955	Elsevier		1202	工商管理	120201	会计学	manual_expert_review	manually_verified	high
International Journal of Accounting Information Systems	2	否			1467-0895	Elsevier		1202	工商管理	120201	会计学	manual_expert_review	manually_verified	high
JOURNAL OF ACCOUNTING RESEARCH	1	是			0021-8456;1475-679X	Wiley (Blackwell Publishing)		1202	工商管理	120201	会计学	manual_expert_review	manually_verified	high
Management Accounting Research	2	否			1044-5005;1096-1224	Elsevier		1202	工商管理	120201	会计学	manual_expert_review	manually_verified	high
ECONOMICS OF EDUCATION REVIEW	3				0272-7757			1204	公共管理	120403	教育经济与管理	user_supplied_deepseek_1d0901	supplemental_speculative	medium
JOURNAL OF PENSION ECONOMICS & FINANCE	4				1474-7472			1204	公共管理	120404	社会保障	user_supplied_deepseek_1d0901	supplemental_speculative	medium
JOURNAL OF THE ASSOCIATION FOR INFORMATION SCIENCE AND TECHNOLOGY	3				2330-1635			1205	学科1205	120501	图书馆学	user_supplied_deepseek_1d0901	supplemental_speculative	medium
ARCHIVAL SCIENCE	3				1389-0166			1205	学科1205	120503	档案学	user_supplied_deepseek_1d0901	supplemental_speculative	medium
Agricultural Water Management	1	是			0378-3774	Elsevier		cas:0815	水利工程	081501	水文学及水资源	manual_expert_review	manually_verified	high
IRRIGATION SCIENCE	2	否			0342-7188;1432-1319			cas:0815	水利工程	081501	水文学及水资源	manual_expert_review	manually_verified	high
Journal of Hydrology	1	是			0022-1694	Elsevier		cas:0815	水利工程	081501	水文学及水资源	manual_source_verified	manually_verified	high
Water Resources Research	1	是			0043-1397;1944-7973	Wiley		cas:0815	水利工程	081501	水文学及水资源	manual_source_verified	manually_verified	high
Hydrological Processes	2	否			0885-6087	Wiley		cas:0815	水利工程	081501	水文学及水资源	manual_source_verified	manually_verified	high
Hydrology and Earth System Sciences	1	是			1607-7938	Copernicus Publications		cas:0815	水利工程	081501	水文学及水资源	manual_source_verified	manually_verified	high
ADVANCES IN WATER RESOURCES	2	否			0309-1708			cas:0815	水利工程	081503	水利工程 0815 水工结构工程	manual_expert_review	manually_verified	high
WATER RESOURCES RESEARCH	2	是			0043-1397;1944-7973			cas:0815	水利工程	081503	水利工程 0815 水工结构工程	manual_expert_review	manually_verified	high
WATER RESOURCES MANAGEMENT	2	否			0920-4741;1573-1650			cas:0815	水利工程	081504	水利水电工程	manual_expert_review	manually_verified	high
COASTAL ENGINEERING	2	否			0378-3839			cas:0815	水利工程	081505	港口、海岸及近海工程	manual_expert_review	manually_verified	high
COMPREHENSIVE REVIEWS IN FOOD SCIENCE AND FOOD SAFETY	1	是			1541-4337	Wiley (Blackwell Publishing)		cas:0832	食品科学与工程	083201	食品科学	manual_expert_review	manually_verified	high
CRITICAL REVIEWS IN FOOD SCIENCE AND NUTRITION	2	是			1040-8398;1549-7852	Informa UK (Taylor & Francis)		cas:0832	食品科学与工程	083201	食品科学	manual_expert_review	manually_verified	high
TRENDS IN FOOD SCIENCE & TECHNOLOGY	1	是			0924-2244			cas:0832	食品科学与工程	083201	食品科学	manual_expert_review	manually_verified	high
Annual Review of Food Science and Technology	1	是			1941-1413;1941-1421	Annual Reviews		cas:0832	食品科学与工程	083201	食品科学	manual_expert_review	manually_verified	high
Food Chemistry	1	是			0308-8146;1873-7072	Elsevier		cas:0832	食品科学与工程	083203	农产品加工及贮藏工程	manual_expert_review	manually_verified	high
Journal of Cereal Science	2	否			0733-5210;1095-9963			cas:0832	食品科学与工程	083202	粮食、油脂及植物蛋白工程	manual_expert_review	manually_verified	high
FOOD HYDROCOLLOIDS	1	是			0268-005X	Elsevier		cas:0832	食品科学与工程	083202	粮食、油脂及植物蛋白工程	manual_expert_review	manually_verified	high
JOURNAL OF AGRICULTURAL AND FOOD CHEMISTRY	1	是			0021-8561;1520-5118	American Chemical Society		cas:0832	食品科学与工程	083202	粮食、油脂及植物蛋白工程	manual_expert_review	manually_verified	high
FOOD RESEARCH INTERNATIONAL	1	是			0963-9969	Elsevier		cas:0832	食品科学与工程	083203	农产品加工及贮藏工程	manual_expert_review	manually_verified	high
JOURNAL OF FOOD ENGINEERING	2	是			0260-8774			cas:0832	食品科学与工程	083203	农产品加工及贮藏工程	manual_expert_review	manually_verified	high
Innovative Food Science & Emerging Technologies	1	是			1466-8564			cas:0832	食品科学与工程	083203	农产品加工及贮藏工程	manual_expert_review	manually_verified	high
LWT-FOOD SCIENCE AND TECHNOLOGY	1	是			0023-6438			cas:0832	食品科学与工程	083203	农产品加工及贮藏工程	manual_expert_review	manually_verified	high
FIELD CROPS RESEARCH	1	是			0378-4290	Elsevier		cas:0901	作物学	090101	作物栽培学与耕作学	manual_expert_review	manually_verified	high
EUROPEAN JOURNAL OF AGRONOMY	1	是			1161-0301	Elsevier		cas:0901	作物学	090101	作物栽培学与耕作学	manual_expert_review	manually_verified	high
Agronomy for Sustainable Development	1	是			1774-0746;1773-0155	Springer-Verlag		cas:0901	作物学	090101	作物栽培学与耕作学	manual_expert_review	manually_verified	high
Agronomy-Basel	2	否			2073-4395			cas:0901	作物学	090101	作物栽培学与耕作学	manual_expert_review	manually_verified	high
Crop Journal	1	是			2214-5141			cas:0901	作物学	090102	作物遗传育种	manual_expert_review	manually_verified	high
SOIL BIOLOGY & BIOCHEMISTRY	1	是			0038-0717			cas:0903	农业资源利用	090301	土壤学	manual_expert_review	manually_verified	high
SOIL & TILLAGE RESEARCH	1	是			0167-1987			cas:0903	农业资源利用	090301	土壤学	manual_expert_review	manually_verified	high
EUROPEAN JOURNAL OF SOIL SCIENCE	2	否			1351-0754;1365-2389			cas:0903	农业资源利用	090301	土壤学	manual_expert_review	manually_verified	high
PLANT AND SOIL	2	否			0032-079X;1573-5036			cas:0903	农业资源利用	090302	植物营养学	manual_expert_review	manually_verified	high
Horticulture Research	1	是			2662-6810;2052-7276	Oxford University Press		cas:0902	园艺学	090201	果树学	manual_expert_review	manually_verified	high
SCIENTIA HORTICULTURAE	2	否			0304-4238			cas:0902	园艺学	090202	园艺学 0902 蔬菜学	manual_expert_review	manually_verified	high
Annual Review of Phytopathology	1	是			0066-4286;1545-2107	Annual Reviews		cas:0904	植物保护	090401	植物病理学	manual_expert_review	manually_verified	high
MOLECULAR PLANT PATHOLOGY	1	是			1464-6722;1364-3703	Wiley (Blackwell Publishing)		cas:0904	植物保护	090401	植物病理学	manual_expert_review	manually_verified	high
PHYTOPATHOLOGY	2	否			0031-949X;0031-949X;1943-7684			cas:0904	植物保护	090401	植物病理学	manual_expert_review	manually_verified	high
Phytopathology Research	2	否			2524-4167			cas:0904	植物保护	090401	植物病理学	manual_expert_review	manually_verified	high
Annual Review of Entomology	1	是			0066-4170;1545-4487	Annual Reviews		cas:0904	植物保护	090402	植物保护 0904 农业昆虫与害虫防治	manual_expert_review	manually_verified	high
JOURNAL OF ECONOMIC ENTOMOLOGY	2	否			0022-0493;0022-0493;1938-291X			cas:0904	植物保护	090402	植物保护 0904 农业昆虫与害虫防治	manual_expert_review	manually_verified	high
ECOLOGICAL ENTOMOLOGY	2	否			0307-6946;1365-2311			cas:0904	植物保护	090402	植物保护 0904 农业昆虫与害虫防治	manual_expert_review	manually_verified	high
SYSTEMATIC ENTOMOLOGY	1	是			0307-6970;1365-3113	Wiley (Blackwell Publishing)		cas:0904	植物保护	090402	植物保护 0904 农业昆虫与害虫防治	manual_expert_review	manually_verified	high
ENTOMOLOGIA GENERALIS	1	是			0171-8177	Schweizerbart		cas:0904	植物保护	090402	植物保护 0904 农业昆虫与害虫防治	manual_expert_review	manually_verified	high
Pesticide Biochemistry and Physiology	1	是			0048-3575;1095-9939	Elsevier		cas:0904	植物保护	090403	农药学	manual_expert_review	manually_verified	high
JOURNAL OF ANIMAL SCIENCE	2	否			0021-8812;1525-3163			cas:0905	畜牧学	090501	动物遗传育种与繁殖	manual_expert_review	manually_verified	high
Journal of Animal Science and Biotechnology	1	是			2049-1891	Springer (Biomed Central Ltd.)		cas:0905	畜牧学	090502	动物营养与饲料科学	manual_expert_review	manually_verified	high
Animal Nutrition	1	是			2405-6545	Elsevier		cas:0905	畜牧学	090502	动物营养与饲料科学	manual_expert_review	manually_verified	high
VETERINARY PATHOLOGY	2	否			0300-9858;1544-2217			cas:0906	兽医学	090601	基础兽医学	manual_expert_review	manually_verified	high
VETERINARY RESEARCH	2	否			0928-4249;1297-9716			cas:0906	兽医学	090601	基础兽医学	manual_expert_review	manually_verified	high
PREVENTIVE VETERINARY MEDICINE	2	否			0167-5877			cas:0906	兽医学	090602	兽医学 0906 预防兽医学	manual_expert_review	manually_verified	high
VETERINARY MICROBIOLOGY	2	否			0378-1135			cas:0906	兽医学	090602	兽医学 0906 预防兽医学	manual_expert_review	manually_verified	high
JOURNAL OF VETERINARY INTERNAL MEDICINE	2	是			0891-6640;1939-1676			cas:0906	兽医学	090603	临床兽医学	manual_expert_review	manually_verified	high
VETERINARY JOURNAL	2	否			1090-0233			cas:0906	兽医学	090603	临床兽医学	manual_expert_review	manually_verified	high
VETERINARY SURGERY	2	否			0161-3499;1532-950X			cas:0906	兽医学	090603	临床兽医学	manual_expert_review	manually_verified	high
FOREST ECOLOGY AND MANAGEMENT	2	是			0378-1127;1872-7042			cas:0907	林学	090702	森林培育	manual_expert_review	manually_verified	high
FORESTRY	2	否			2090-892X			cas:0907	林学	090702	森林培育	manual_expert_review	manually_verified	high
EUROPEAN JOURNAL OF FOREST RESEARCH	2	否			1612-4669;1612-4677			cas:0907	林学	090703	森林保护学	manual_expert_review	manually_verified	high
JOURNAL OF FORESTRY RESEARCH	1	是			1007-662X;1993-0607	Springer-Verlag		cas:0907	林学	090703	森林保护学	manual_expert_review	manually_verified	high
Forest Ecosystems	1	是			2197-5620	Elsevier		cas:0907	林学	090704	林学 0907 森林经理学	manual_expert_review	manually_verified	high
Forest Policy and Economics	1	是			1389-9341	Elsevier		cas:0907	林学	090704	林学 0907 森林经理学	manual_expert_review	manually_verified	high
Reviews in Aquaculture	1	是			1753-5123;1753-5131	Wiley (Blackwell Publishing)		cas:0908	水产	090801	水产养殖	manual_expert_review	manually_verified	high
AQUACULTURE	2	是			0044-8486			cas:0908	水产	090801	水产养殖	manual_expert_review	manually_verified	high
Aquaculture Reports	2	否			2352-5134			cas:0908	水产	090801	水产养殖	manual_expert_review	manually_verified	high
AQUACULTURE NUTRITION	2	否			1353-5773;1365-2095			cas:0908	水产	090801	水产养殖	manual_expert_review	manually_verified	high
AQUACULTURE ECONOMICS & MANAGEMENT	2	否			1365-7305			cas:0908	水产	090801	水产养殖	manual_expert_review	manually_verified	high
Aquaculture Environment Interactions	2	否			1869-215X;1869-7534			cas:0908	水产	090801	水产养殖	manual_expert_review	manually_verified	high
FISHERIES RESEARCH	2	否			0165-7836			cas:0908	水产	090802	水产 0908 捕捞学	manual_expert_review	manually_verified	high
FISH AND FISHERIES	1	是			1467-2960;1467-2979	Wiley (Blackwell Publishing)		cas:0908	水产	090803	渔业资源	manual_expert_review	manually_verified	high
REVIEWS IN FISH BIOLOGY AND FISHERIES	1	是			0960-3166;1573-5184	Springer-Verlag		cas:0908	水产	090803	渔业资源	manual_expert_review	manually_verified	high
Reviews in Fisheries Science & Aquaculture	1	是			2330-8249			cas:0908	水产	090803	渔业资源	manual_expert_review	manually_verified	high
BIOGEOCHEMISTRY	2	否			0168-2563;1573-515X;1572-9729			0709	地质学	070902	地球化学	journal_title_gap_fill:geochem|biogeochem	speculative	medium
Dialogues in Human Geography	1	是			2043-8206;2043-8214	SAGE Publications		0705	地理学	070502	地理学 0705 人文地理学	journal_title_gap_fill:human geography|urban geography|regional science|population geography	speculative	medium
Geochemical Perspectives Letters	2	否			2410-339X;2410-3403			0709	地质学	070902	地球化学	journal_title_gap_fill:geochem|biogeochem	speculative	medium
GEOCHEMISTRY GEOPHYSICS GEOSYSTEMS	2	否			1525-2027;1525-2027			0709	地质学	070902	地球化学	journal_title_gap_fill:geochem|biogeochem	speculative	medium
GLOBAL BIOGEOCHEMICAL CYCLES	1	是			0886-6236;1944-9224	American Geophysical Union		0709	地质学	070902	地球化学	journal_title_gap_fill:geochem|biogeochem	speculative	medium
JOURNAL OF GEOPHYSICAL RESEARCH-SPACE PHYSICS	2	否			2169-9380;2169-9402			0708	地球物理学	070802	空间物理学	journal_title_gap_fill:space physics|ionosphere|magnetosphere	speculative	medium
Journal of Management Science and Engineering	2	否			2096-2320			1201	管理科学与工程	120100	管理科学与工程 1201 ☆管理科学与工程	journal_title_gap_fill:management science|operations management	speculative	medium
JOURNAL OF MATERIALS PROCESSING TECHNOLOGY	1	是			0924-0136	Elsevier		0805	学科0805	080503	材料加工工程	journal_title_gap_fill:materials processing|material processing|metal forming	speculative	medium
JOURNAL OF OPERATIONS MANAGEMENT	2	否			0272-6963;1873-1317			1201	管理科学与工程	120100	管理科学与工程 1201 ☆管理科学与工程	journal_title_gap_fill:management science|operations management	speculative	medium
JOURNAL OF REGIONAL SCIENCE	2	否			0022-4146;1467-9787			0705	地理学	070502	地理学 0705 人文地理学	journal_title_gap_fill:human geography|urban geography|regional science|population geography	speculative	medium
LAND DEGRADATION & DEVELOPMENT	2	否						0907	林学	090707	水土保持与荒漠化防治	journal_title_gap_fill:land degradation|desertification|soil conservation	speculative	medium
MANAGEMENT SCIENCE	2	否			0025-1909;1526-5501			1201	管理科学与工程	120100	管理科学与工程 1201 ☆管理科学与工程	journal_title_gap_fill:management science|operations management	speculative	medium
OMEGA-INTERNATIONAL JOURNAL OF MANAGEMENT SCIENCE	2	否						1201	管理科学与工程	120100	管理科学与工程 1201 ☆管理科学与工程	journal_title_gap_fill:management science|operations management	speculative	medium
PROGRESS IN HUMAN GEOGRAPHY	1	是			0309-1325;1477-0288	SAGE Publications		0705	地理学	070502	地理学 0705 人文地理学	journal_title_gap_fill:human geography|urban geography|regional science|population geography	speculative	medium
REGIONAL SCIENCE AND URBAN ECONOMICS	2	是			0166-0462	Elsevier		0705	地理学	070502	地理学 0705 人文地理学	journal_title_gap_fill:human geography|urban geography|regional science|population geography	speculative	medium
URBAN GEOGRAPHY	1	是			0272-3638;1938-2847	Informa UK (Taylor & Francis)		0705	地理学	070502	地理学 0705 人文地理学	journal_title_gap_fill:human geography|urban geography|regional science|population geography	speculative	medium
Journal of Climate	1	是			0894-8755	American Meteorological Society		cas:0706	大气科学	070601	气象学	manual_expert_review	manually_verified	high
Bulletin of the American Meteorological Society	1	是			0003-0007	American Meteorological Society		cas:0706	大气科学	070601	气象学	manual_expert_review	manually_verified	high
Journal of the Atmospheric Sciences	1	是			0022-4928	American Meteorological Society		cas:0706	大气科学	070601	气象学	manual_expert_review	manually_verified	high
Journal of Hydrometeorology	1	否			1525-755X	American Meteorological Society		cas:0706	大气科学	070601	气象学	manual_expert_review	manually_verified	high
Atmospheric Research	1	否			0169-8095	Elsevier		cas:0706	大气科学	070601	气象学	manual_expert_review	manually_verified	high
Monthly Weather Review	2	否			0027-0644	American Meteorological Society		cas:0706	大气科学	070601	气象学	manual_expert_review	manually_verified	high
Quarterly Journal of the Royal Meteorological Society	2	否			0035-9009	Wiley		cas:0706	大气科学	070601	气象学	manual_expert_review	manually_verified	high
Weather and Forecasting	2	否			0882-8156	American Meteorological Society		cas:0706	大气科学	070601	气象学	manual_expert_review	manually_verified	high
Journal of Applied Meteorology and Climatology	2	否			1558-8424	American Meteorological Society		cas:0706	大气科学	070601	气象学	manual_expert_review	manually_verified	high
Advances in Atmospheric Sciences	2	否			0256-1530	Springer		cas:0706	大气科学	070601	气象学	manual_expert_review	manually_verified	high
Atmospheric Environment	1	否			1352-2310	Elsevier		cas:0706	大气科学	070602	大气物理学与大气环境	manual_expert_review	manually_verified	high
Journal of Geophysical Research: Atmospheres	1	否			2169-897X	American Geophysical Union		cas:0706	大气科学	070602	大气物理学与大气环境	manual_expert_review	manually_verified	high
Atmospheric Research	1	否			0169-8095	Elsevier		cas:0706	大气科学	070602	大气物理学与大气环境	manual_expert_review	manually_verified	high
Journal of the Atmospheric Sciences	1	是			0022-4928	American Meteorological Society		cas:0706	大气科学	070602	大气物理学与大气环境	manual_expert_review	manually_verified	high
Ethics	1	是			0014-1704			cas:0101	哲学	010105	伦理学	manual_source_verified	manually_verified	high
Journal of Medical Ethics	1	是			0306-6800			cas:0101	哲学	010105	伦理学	manual_source_verified	manually_verified	high
Business Ethics Quarterly	1	是			1052-150X			cas:0101	哲学	010105	伦理学	manual_source_verified	manually_verified	high
Journal of Business Ethics	1	是			0167-4544			cas:0101	哲学	010105	伦理学	manual_source_verified	manually_verified	high
Philosophy &amp Public Affairs	1	是			0048-3915			cas:0101	哲学	010105	伦理学	manual_source_verified	manually_verified	high
Bioethics	1	是			0269-9702			cas:0101	哲学	010105	伦理学	manual_source_verified	manually_verified	high
The American Journal of Bioethics	1	是			1526-5161			cas:0101	哲学	010105	伦理学	manual_source_verified	manually_verified	high
Environmental Ethics	2	否			0163-4275			cas:0101	哲学	010105	伦理学	manual_source_verified	manually_verified	high
Journal of Moral Philosophy	1	是			1740-4681			cas:0101	哲学	010105	伦理学	manual_source_verified	manually_verified	high
Ethical Theory and Moral Practice	1	是			1386-2820			cas:0101	哲学	010105	伦理学	manual_source_verified	manually_verified	high
Philosophy of Science	1	是			0031-8248			cas:0101	哲学	010108	科学技术哲学	manual_source_verified	manually_verified	high
The British Journal for the Philosophy of Science	1	是			0007-0882			cas:0101	哲学	010108	科学技术哲学	manual_source_verified	manually_verified	high
Studies in History and Philosophy of Science Part A	1	是			0039-3681			cas:0101	哲学	010108	科学技术哲学	manual_source_verified	manually_verified	high
Synthese	1	是			0039-7857			cas:0101	哲学	010108	科学技术哲学	manual_source_verified	manually_verified	high
Erkenntnis	1	是			0165-0106			cas:0101	哲学	010108	科学技术哲学	manual_source_verified	manually_verified	high
European Journal for Philosophy of Science	1	是			1879-4912			cas:0101	哲学	010108	科学技术哲学	manual_source_verified	manually_verified	high
Journal for General Philosophy of Science	2	否			0925-4560			cas:0101	哲学	010108	科学技术哲学	manual_source_verified	manually_verified	high
Philosophy & Technology	1	是			2210-5433			cas:0101	哲学	010108	科学技术哲学	manual_source_verified	manually_verified	high
Science & Education	1	是			0926-7220			cas:0101	哲学	010108	科学技术哲学	manual_source_verified	manually_verified	high
Social Studies of Science	1	是			0306-3127			cas:0101	哲学	010108	科学技术哲学	manual_source_verified	manually_verified	high
Journal of Philosophical Logic	1	是			0022-3611			cas:0101	哲学	010104	逻辑学	manual_source_verified	manually_verified	high
Annals of Pure and Applied Logic	1	是			0168-0072			cas:0101	哲学	010104	逻辑学	manual_source_verified	manually_verified	high
The Review of Symbolic Logic	1	是			1755-0203			cas:0101	哲学	010104	逻辑学	manual_source_verified	manually_verified	high
Studia Logica	1	是			0039-3215			cas:0101	哲学	010104	逻辑学	manual_source_verified	manually_verified	high
Logic Journal of IGPL	2	否			1367-0751			cas:0101	哲学	010104	逻辑学	manual_source_verified	manually_verified	high
Notre Dame Journal of Formal Logic	2	否			0029-4527			cas:0101	哲学	010104	逻辑学	manual_source_verified	manually_verified	high
Archive for Mathematical Logic	2	否			0933-5846			cas:0101	哲学	010104	逻辑学	manual_source_verified	manually_verified	high
Mathematical Logic Quarterly	2	否			0942-5616			cas:0101	哲学	010104	逻辑学	manual_source_verified	manually_verified	high
Journal of Logic and Computation	2	否			0955-792X			cas:0101	哲学	010104	逻辑学	manual_source_verified	manually_verified	high
Bulletin of Symbolic Logic	2	否			1079-8986			cas:0101	哲学	010104	逻辑学	manual_source_verified	manually_verified	high
The Philosophical Review	1	是			0031-8108			cas:0101	哲学	010103	外国哲学	manual_source_verified	manually_verified	high
Mind	1	是			0026-4423			cas:0101	哲学	010103	外国哲学	manual_source_verified	manually_verified	high
The Journal of Philosophy	1	是			0022-362X			cas:0101	哲学	010103	外国哲学	manual_source_verified	manually_verified	high
Noûs	1	是			0029-4624			cas:0101	哲学	010103	外国哲学	manual_source_verified	manually_verified	high
Philosophy and Phenomenological Research	1	是			0031-8205			cas:0101	哲学	010103	外国哲学	manual_source_verified	manually_verified	high
Ethics	1	是			0014-1704			cas:0101	哲学	010103	外国哲学	manual_source_verified	manually_verified	high
The British Journal for the Philosophy of Science	1	是			0007-0882			cas:0101	哲学	010103	外国哲学	manual_source_verified	manually_verified	high
The Philosophical Quarterly	1	是			0031-8094			cas:0101	哲学	010103	外国哲学	manual_source_verified	manually_verified	high
European Journal of Philosophy	1	是			0966-8373			cas:0101	哲学	010103	外国哲学	manual_source_verified	manually_verified	high
Kantian Review	2	否			1369-4154			cas:0101	哲学	010103	外国哲学	manual_source_verified	manually_verified	high
Philosophy &amp Public Affairs	1	是			0048-3915			cas:0101	哲学	010101	马克思主义哲学	manual_source_verified	manually_verified	high
European Journal of Philosophy	1	是			0966-8373			cas:0101	哲学	010101	马克思主义哲学	manual_source_verified	manually_verified	high
Journal of the History of Philosophy	1	是			1538-4586			cas:0101	哲学	010101	马克思主义哲学	manual_source_verified	manually_verified	high
British Journal for the History of Philosophy	1	是			0960-8788			cas:0101	哲学	010101	马克思主义哲学	manual_source_verified	manually_verified	high
Mind	1	是			0026-4423			cas:0101	哲学	010101	马克思主义哲学	manual_source_verified	manually_verified	high
The Philosophical Review	1	是			0031-8108			cas:0101	哲学	010101	马克思主义哲学	manual_source_verified	manually_verified	high
Philosophy and Phenomenological Research	1	是			0031-8205			cas:0101	哲学	010101	马克思主义哲学	manual_source_verified	manually_verified	high
Critical Review	2	否			0891-3811			cas:0101	哲学	010101	马克思主义哲学	manual_source_verified	manually_verified	high
Constellations	1	是			1351-0487			cas:0101	哲学	010101	马克思主义哲学	manual_source_verified	manually_verified	high
Thesis Eleven	2	否			0725-5136			cas:0101	哲学	010101	马克思主义哲学	manual_source_verified	manually_verified	high
Philosophy East and West	1	是			0031-8221			cas:0101	哲学	010102	中国哲学	manual_source_verified	manually_verified	high
Journal of Chinese Philosophy	1	是			0301-8121			cas:0101	哲学	010102	中国哲学	manual_source_verified	manually_verified	high
Dao	1	是			1540-3009			cas:0101	哲学	010102	中国哲学	manual_source_verified	manually_verified	high
Asian Philosophy	1	是			0955-2367			cas:0101	哲学	010102	中国哲学	manual_source_verified	manually_verified	high
Philosophy Compass	1	是			1747-9991			cas:0101	哲学	010102	中国哲学	manual_source_verified	manually_verified	high
British Journal for the History of Philosophy	1	是			0960-8788			cas:0101	哲学	010102	中国哲学	manual_source_verified	manually_verified	high
Journal of the History of Philosophy	1	是			1538-4586			cas:0101	哲学	010102	中国哲学	manual_source_verified	manually_verified	high
Religions	1	是			2077-1444			cas:0101	哲学	010102	中国哲学	manual_source_verified	manually_verified	high
Frontiers of Philosophy in China	2	否			1673-3436			cas:0101	哲学	010102	中国哲学	manual_source_verified	manually_verified	high
Comparative and Continental Philosophy	2	否			1757-0638			cas:0101	哲学	010102	中国哲学	manual_source_verified	manually_verified	high
Journal of Aesthetics and Art Criticism	1	是			0021-8529			cas:0101	哲学	010106	美学	manual_source_verified	manually_verified	high
The British Journal of Aesthetics	1	是			0007-0904			cas:0101	哲学	010106	美学	manual_source_verified	manually_verified	high
Philosophy and Phenomenological Research	1	是			0031-8205			cas:0101	哲学	010106	美学	manual_source_verified	manually_verified	high
Mind	1	是			0026-4423			cas:0101	哲学	010106	美学	manual_source_verified	manually_verified	high
The Philosophical Quarterly	1	是			0031-8094			cas:0101	哲学	010106	美学	manual_source_verified	manually_verified	high
European Journal of Philosophy	1	是			0966-8373			cas:0101	哲学	010106	美学	manual_source_verified	manually_verified	high
Australasian Journal of Philosophy	1	是			0004-8402			cas:0101	哲学	010106	美学	manual_source_verified	manually_verified	high
The Philosophical Review	1	是			0031-8108			cas:0101	哲学	010106	美学	manual_source_verified	manually_verified	high
Journal of Aesthetic Education	2	否			0021-8510			cas:0101	哲学	010106	美学	manual_source_verified	manually_verified	high
Contemporary Aesthetics	2	否			1932-8478			cas:0101	哲学	010106	美学	manual_source_verified	manually_verified	high
Sociology of Religion	1	是			1069-4404			cas:0101	哲学	010107	宗教学	manual_source_verified	manually_verified	high
Religious Studies	1	是			0034-4125			cas:0101	哲学	010107	宗教学	manual_source_verified	manually_verified	high
International Journal for Philosophy of Religion	1	是			0020-7047			cas:0101	哲学	010107	宗教学	manual_source_verified	manually_verified	high
Journal of the American Academy of Religion	1	是			0002-7189			cas:0101	哲学	010107	宗教学	manual_source_verified	manually_verified	high
Numen	1	是			0029-5973			cas:0101	哲学	010107	宗教学	manual_source_verified	manually_verified	high
Religion	1	是			0048-721X			cas:0101	哲学	010107	宗教学	manual_source_verified	manually_verified	high
Method & Theory in the Study of Religion	1	是			0943-3058			cas:0101	哲学	010107	宗教学	manual_source_verified	manually_verified	high
Journal of Contemporary Religion	1	是			1353-7903			cas:0101	哲学	010107	宗教学	manual_source_verified	manually_verified	high
Review of Religious Research	2	否			0034-673X			cas:0101	哲学	010107	宗教学	manual_source_verified	manually_verified	high
Religion Brain & Behavior	1	是			2153-599X			cas:0101	哲学	010107	宗教学	manual_source_verified	manually_verified	high
American Economic Review	1	是			0002-8282			cas:0201	理论经济学	020101	政治经济学	manual_source_verified	manually_verified	high
The Quarterly Journal of Economics	1	是			0033-5533			cas:0201	理论经济学	020101	政治经济学	manual_source_verified	manually_verified	high
The Review of Economic Studies	1	是			0034-6527			cas:0201	理论经济学	020101	政治经济学	manual_source_verified	manually_verified	high
Econometrica	1	是			0012-9682			cas:0201	理论经济学	020101	政治经济学	manual_source_verified	manually_verified	high
Journal of Economic Literature	1	是			0022-0515			cas:0201	理论经济学	020101	政治经济学	manual_source_verified	manually_verified	high
Review of Radical Political Economics	2	否			0486-6134			cas:0201	理论经济学	020101	政治经济学	manual_source_verified	manually_verified	high
Cambridge Journal of Economics	1	是			0309-166X			cas:0201	理论经济学	020101	政治经济学	manual_source_verified	manually_verified	high
New Left Review	1	是			0028-6060			cas:0201	理论经济学	020101	政治经济学	manual_source_verified	manually_verified	high
Politics & Society	1	是			0032-3292			cas:0201	理论经济学	020101	政治经济学	manual_source_verified	manually_verified	high
Journal of Economic Perspectives	1	是			0895-3309			cas:0201	理论经济学	020101	政治经济学	manual_source_verified	manually_verified	high
The Journal of Economic History	1	是			0022-0507			cas:0201	理论经济学	020103	经济史	manual_source_verified	manually_verified	high
Explorations in Economic History	1	是			0014-4983			cas:0201	理论经济学	020103	经济史	manual_source_verified	manually_verified	high
The Economic History Review	1	是			0013-0117			cas:0201	理论经济学	020103	经济史	manual_source_verified	manually_verified	high
European Review of Economic History	1	是			1361-4916			cas:0201	理论经济学	020103	经济史	manual_source_verified	manually_verified	high
Cliometrica	1	是			1863-2505			cas:0201	理论经济学	020103	经济史	manual_source_verified	manually_verified	high
Australian Economic History Review	2	否			0004-8992			cas:0201	理论经济学	020103	经济史	manual_source_verified	manually_verified	high
Financial History Review	2	否			0968-5650			cas:0201	理论经济学	020103	经济史	manual_source_verified	manually_verified	high
The Business History Review	2	否			0007-6805			cas:0201	理论经济学	020103	经济史	manual_source_verified	manually_verified	high
Enterprise & Society	2	否			1467-2227			cas:0201	理论经济学	020103	经济史	manual_source_verified	manually_verified	high
Scandinavian Economic History Review	2	否			0358-5522			cas:0201	理论经济学	020103	经济史	manual_source_verified	manually_verified	high
Journal of Political Economy	1	是			0022-3808			cas:0201	理论经济学	020104	西方经济学	manual_source_verified	manually_verified	high
The Quarterly Journal of Economics	1	是			0033-5533			cas:0201	理论经济学	020104	西方经济学	manual_source_verified	manually_verified	high
American Economic Review	1	是			0002-8282			cas:0201	理论经济学	020104	西方经济学	manual_source_verified	manually_verified	high
Econometrica	1	是			0012-9682			cas:0201	理论经济学	020104	西方经济学	manual_source_verified	manually_verified	high
The Review of Economic Studies	1	是			0034-6527			cas:0201	理论经济学	020104	西方经济学	manual_source_verified	manually_verified	high
Journal of Economic Literature	1	是			0022-0515			cas:0201	理论经济学	020104	西方经济学	manual_source_verified	manually_verified	high
Journal of Economic Perspectives	1	是			0895-3309			cas:0201	理论经济学	020104	西方经济学	manual_source_verified	manually_verified	high
The Review of Economics and Statistics	1	是			0034-6535			cas:0201	理论经济学	020104	西方经济学	manual_source_verified	manually_verified	high
European Economic Review	1	是			0014-2921			cas:0201	理论经济学	020104	西方经济学	manual_source_verified	manually_verified	high
International Economic Review	1	是			0020-6598			cas:0201	理论经济学	020104	西方经济学	manual_source_verified	manually_verified	high
Journal of Political Economy	1	是			0022-3808			cas:0202	应用经济学	020201	国民经济学	manual_source_verified	manually_verified	high
American Economic Review	1	是			0002-8282			cas:0202	应用经济学	020201	国民经济学	manual_source_verified	manually_verified	high
The Quarterly Journal of Economics	1	是			0033-5533			cas:0202	应用经济学	020201	国民经济学	manual_source_verified	manually_verified	high
The Review of Economic Studies	1	是			0034-6527			cas:0202	应用经济学	020201	国民经济学	manual_source_verified	manually_verified	high
Econometrica	1	是			0012-9682			cas:0202	应用经济学	020201	国民经济学	manual_source_verified	manually_verified	high
The Review of Economics and Statistics	1	是			0034-6535			cas:0202	应用经济学	020201	国民经济学	manual_source_verified	manually_verified	high
Journal of Monetary Economics	1	是			0304-3932			cas:0202	应用经济学	020201	国民经济学	manual_source_verified	manually_verified	high
Journal of Public Economics	1	是			0047-2727			cas:0202	应用经济学	020201	国民经济学	manual_source_verified	manually_verified	high
European Economic Review	1	是			0014-2921			cas:0202	应用经济学	020201	国民经济学	manual_source_verified	manually_verified	high
Journal of Development Economics	1	是			0304-3878			cas:0202	应用经济学	020201	国民经济学	manual_source_verified	manually_verified	high
Journal of Urban Economics	1	是			0094-1190			cas:0202	应用经济学	020202	区域经济学	manual_source_verified	manually_verified	high
Regional Science and Urban Economics	1	是			0166-0462			cas:0202	应用经济学	020202	区域经济学	manual_source_verified	manually_verified	high
Regional Studies	1	是			0034-3404			cas:0202	应用经济学	020202	区域经济学	manual_source_verified	manually_verified	high
Papers of the Regional Science Association	1	是			1056-8190			cas:0202	应用经济学	020202	区域经济学	manual_source_verified	manually_verified	high
Spatial Economic Analysis	1	是			1742-1772			cas:0202	应用经济学	020202	区域经济学	manual_source_verified	manually_verified	high
The Annals of Regional Science	2	否			0570-1864			cas:0202	应用经济学	020202	区域经济学	manual_source_verified	manually_verified	high
International Regional Science Review	1	是			0160-0176			cas:0202	应用经济学	020202	区域经济学	manual_source_verified	manually_verified	high
Economic Geography	1	是			0013-0095			cas:0202	应用经济学	020202	区域经济学	manual_source_verified	manually_verified	high
Environment and Planning A Economy and Space	1	是			0308-518X			cas:0202	应用经济学	020202	区域经济学	manual_source_verified	manually_verified	high
Journal of Economic Geography	1	是			1468-2702			cas:0202	应用经济学	020202	区域经济学	manual_source_verified	manually_verified	high
Journal of International Money and Finance	1	是			0261-5606			cas:0201	理论经济学	020105	世界经济	manual_source_verified	manually_verified	high
International Economic Review	1	是			0020-6598			cas:0201	理论经济学	020105	世界经济	manual_source_verified	manually_verified	high
World Development	1	是			0305-750X			cas:0201	理论经济学	020105	世界经济	manual_source_verified	manually_verified	high
Journal of Development Economics	1	是			0304-3878			cas:0201	理论经济学	020105	世界经济	manual_source_verified	manually_verified	high
Review of International Economics	2	否			0965-7576			cas:0201	理论经济学	020105	世界经济	manual_source_verified	manually_verified	high
World Economy	2	否			0378-5920			cas:0201	理论经济学	020105	世界经济	manual_source_verified	manually_verified	high
Open Economies Review	2	否			0923-7992			cas:0201	理论经济学	020105	世界经济	manual_source_verified	manually_verified	high
International Review of Economics & Finance	2	否			1059-0560			cas:0201	理论经济学	020105	世界经济	manual_source_verified	manually_verified	high
Journal of the Japanese and International Economies	2	否			0889-1583			cas:0201	理论经济学	020105	世界经济	manual_source_verified	manually_verified	high
International Journal of Finance & Economics	2	否			1076-9307			cas:0201	理论经济学	020105	世界经济	manual_source_verified	manually_verified	high
Environmental and Resource Economics	1	是			0924-6460			cas:0201	理论经济学	020106	人口、资源与环境经济学	manual_source_verified	manually_verified	high
Resource and Energy Economics	1	是			0928-7655			cas:0201	理论经济学	020106	人口、资源与环境经济学	manual_source_verified	manually_verified	high
Energy Economics	1	是			0140-9883			cas:0201	理论经济学	020106	人口、资源与环境经济学	manual_source_verified	manually_verified	high
Ecological Economics	1	是			0921-8009			cas:0201	理论经济学	020106	人口、资源与环境经济学	manual_source_verified	manually_verified	high
Population and Development Review	1	是			0098-7921			cas:0201	理论经济学	020106	人口、资源与环境经济学	manual_source_verified	manually_verified	high
Journal of Population Economics	1	是			0933-1433			cas:0201	理论经济学	020106	人口、资源与环境经济学	manual_source_verified	manually_verified	high
Demography	1	是			0070-3370			cas:0201	理论经济学	020106	人口、资源与环境经济学	manual_source_verified	manually_verified	high
Population Studies	1	是			0032-4728			cas:0201	理论经济学	020106	人口、资源与环境经济学	manual_source_verified	manually_verified	high
Land Economics	1	是			0023-7639			cas:0201	理论经济学	020106	人口、资源与环境经济学	manual_source_verified	manually_verified	high
American Journal of Agricultural Economics	1	是			0002-9092			cas:0201	理论经济学	020106	人口、资源与环境经济学	manual_source_verified	manually_verified	high
Journal of the History of Economic Thought	1	是			1053-8372			cas:0201	理论经济学	020102	经济思想史	manual_source_verified	manually_verified	high
European Journal of the History of Economic Thought	1	是			0967-2567			cas:0201	理论经济学	020102	经济思想史	manual_source_verified	manually_verified	high
Journal of Economic Methodology	1	是			1350-178X			cas:0201	理论经济学	020102	经济思想史	manual_source_verified	manually_verified	high
Cambridge Journal of Economics	1	是			0309-166X			cas:0201	理论经济学	020102	经济思想史	manual_source_verified	manually_verified	high
Journal of Institutional Economics	1	是			1744-1374			cas:0201	理论经济学	020102	经济思想史	manual_source_verified	manually_verified	high
Review of Political Economy	2	否			0953-8259			cas:0201	理论经济学	020102	经济思想史	manual_source_verified	manually_verified	high
Contributions to Political Economy	2	否			0277-5921			cas:0201	理论经济学	020102	经济思想史	manual_source_verified	manually_verified	high
HISTORY OF ECONOMIC THOUGHT AND POLICY	3	否			2240-9971			cas:0201	理论经济学	020102	经济思想史	manual_source_verified	manually_verified	high
History of Economics Review	3	否			1037-0196			cas:0201	理论经济学	020102	经济思想史	manual_source_verified	manually_verified	high
National Tax Journal	1	是			0028-0283			cas:0202	应用经济学	020203	财政学	manual_source_verified	manually_verified	high
Public Finance Review	2	否			1091-1421			cas:0202	应用经济学	020203	财政学	manual_source_verified	manually_verified	high
International Tax and Public Finance	1	是			0927-5940			cas:0202	应用经济学	020203	财政学	manual_source_verified	manually_verified	high
Fiscal Studies	1	是			0143-5671			cas:0202	应用经济学	020203	财政学	manual_source_verified	manually_verified	high
Journal of Public Economic Theory	2	否			1097-3923			cas:0202	应用经济学	020203	财政学	manual_source_verified	manually_verified	high
Public Choice	1	是			0048-5829			cas:0202	应用经济学	020203	财政学	manual_source_verified	manually_verified	high
Journal of Public Finance and Public Choice	3	否			2515-6918			cas:0202	应用经济学	020203	财政学	manual_source_verified	manually_verified	high
Public Budgeting &amp Finance	2	否			0275-1100			cas:0202	应用经济学	020203	财政学	manual_source_verified	manually_verified	high
European Journal of Political Economy	1	是			0176-2680			cas:0202	应用经济学	020203	财政学	manual_source_verified	manually_verified	high
Journal of Tax Reform	2	否			2412-8872			cas:0202	应用经济学	020203	财政学	manual_source_verified	manually_verified	high
Journal of Industrial Economics	1	是			0022-1821			cas:0202	应用经济学	020205	产业经济学	manual_source_verified	manually_verified	high
The RAND Journal of Economics	1	是			0741-6261			cas:0202	应用经济学	020205	产业经济学	manual_source_verified	manually_verified	high
International Journal of Industrial Organization	1	是			0167-7187			cas:0202	应用经济学	020205	产业经济学	manual_source_verified	manually_verified	high
Review of Industrial Organization	1	是			0889-938X			cas:0202	应用经济学	020205	产业经济学	manual_source_verified	manually_verified	high
Journal of Economics & Management Strategy	1	是			1058-6407			cas:0202	应用经济学	020205	产业经济学	manual_source_verified	manually_verified	high
Industrial and Corporate Change	1	是			0960-6491			cas:0202	应用经济学	020205	产业经济学	manual_source_verified	manually_verified	high
Journal of Regulatory Economics	1	是			0922-680X			cas:0202	应用经济学	020205	产业经济学	manual_source_verified	manually_verified	high
Journal of Competition Law & Economics	1	是			1744-6414			cas:0202	应用经济学	020205	产业经济学	manual_source_verified	manually_verified	high
Information Economics and Policy	1	是			0167-6245			cas:0202	应用经济学	020205	产业经济学	manual_source_verified	manually_verified	high
Journal of Media Economics	2	否			0899-7764			cas:0202	应用经济学	020205	产业经济学	manual_source_verified	manually_verified	high
The Journal of Finance	1	是			0022-1082			cas:0202	应用经济学	020204	金融学	manual_source_verified	manually_verified	high
Journal of Financial Economics	1	是			0304-405X			cas:0202	应用经济学	020204	金融学	manual_source_verified	manually_verified	high
Review of Financial Studies	1	是			0893-9454			cas:0202	应用经济学	020204	金融学	manual_source_verified	manually_verified	high
Journal of Financial and Quantitative Analysis	1	是			0022-1090			cas:0202	应用经济学	020204	金融学	manual_source_verified	manually_verified	high
Review of Finance	1	是			1572-3097			cas:0202	应用经济学	020204	金融学	manual_source_verified	manually_verified	high
Journal of Banking & Finance	1	是			0378-4266			cas:0202	应用经济学	020204	金融学	manual_source_verified	manually_verified	high
Journal of Corporate Finance	1	是			0929-1199			cas:0202	应用经济学	020204	金融学	manual_source_verified	manually_verified	high
Journal of Financial Intermediation	1	是			1042-9573			cas:0202	应用经济学	020204	金融学	manual_source_verified	manually_verified	high
Financial Management	1	是			0046-3892			cas:0202	应用经济学	020204	金融学	manual_source_verified	manually_verified	high
Journal of Empirical Finance	1	是			0927-5398			cas:0202	应用经济学	020204	金融学	manual_source_verified	manually_verified	high
Journal of International Business Studies	1	是			0047-2506			cas:0202	应用经济学	020206	国际贸易学	manual_source_verified	manually_verified	high
World Economy	1	是			0378-5920			cas:0202	应用经济学	020206	国际贸易学	manual_source_verified	manually_verified	high
Review of International Economics	2	否			0965-7576			cas:0202	应用经济学	020206	国际贸易学	manual_source_verified	manually_verified	high
International Economic Review	1	是			0020-6598			cas:0202	应用经济学	020206	国际贸易学	manual_source_verified	manually_verified	high
Journal of World Trade	2	否			1011-6702			cas:0202	应用经济学	020206	国际贸易学	manual_source_verified	manually_verified	high
World Trade Review	1	是			1474-7456			cas:0202	应用经济学	020206	国际贸易学	manual_source_verified	manually_verified	high
The International Trade Journal	3	否			0885-3908			cas:0202	应用经济学	020206	国际贸易学	manual_source_verified	manually_verified	high
Journal of International Trade & Economic Development	2	否			0963-8199			cas:0202	应用经济学	020206	国际贸易学	manual_source_verified	manually_verified	high
Global Economy Journal	3	否			2194-5659			cas:0202	应用经济学	020206	国际贸易学	manual_source_verified	manually_verified	high
International Economics	2	否			2110-7017			cas:0202	应用经济学	020206	国际贸易学	manual_source_verified	manually_verified	high
Journal of Business and Economic Statistics	1	是			0735-0015			cas:0202	应用经济学	020208	统计学	manual_source_verified	manually_verified	high
Journal of the Royal Statistical Society Series B Statistical Methodology	1	是			1369-7412			cas:0202	应用经济学	020208	统计学	manual_source_verified	manually_verified	high
The Annals of Statistics	1	是			0090-5364			cas:0202	应用经济学	020208	统计学	manual_source_verified	manually_verified	high
Journal of the American Statistical Association	1	是			0162-1459			cas:0202	应用经济学	020208	统计学	manual_source_verified	manually_verified	high
Biometrika	1	是			0006-3444			cas:0202	应用经济学	020208	统计学	manual_source_verified	manually_verified	high
Econometrica	1	是			0012-9682			cas:0202	应用经济学	020208	统计学	manual_source_verified	manually_verified	high
Journal of Econometrics	1	是			0304-4076			cas:0202	应用经济学	020208	统计学	manual_source_verified	manually_verified	high
Econometric Theory	1	是			0266-4666			cas:0202	应用经济学	020208	统计学	manual_source_verified	manually_verified	high
Journal of Applied Econometrics	1	是			0883-7252			cas:0202	应用经济学	020208	统计学	manual_source_verified	manually_verified	high
Statistical Science	1	是			0883-4237			cas:0202	应用经济学	020208	统计学	manual_source_verified	manually_verified	high
The Journal of Human Resources	1	是			0022-166X			cas:0202	应用经济学	020207	劳动经济学	manual_source_verified	manually_verified	high
ILR Review	1	是			0019-7939			cas:0202	应用经济学	020207	劳动经济学	manual_source_verified	manually_verified	high
Labour Economics	1	是			0927-5371			cas:0202	应用经济学	020207	劳动经济学	manual_source_verified	manually_verified	high
British Journal of Industrial Relations	1	是			0007-1080			cas:0202	应用经济学	020207	劳动经济学	manual_source_verified	manually_verified	high
Industrial Relations A Journal of Economy and Society	1	是			0019-8676			cas:0202	应用经济学	020207	劳动经济学	manual_source_verified	manually_verified	high
Journal of Population Economics	1	是			0933-1433			cas:0202	应用经济学	020207	劳动经济学	manual_source_verified	manually_verified	high
Economics of Education Review	1	是			0272-7757			cas:0202	应用经济学	020207	劳动经济学	manual_source_verified	manually_verified	high
Journal of Labor Research	2	否			0195-3613			cas:0202	应用经济学	020207	劳动经济学	manual_source_verified	manually_verified	high
International Journal of Manpower	2	否			0143-7720			cas:0202	应用经济学	020207	劳动经济学	manual_source_verified	manually_verified	high
Labour	2	否			1121-7081			cas:0202	应用经济学	020207	劳动经济学	manual_source_verified	manually_verified	high
Econometrica	1	是			0012-9682			cas:0202	应用经济学	020209	数量经济学	manual_source_verified	manually_verified	high
Quantitative Economics	1	是			1759-7323			cas:0202	应用经济学	020209	数量经济学	manual_source_verified	manually_verified	high
Journal of Business and Economic Statistics	1	是			0735-0015			cas:0202	应用经济学	020209	数量经济学	manual_source_verified	manually_verified	high
Econometric Theory	1	是			0266-4666			cas:0202	应用经济学	020209	数量经济学	manual_source_verified	manually_verified	high
Journal of Applied Econometrics	1	是			0883-7252			cas:0202	应用经济学	020209	数量经济学	manual_source_verified	manually_verified	high
Econometric Reviews	1	是			0747-4938			cas:0202	应用经济学	020209	数量经济学	manual_source_verified	manually_verified	high
Journal of Financial Econometrics	1	是			1479-8409			cas:0202	应用经济学	020209	数量经济学	manual_source_verified	manually_verified	high
Oxford Bulletin of Economics and Statistics	1	是			0305-9049			cas:0202	应用经济学	020209	数量经济学	manual_source_verified	manually_verified	high
Econometrics Journal	1	是			1368-4221			cas:0202	应用经济学	020209	数量经济学	manual_source_verified	manually_verified	high
Studies in Nonlinear Dynamics & Econometrics	2	否			1081-1826			cas:0202	应用经济学	020209	数量经济学	manual_source_verified	manually_verified	high
Law & Social Inquiry	1	是			0897-6546			cas:0301	法学	030101	法学理论	manual_source_verified	manually_verified	high
Oxford Journal of Legal Studies	1	是			0143-6503			cas:0301	法学	030101	法学理论	manual_source_verified	manually_verified	high
Modern Law Review	1	是			0026-7961			cas:0301	法学	030101	法学理论	manual_source_verified	manually_verified	high
Legal Theory	1	是			1352-3252			cas:0301	法学	030101	法学理论	manual_source_verified	manually_verified	high
Law and Philosophy	1	是			0167-5249			cas:0301	法学	030101	法学理论	manual_source_verified	manually_verified	high
Ratio Juris	1	是			0952-1917			cas:0301	法学	030101	法学理论	manual_source_verified	manually_verified	high
Jurisprudence	1	是			2040-3313			cas:0301	法学	030101	法学理论	manual_source_verified	manually_verified	high
Canadian Journal of Law & Jurisprudence	1	是			0841-8209			cas:0301	法学	030101	法学理论	manual_source_verified	manually_verified	high
The American Journal of Jurisprudence	1	是			0065-8995			cas:0301	法学	030101	法学理论	manual_source_verified	manually_verified	high
International Journal of Law in Context	1	是			1744-5523			cas:0301	法学	030101	法学理论	manual_source_verified	manually_verified	high
Journal of Conflict Resolution	1	是			0022-0027			cas:0202	应用经济学	020210	国防经济	manual_source_verified	manually_verified	high
Journal of Peace Research	1	是			0022-3433			cas:0202	应用经济学	020210	国防经济	manual_source_verified	manually_verified	high
Conflict Management and Peace Science	1	是			0738-8942			cas:0202	应用经济学	020210	国防经济	manual_source_verified	manually_verified	high
Defence Economics	2	否			1043-0717			cas:0202	应用经济学	020210	国防经济	manual_source_verified	manually_verified	high
The Economics of Peace and Security Journal	2	否			1749-852X			cas:0202	应用经济学	020210	国防经济	manual_source_verified	manually_verified	high
Peace Economics Peace Science and Public Policy	2	否			1079-2457			cas:0202	应用经济学	020210	国防经济	manual_source_verified	manually_verified	high
Security Studies	1	是			0963-6412			cas:0202	应用经济学	020210	国防经济	manual_source_verified	manually_verified	high
International Security	1	是			0162-2889			cas:0202	应用经济学	020210	国防经济	manual_source_verified	manually_verified	high
Journal of Strategic Studies	1	是			0140-2390			cas:0202	应用经济学	020210	国防经济	manual_source_verified	manually_verified	high
Armed Forces & Society	1	是			0095-327X			cas:0202	应用经济学	020210	国防经济	manual_source_verified	manually_verified	high
Criminal Law and Philosophy	1	是			1871-9791			cas:0301	法学	030104	刑法学	manual_source_verified	manually_verified	high
The Journal of Criminal Law and Criminology (1973-)	1	是			0091-4169			cas:0301	法学	030104	刑法学	manual_source_verified	manually_verified	high
New Criminal Law Review	1	是			1933-4192			cas:0301	法学	030104	刑法学	manual_source_verified	manually_verified	high
Criminal Justice and Behavior	1	是			0093-8548			cas:0301	法学	030104	刑法学	manual_source_verified	manually_verified	high
Punishment & Society	1	是			1462-4745			cas:0301	法学	030104	刑法学	manual_source_verified	manually_verified	high
Theoretical Criminology	1	是			1362-4806			cas:0301	法学	030104	刑法学	manual_source_verified	manually_verified	high
European Journal of Criminology	1	是			1477-3708			cas:0301	法学	030104	刑法学	manual_source_verified	manually_verified	high
Criminology & Criminal Justice	1	是			1748-8958			cas:0301	法学	030104	刑法学	manual_source_verified	manually_verified	high
Journal of Criminal Justice	1	是			0047-2352			cas:0301	法学	030104	刑法学	manual_source_verified	manually_verified	high
Crime and Justice	1	是			0192-3234			cas:0301	法学	030104	刑法学	manual_source_verified	manually_verified	high
The Journal of Law and Economics	1	是			0022-2186			cas:0301	法学	030107	经济法学	manual_source_verified	manually_verified	high
The Journal of Legal Studies	1	是			0047-2530			cas:0301	法学	030107	经济法学	manual_source_verified	manually_verified	high
The Journal of Law Economics and Organization	1	是			8756-6222			cas:0301	法学	030107	经济法学	manual_source_verified	manually_verified	high
American Law and Economics Review	1	是			1465-7252			cas:0301	法学	030107	经济法学	manual_source_verified	manually_verified	high
European Journal of Law and Economics	2	否			0929-1261			cas:0301	法学	030107	经济法学	manual_source_verified	manually_verified	high
International Review of Law and Economics	2	否			0144-8188			cas:0301	法学	030107	经济法学	manual_source_verified	manually_verified	high
Journal of Competition Law & Economics	2	否			1744-6414			cas:0301	法学	030107	经济法学	manual_source_verified	manually_verified	high
World Competition	3	否			1011-4548			cas:0301	法学	030107	经济法学	manual_source_verified	manually_verified	high
Journal of Antitrust Enforcement	2	否			2050-0688			cas:0301	法学	030107	经济法学	manual_source_verified	manually_verified	high
Competition and Regulation in Network Industries	3	否			1783-5917			cas:0301	法学	030107	经济法学	manual_source_verified	manually_verified	high
European Journal of International Law	1	是			0938-5428			cas:0301	法学	030109	国际法学	manual_source_verified	manually_verified	high
International and Comparative Law Quarterly	1	是			0020-5893			cas:0301	法学	030109	国际法学	manual_source_verified	manually_verified	high
Journal of International Economic Law	1	是			1369-3034			cas:0301	法学	030109	国际法学	manual_source_verified	manually_verified	high
Journal of International Criminal Justice	1	是			1478-1387			cas:0301	法学	030109	国际法学	manual_source_verified	manually_verified	high
Leiden Journal of International Law	1	是			0922-1565			cas:0301	法学	030109	国际法学	manual_source_verified	manually_verified	high
Netherlands International Law Review	1	是			0165-070X			cas:0301	法学	030109	国际法学	manual_source_verified	manually_verified	high
Ocean Development & International Law	1	是			0090-8320			cas:0301	法学	030109	国际法学	manual_source_verified	manually_verified	high
The International Journal of Marine and Coastal Law	1	是			0927-3522			cas:0301	法学	030109	国际法学	manual_source_verified	manually_verified	high
Journal of Conflict and Security Law	1	是			1467-7954			cas:0301	法学	030109	国际法学	manual_source_verified	manually_verified	high
Chinese Journal of International Law	1	是			1540-1650			cas:0301	法学	030109	国际法学	manual_source_verified	manually_verified	high
The Journal of Legal History	1	是			0144-0365			cas:0301	法学	030102	法律史	manual_source_verified	manually_verified	high
American Journal of Legal History	1	是			0002-9319			cas:0301	法学	030102	法律史	manual_source_verified	manually_verified	high
The Journal of Modern History	1	是			0022-2801			cas:0301	法学	030102	法律史	manual_source_verified	manually_verified	high
Comparative Legal History	1	是			2049-677X			cas:0301	法学	030102	法律史	manual_source_verified	manually_verified	high
Rechtsgeschichte - Legal History	2	否			1619-4993			cas:0301	法学	030102	法律史	manual_source_verified	manually_verified	high
Tijdschrift voor Rechtsgeschiedenis / Revue d Histoire du Droit / The Legal History Review	2	否			0040-7585			cas:0301	法学	030102	法律史	manual_source_verified	manually_verified	high
Zeitschrift der Savigny-Stiftung für Rechtsgeschichte Germanistische Abteilung	2	否			0323-4045			cas:0301	法学	030102	法律史	manual_source_verified	manually_verified	high
Zeitschrift der Savigny-Stiftung für Rechtsgeschichte Romanistische Abteilung	2	否			0323-4096			cas:0301	法学	030102	法律史	manual_source_verified	manually_verified	high
GLOSSAE European Journal of Legal History	3	否			2255-2707			cas:0301	法学	030102	法律史	manual_source_verified	manually_verified	high
Harvard Law Review	1	是			0017-811X			cas:0301	法学	030103	宪法学与行政法学	manual_source_verified	manually_verified	high
The Yale Law Journal	1	是			0044-0094			cas:0301	法学	030103	宪法学与行政法学	manual_source_verified	manually_verified	high
Stanford Law Review	1	是			0038-9765			cas:0301	法学	030103	宪法学与行政法学	manual_source_verified	manually_verified	high
Columbia Law Review	1	是			0010-1958			cas:0301	法学	030103	宪法学与行政法学	manual_source_verified	manually_verified	high
University of Pennsylvania Law Review	1	是			0041-9907			cas:0301	法学	030103	宪法学与行政法学	manual_source_verified	manually_verified	high
Michigan Law Review	1	是			0026-2234			cas:0301	法学	030103	宪法学与行政法学	manual_source_verified	manually_verified	high
California Law Review	1	是			0008-1221			cas:0301	法学	030103	宪法学与行政法学	manual_source_verified	manually_verified	high
Virginia Law Review	1	是			0042-6601			cas:0301	法学	030103	宪法学与行政法学	manual_source_verified	manually_verified	high
Duke Law Journal	1	是			0012-7086			cas:0301	法学	030103	宪法学与行政法学	manual_source_verified	manually_verified	high
Stanford Law Review	1	是			0038-9765			cas:0301	法学	030106	诉讼法学	manual_source_verified	manually_verified	high
Harvard Law Review	1	是			0017-811X			cas:0301	法学	030106	诉讼法学	manual_source_verified	manually_verified	high
The Yale Law Journal	1	是			0044-0094			cas:0301	法学	030106	诉讼法学	manual_source_verified	manually_verified	high
Columbia Law Review	1	是			0010-1958			cas:0301	法学	030106	诉讼法学	manual_source_verified	manually_verified	high
University of Pennsylvania Law Review	1	是			0041-9907			cas:0301	法学	030106	诉讼法学	manual_source_verified	manually_verified	high
Michigan Law Review	1	是			0026-2234			cas:0301	法学	030106	诉讼法学	manual_source_verified	manually_verified	high
California Law Review	1	是			0008-1221			cas:0301	法学	030106	诉讼法学	manual_source_verified	manually_verified	high
Virginia Law Review	1	是			0042-6601			cas:0301	法学	030106	诉讼法学	manual_source_verified	manually_verified	high
Duke Law Journal	1	是			0012-7086			cas:0301	法学	030106	诉讼法学	manual_source_verified	manually_verified	high
The Yale Law Journal	1	是			0044-0094			cas:0301	法学	030105	民商法学	manual_source_verified	manually_verified	high
Harvard Law Review	1	是			0017-811X			cas:0301	法学	030105	民商法学	manual_source_verified	manually_verified	high
Columbia Law Review	1	是			0010-1958			cas:0301	法学	030105	民商法学	manual_source_verified	manually_verified	high
Stanford Law Review	1	是			0038-9765			cas:0301	法学	030105	民商法学	manual_source_verified	manually_verified	high
University of Pennsylvania Law Review	1	是			0041-9907			cas:0301	法学	030105	民商法学	manual_source_verified	manually_verified	high
Michigan Law Review	1	是			0026-2234			cas:0301	法学	030105	民商法学	manual_source_verified	manually_verified	high
California Law Review	1	是			0008-1221			cas:0301	法学	030105	民商法学	manual_source_verified	manually_verified	high
Virginia Law Review	1	是			0042-6601			cas:0301	法学	030105	民商法学	manual_source_verified	manually_verified	high
Duke Law Journal	1	是			0012-7086			cas:0301	法学	030105	民商法学	manual_source_verified	manually_verified	high
Environmental Law Review	2	否			1461-4529			cas:0301	法学	030108	环境与资源保护法学	manual_source_verified	manually_verified	high
Review of European Comparative & International Environmental Law	1	是			2050-0386			cas:0301	法学	030108	环境与资源保护法学	manual_source_verified	manually_verified	high
Transnational Environmental Law	1	是			2047-1025			cas:0301	法学	030108	环境与资源保护法学	manual_source_verified	manually_verified	high
Climate Law	2	否			1878-6553			cas:0301	法学	030108	环境与资源保护法学	manual_source_verified	manually_verified	high
The International Journal of Marine and Coastal Law	1	是			0927-3522			cas:0301	法学	030108	环境与资源保护法学	manual_source_verified	manually_verified	high
Biology Natural Resources Journal	2	否			2986-4941			cas:0301	法学	030108	环境与资源保护法学	manual_source_verified	manually_verified	high
Environmental Law & Management	2	否			1067-6058			cas:0301	法学	030108	环境与资源保护法学	manual_source_verified	manually_verified	high
Journal of Energy & Natural Resources Law	1	是			0264-6811			cas:0301	法学	030108	环境与资源保护法学	manual_source_verified	manually_verified	high
Water International	2	否			0250-8060			cas:0301	法学	030108	环境与资源保护法学	manual_source_verified	manually_verified	high
Carbon & Climate Law Review	3	否			1864-9904			cas:0301	法学	030108	环境与资源保护法学	manual_source_verified	manually_verified	high
American Political Science Review	1	是			0003-0554			cas:0302	政治学	030202	中外政治制度	manual_source_verified	manually_verified	high
American Journal of Political Science	1	是			0092-5853			cas:0302	政治学	030202	中外政治制度	manual_source_verified	manually_verified	high
The Journal of Politics	1	是			0022-3816			cas:0302	政治学	030202	中外政治制度	manual_source_verified	manually_verified	high
British Journal of Political Science	1	是			0007-1234			cas:0302	政治学	030202	中外政治制度	manual_source_verified	manually_verified	high
Comparative Political Studies	1	是			0010-4140			cas:0302	政治学	030202	中外政治制度	manual_source_verified	manually_verified	high
World Politics	1	是			0043-8871			cas:0302	政治学	030202	中外政治制度	manual_source_verified	manually_verified	high
Political Studies	1	是			0032-3217			cas:0302	政治学	030202	中外政治制度	manual_source_verified	manually_verified	high
European Journal of Political Research	1	是			0304-4130			cas:0302	政治学	030202	中外政治制度	manual_source_verified	manually_verified	high
Governance	1	是			0952-1895			cas:0302	政治学	030202	中外政治制度	manual_source_verified	manually_verified	high
Publius The Journal of Federalism	1	是			0048-5950			cas:0302	政治学	030202	中外政治制度	manual_source_verified	manually_verified	high
American Political Science Review	1	是			0003-0554			cas:0302	政治学	030203	科学社会主义与国际共产主义运动	manual_source_verified	manually_verified	high
American Journal of Political Science	1	是			0092-5853			cas:0302	政治学	030203	科学社会主义与国际共产主义运动	manual_source_verified	manually_verified	high
The Journal of Politics	1	是			0022-3816			cas:0302	政治学	030203	科学社会主义与国际共产主义运动	manual_source_verified	manually_verified	high
British Journal of Political Science	1	是			0007-1234			cas:0302	政治学	030203	科学社会主义与国际共产主义运动	manual_source_verified	manually_verified	high
Comparative Political Studies	1	是			0010-4140			cas:0302	政治学	030203	科学社会主义与国际共产主义运动	manual_source_verified	manually_verified	high
World Politics	1	是			0043-8871			cas:0302	政治学	030203	科学社会主义与国际共产主义运动	manual_source_verified	manually_verified	high
Political Studies	1	是			0032-3217			cas:0302	政治学	030203	科学社会主义与国际共产主义运动	manual_source_verified	manually_verified	high
European Journal of Political Research	1	是			0304-4130			cas:0302	政治学	030203	科学社会主义与国际共产主义运动	manual_source_verified	manually_verified	high
International Political Science Review	1	是			0192-5121			cas:0302	政治学	030203	科学社会主义与国际共产主义运动	manual_source_verified	manually_verified	high
Government and Opposition	1	是			0017-257X			cas:0302	政治学	030203	科学社会主义与国际共产主义运动	manual_source_verified	manually_verified	high
American Journal of Political Science	1	是			0092-5853			cas:0302	政治学	030201	政治学理论	manual_source_verified	manually_verified	high
The Journal of Politics	1	是			0022-3816			cas:0302	政治学	030201	政治学理论	manual_source_verified	manually_verified	high
British Journal of Political Science	1	是			0007-1234			cas:0302	政治学	030201	政治学理论	manual_source_verified	manually_verified	high
Comparative Political Studies	1	是			0010-4140			cas:0302	政治学	030201	政治学理论	manual_source_verified	manually_verified	high
Political Theory	1	是			0090-5917			cas:0302	政治学	030201	政治学理论	manual_source_verified	manually_verified	high
European Journal of Political Theory	1	是			1474-8851			cas:0302	政治学	030201	政治学理论	manual_source_verified	manually_verified	high
Political Studies	1	是			0032-3217			cas:0302	政治学	030201	政治学理论	manual_source_verified	manually_verified	high
The Review of Politics	2	否			0034-6705			cas:0302	政治学	030201	政治学理论	manual_source_verified	manually_verified	high
History of Political Thought	2	否			0143-781X			cas:0302	政治学	030201	政治学理论	manual_source_verified	manually_verified	high
Contemporary Political Theory	1	是			1470-8914			cas:0302	政治学	030201	政治学理论	manual_source_verified	manually_verified	high
Journal of Cold War Studies	1	是			1520-3972			cas:0302	政治学	030204	中共党史	manual_source_verified	manually_verified	high
The China Quarterly	1	是			0305-7410			cas:0302	政治学	030204	中共党史	manual_source_verified	manually_verified	high
Modern China	1	是			0097-7004			cas:0302	政治学	030204	中共党史	manual_source_verified	manually_verified	high
The China Journal	1	是			1324-9347			cas:0302	政治学	030204	中共党史	manual_source_verified	manually_verified	high
Journal of Contemporary China	1	是			1067-0564			cas:0302	政治学	030204	中共党史	manual_source_verified	manually_verified	high
Europe Asia Studies	1	是			0966-8136			cas:0302	政治学	030204	中共党史	manual_source_verified	manually_verified	high
Communist and Post-Communist Studies	2	否			0967-067X			cas:0302	政治学	030204	中共党史	manual_source_verified	manually_verified	high
Journal of Chinese Political Science	1	是			1080-6954			cas:0302	政治学	030204	中共党史	manual_source_verified	manually_verified	high
Asian Survey	2	否			0004-4687			cas:0302	政治学	030204	中共党史	manual_source_verified	manually_verified	high
Problems of Post-Communism	2	否			1075-8216			cas:0302	政治学	030204	中共党史	manual_source_verified	manually_verified	high
Journal of Conflict and Security Law	1	是			1467-7954			cas:0301	法学	030110	军事法学	manual_source_verified	manually_verified	high
International Review of the Red Cross	1	是			1816-3831			cas:0301	法学	030110	军事法学	manual_source_verified	manually_verified	high
Journal of International Criminal Justice	1	是			1478-1387			cas:0301	法学	030110	军事法学	manual_source_verified	manually_verified	high
Leiden Journal of International Law	1	是			0922-1565			cas:0301	法学	030110	军事法学	manual_source_verified	manually_verified	high
Journal of International Humanitarian Legal Studies	2	否			1878-1373			cas:0301	法学	030110	军事法学	manual_source_verified	manually_verified	high
The Military Law and the Law of War Review	2	否			1370-6209			cas:0301	法学	030110	军事法学	manual_source_verified	manually_verified	high
International Peacekeeping	1	是			1353-3312			cas:0301	法学	030110	军事法学	manual_source_verified	manually_verified	high
Global Responsibility to Protect	1	是			1875-9858			cas:0301	法学	030110	军事法学	manual_source_verified	manually_verified	high
Journal on the Use of Force and International Law	2	否			2053-1702			cas:0301	法学	030110	军事法学	manual_source_verified	manually_verified	high
International Security	1	是			0162-2889			cas:0302	政治学	030206	国际政治	manual_source_verified	manually_verified	high
World Politics	1	是			0043-8871			cas:0302	政治学	030206	国际政治	manual_source_verified	manually_verified	high
American Journal of Political Science	1	是			0092-5853			cas:0302	政治学	030206	国际政治	manual_source_verified	manually_verified	high
Journal of Conflict Resolution	1	是			0022-0027			cas:0302	政治学	030206	国际政治	manual_source_verified	manually_verified	high
International Studies Quarterly	1	是			0020-8833			cas:0302	政治学	030206	国际政治	manual_source_verified	manually_verified	high
European Journal of International Relations	1	是			1354-0661			cas:0302	政治学	030206	国际政治	manual_source_verified	manually_verified	high
Review of International Studies	1	是			0260-2105			cas:0302	政治学	030206	国际政治	manual_source_verified	manually_verified	high
Journal of Peace Research	1	是			0022-3433			cas:0302	政治学	030206	国际政治	manual_source_verified	manually_verified	high
International Affairs	1	是			0020-5850			cas:0302	政治学	030206	国际政治	manual_source_verified	manually_verified	high
Foreign Affairs	1	是			0015-7120			cas:0302	政治学	030206	国际政治	manual_source_verified	manually_verified	high
American Political Science Review	1	是			0003-0554			cas:0302	政治学	030205	马克思主义理论与思想政治教育（旧目录）	manual_source_verified	manually_verified	high
American Journal of Political Science	1	是			0092-5853			cas:0302	政治学	030205	马克思主义理论与思想政治教育（旧目录）	manual_source_verified	manually_verified	high
The Journal of Politics	1	是			0022-3816			cas:0302	政治学	030205	马克思主义理论与思想政治教育（旧目录）	manual_source_verified	manually_verified	high
British Journal of Political Science	1	是			0007-1234			cas:0302	政治学	030205	马克思主义理论与思想政治教育（旧目录）	manual_source_verified	manually_verified	high
Comparative Political Studies	1	是			0010-4140			cas:0302	政治学	030205	马克思主义理论与思想政治教育（旧目录）	manual_source_verified	manually_verified	high
Political Theory	1	是			0090-5917			cas:0302	政治学	030205	马克思主义理论与思想政治教育（旧目录）	manual_source_verified	manually_verified	high
European Journal of Political Theory	1	是			1474-8851			cas:0302	政治学	030205	马克思主义理论与思想政治教育（旧目录）	manual_source_verified	manually_verified	high
Review of International Political Economy	1	是			0969-2290			cas:0302	政治学	030205	马克思主义理论与思想政治教育（旧目录）	manual_source_verified	manually_verified	high
New Left Review	1	是			0028-6060			cas:0302	政治学	030205	马克思主义理论与思想政治教育（旧目录）	manual_source_verified	manually_verified	high
Politics & Society	1	是			0032-3292			cas:0302	政治学	030205	马克思主义理论与思想政治教育（旧目录）	manual_source_verified	manually_verified	high
International Organization	1	是			0020-8183			cas:0302	政治学	030207	国际关系	manual_source_verified	manually_verified	high
International Security	1	是			0162-2889			cas:0302	政治学	030207	国际关系	manual_source_verified	manually_verified	high
European Journal of International Relations	1	是			1354-0661			cas:0302	政治学	030207	国际关系	manual_source_verified	manually_verified	high
International Studies Quarterly	1	是			0020-8833			cas:0302	政治学	030207	国际关系	manual_source_verified	manually_verified	high
Journal of Conflict Resolution	1	是			0022-0027			cas:0302	政治学	030207	国际关系	manual_source_verified	manually_verified	high
Review of International Studies	1	是			0260-2105			cas:0302	政治学	030207	国际关系	manual_source_verified	manually_verified	high
International Affairs	1	是			0020-5850			cas:0302	政治学	030207	国际关系	manual_source_verified	manually_verified	high
Foreign Affairs	1	是			0015-7120			cas:0302	政治学	030207	国际关系	manual_source_verified	manually_verified	high
International Studies Review	1	是			1521-9488			cas:0302	政治学	030207	国际关系	manual_source_verified	manually_verified	high
Journal of Peace Research	1	是			0022-3433			cas:0302	政治学	030207	国际关系	manual_source_verified	manually_verified	high
American Sociological Review	1	是			0003-1224			cas:0303	社会学	030301	社会学	manual_source_verified	manually_verified	high
American Journal of Sociology	1	是			0002-9602			cas:0303	社会学	030301	社会学	manual_source_verified	manually_verified	high
Annual Review of Sociology	1	是			0360-0572			cas:0303	社会学	030301	社会学	manual_source_verified	manually_verified	high
European Sociological Review	1	是			0266-7215			cas:0303	社会学	030301	社会学	manual_source_verified	manually_verified	high
Social Forces	1	是			0037-7732			cas:0303	社会学	030301	社会学	manual_source_verified	manually_verified	high
Sociology	1	是			0038-0385			cas:0303	社会学	030301	社会学	manual_source_verified	manually_verified	high
British Journal of Sociology	1	是			0007-1315			cas:0303	社会学	030301	社会学	manual_source_verified	manually_verified	high
Sociological Methods & Research	1	是			0049-1241			cas:0303	社会学	030301	社会学	manual_source_verified	manually_verified	high
Sociological Theory	1	是			0735-2751			cas:0303	社会学	030301	社会学	manual_source_verified	manually_verified	high
Journal of Marriage and Family	1	是			0022-2445			cas:0303	社会学	030301	社会学	manual_source_verified	manually_verified	high
International Organization	1	是			0020-8183			cas:0302	政治学	030208	外交学	manual_source_verified	manually_verified	high
International Security	1	是			0162-2889			cas:0302	政治学	030208	外交学	manual_source_verified	manually_verified	high
World Politics	1	是			0043-8871			cas:0302	政治学	030208	外交学	manual_source_verified	manually_verified	high
International Studies Quarterly	1	是			0020-8833			cas:0302	政治学	030208	外交学	manual_source_verified	manually_verified	high
European Journal of International Relations	1	是			1354-0661			cas:0302	政治学	030208	外交学	manual_source_verified	manually_verified	high
Journal of Conflict Resolution	1	是			0022-0027			cas:0302	政治学	030208	外交学	manual_source_verified	manually_verified	high
Review of International Studies	1	是			0260-2105			cas:0302	政治学	030208	外交学	manual_source_verified	manually_verified	high
International Affairs	1	是			0020-5850			cas:0302	政治学	030208	外交学	manual_source_verified	manually_verified	high
Diplomacy and Statecraft	2	否			0959-2296			cas:0302	政治学	030208	外交学	manual_source_verified	manually_verified	high
The Hague Journal of Diplomacy	2	否			1871-1901			cas:0302	政治学	030208	外交学	manual_source_verified	manually_verified	high
Population and Development Review	1	是			0098-7921			cas:0303	社会学	030302	人口学	manual_source_verified	manually_verified	high
Population Studies	1	是			0032-4728			cas:0303	社会学	030302	人口学	manual_source_verified	manually_verified	high
European Journal of Population / Revue européenne de Démographie	1	是			0168-6577			cas:0303	社会学	030302	人口学	manual_source_verified	manually_verified	high
Journal of Marriage and Family	1	是			0022-2445			cas:0303	社会学	030302	人口学	manual_source_verified	manually_verified	high
International Migration Review	1	是			0197-9183			cas:0303	社会学	030302	人口学	manual_source_verified	manually_verified	high
Population Space and Place	1	是			1544-8444			cas:0303	社会学	030302	人口学	manual_source_verified	manually_verified	high
Demographic Research	1	是			1435-9871			cas:0303	社会学	030302	人口学	manual_source_verified	manually_verified	high
Journal of Ethnic and Migration Studies	1	是			1369-183X			cas:0303	社会学	030302	人口学	manual_source_verified	manually_verified	high
Population Research and Policy Review	2	否			0167-5923			cas:0303	社会学	030302	人口学	manual_source_verified	manually_verified	high
Sukupuolentutkimus-Genusforskning	2	否			2342-0634			cas:0303	社会学	030302	人口学	manual_source_verified	manually_verified	high
Annual Review of Anthropology	1	是			0084-6570			cas:0303	社会学	030303	人类学	manual_source_verified	manually_verified	high
Current Anthropology	1	是			0011-3204			cas:0303	社会学	030303	人类学	manual_source_verified	manually_verified	high
Journal of the Royal Anthropological Institute	1	是			1359-0987			cas:0303	社会学	030303	人类学	manual_source_verified	manually_verified	high
American Ethnologist	1	是			0094-0496			cas:0303	社会学	030303	人类学	manual_source_verified	manually_verified	high
Cultural Anthropology	1	是			0886-7356			cas:0303	社会学	030303	人类学	manual_source_verified	manually_verified	high
Social Anthropology	1	是			0964-0282			cas:0303	社会学	030303	人类学	manual_source_verified	manually_verified	high
Journal of Anthropological Archaeology	1	是			0278-4165			cas:0303	社会学	030303	人类学	manual_source_verified	manually_verified	high
Medical Anthropology Quarterly	1	是			0745-5194			cas:0303	社会学	030303	人类学	manual_source_verified	manually_verified	high
Anthropological Theory	1	是			1463-4996			cas:0303	社会学	030303	人类学	manual_source_verified	manually_verified	high
Ethnos	1	是			0014-1844			cas:0303	社会学	030303	人类学	manual_source_verified	manually_verified	high
Journal of Chinese Economic and Business Studies	2	否			1476-5284			cas:0304	民族学	030403	中国少数民族经济	manual_source_verified	manually_verified	high
China Economic Review	1	是			1043-951X			cas:0304	民族学	030403	中国少数民族经济	manual_source_verified	manually_verified	high
Journal of Development Economics	1	是			0304-3878			cas:0304	民族学	030403	中国少数民族经济	manual_source_verified	manually_verified	high
World Development	1	是			0305-750X			cas:0304	民族学	030403	中国少数民族经济	manual_source_verified	manually_verified	high
Journal of Comparative Economics	1	是			0147-5967			cas:0304	民族学	030403	中国少数民族经济	manual_source_verified	manually_verified	high
Ethnic and Racial Studies	1	是			0141-9870			cas:0304	民族学	030403	中国少数民族经济	manual_source_verified	manually_verified	high
Journal of Ethnic and Migration Studies	1	是			1369-183X			cas:0304	民族学	030403	中国少数民族经济	manual_source_verified	manually_verified	high
Asian Ethnicity	2	否			1463-1369			cas:0304	民族学	030403	中国少数民族经济	manual_source_verified	manually_verified	high
The China Quarterly	1	是			0305-7410			cas:0304	民族学	030403	中国少数民族经济	manual_source_verified	manually_verified	high
Modern China	1	是			0097-7004			cas:0304	民族学	030403	中国少数民族经济	manual_source_verified	manually_verified	high
Ethnic and Racial Studies	1	是			0141-9870			cas:0304	民族学	030402	马克思主义民族理论与政策	manual_source_verified	manually_verified	high
Journal of Ethnic and Migration Studies	1	是			1369-183X			cas:0304	民族学	030402	马克思主义民族理论与政策	manual_source_verified	manually_verified	high
Nations and Nationalism	1	是			1354-5078			cas:0304	民族学	030402	马克思主义民族理论与政策	manual_source_verified	manually_verified	high
Nationalities Papers	1	是			0090-5992			cas:0304	民族学	030402	马克思主义民族理论与政策	manual_source_verified	manually_verified	high
Ethnopolitics	1	是			1744-9057			cas:0304	民族学	030402	马克思主义民族理论与政策	manual_source_verified	manually_verified	high
Studies in Ethnicity and Nationalism	2	否			1473-8481			cas:0304	民族学	030402	马克思主义民族理论与政策	manual_source_verified	manually_verified	high
Nationalism and Ethnic Politics	2	否			1353-7113			cas:0304	民族学	030402	马克思主义民族理论与政策	manual_source_verified	manually_verified	high
Patterns of Prejudice	1	是			0031-322X			cas:0304	民族学	030402	马克思主义民族理论与政策	manual_source_verified	manually_verified	high
Race & Class	2	否			0306-3968			cas:0304	民族学	030402	马克思主义民族理论与政策	manual_source_verified	manually_verified	high
Journal of Muslim Minority Affairs	2	否			1360-2004			cas:0304	民族学	030402	马克思主义民族理论与政策	manual_source_verified	manually_verified	high
American Anthropologist	1	是			0002-7294			cas:0304	民族学	030401	民族学	manual_source_verified	manually_verified	high
Current Anthropology	1	是			0011-3204			cas:0304	民族学	030401	民族学	manual_source_verified	manually_verified	high
Annual Review of Anthropology	1	是			0084-6570			cas:0304	民族学	030401	民族学	manual_source_verified	manually_verified	high
Journal of the Royal Anthropological Institute	1	是			1359-0987			cas:0304	民族学	030401	民族学	manual_source_verified	manually_verified	high
Cultural Anthropology	1	是			0886-7356			cas:0304	民族学	030401	民族学	manual_source_verified	manually_verified	high
Ethnos	1	是			0014-1844			cas:0304	民族学	030401	民族学	manual_source_verified	manually_verified	high
Social Anthropology	1	是			0964-0282			cas:0304	民族学	030401	民族学	manual_source_verified	manually_verified	high
Journal of Anthropological Research	2	否			0091-7710			cas:0304	民族学	030401	民族学	manual_source_verified	manually_verified	high
Anthropological Theory	1	是			1463-4996			cas:0304	民族学	030401	民族学	manual_source_verified	manually_verified	high
Critique of Anthropology	2	否			0308-275X			cas:0304	民族学	030401	民族学	manual_source_verified	manually_verified	high
Asian Ethnicity	1	是			1463-1369			cas:0304	民族学	030404	中国少数民族史	manual_source_verified	manually_verified	high
Central Asian Survey	1	是			0263-4937			cas:0304	民族学	030404	中国少数民族史	manual_source_verified	manually_verified	high
The China Quarterly	1	是			0305-7410			cas:0304	民族学	030404	中国少数民族史	manual_source_verified	manually_verified	high
Ethnic and Racial Studies	1	是			0141-9870			cas:0304	民族学	030404	中国少数民族史	manual_source_verified	manually_verified	high
Ethnohistory	1	是			0014-1801			cas:0304	民族学	030404	中国少数民族史	manual_source_verified	manually_verified	high
Inner Asia	1	是			1464-8172			cas:0304	民族学	030404	中国少数民族史	manual_source_verified	manually_verified	high
The Journal of Asian Studies	1	是			0021-9118			cas:0304	民族学	030404	中国少数民族史	manual_source_verified	manually_verified	high
Journal of Contemporary China	1	是			1067-0564			cas:0304	民族学	030404	中国少数民族史	manual_source_verified	manually_verified	high
Modern Asian Studies	1	是			0026-749X			cas:0304	民族学	030404	中国少数民族史	manual_source_verified	manually_verified	high
Nationalities Papers	1	是			0090-5992			cas:0304	民族学	030404	中国少数民族史	manual_source_verified	manually_verified	high
Asian Ethnicity	1	是			1463-1369			cas:0304	民族学	030405	中国少数民族艺术	manual_source_verified	manually_verified	high
Ethnic and Racial Studies	1	是			0141-9870			cas:0304	民族学	030405	中国少数民族艺术	manual_source_verified	manually_verified	high
Journal of Ethnic and Migration Studies	1	是			1369-183X			cas:0304	民族学	030405	中国少数民族艺术	manual_source_verified	manually_verified	high
Ethnicities	1	是			1468-7968			cas:0304	民族学	030405	中国少数民族艺术	manual_source_verified	manually_verified	high
Cultural Diversity & Ethnic Minority Psychology	1	是			1099-9809			cas:0304	民族学	030405	中国少数民族艺术	manual_source_verified	manually_verified	high
Identities	1	是			1070-289X			cas:0304	民族学	030405	中国少数民族艺术	manual_source_verified	manually_verified	high
Race Ethnicity and Education	1	是			1361-3324			cas:0304	民族学	030405	中国少数民族艺术	manual_source_verified	manually_verified	high
Journal of American Ethnic History	2	否			0278-5927			cas:0304	民族学	030405	中国少数民族艺术	manual_source_verified	manually_verified	high
Nationalities Papers	2	否			0090-5992			cas:0304	民族学	030405	中国少数民族艺术	manual_source_verified	manually_verified	high
Inner Asia	2	否			1464-8172			cas:0304	民族学	030405	中国少数民族艺术	manual_source_verified	manually_verified	high
Folklore	1	是			0015-587X			cas:0303	社会学	030304	民俗学	manual_source_verified	manually_verified	high
Journal of Folklore Research	1	是			0737-7037			cas:0303	社会学	030304	民俗学	manual_source_verified	manually_verified	high
Western Folklore	2	否			0043-373X			cas:0303	社会学	030304	民俗学	manual_source_verified	manually_verified	high
Asian Ethnology	1	是			1882-6865			cas:0303	社会学	030304	民俗学	manual_source_verified	manually_verified	high
Ethnologia Europaea	2	否			0425-4597			cas:0303	社会学	030304	民俗学	manual_source_verified	manually_verified	high
Marvels & Tales	2	否			1521-4281			cas:0303	社会学	030304	民俗学	manual_source_verified	manually_verified	high
Fabula	2	否			0014-6242			cas:0303	社会学	030304	民俗学	manual_source_verified	manually_verified	high
Journal of Ethnology and Folkloristics	2	否			2228-0987			cas:0303	社会学	030304	民俗学	manual_source_verified	manually_verified	high
Folklore Electronic Journal of Folklore	3	否			1406-0957			cas:0303	社会学	030304	民俗学	manual_source_verified	manually_verified	high
Journal of Cultural Analysis and Social Change	3	否			2589-1316			cas:0303	社会学	030304	民俗学	manual_source_verified	manually_verified	high
Historical Materialism	1	是			1465-4466			cas:0305	马克思主义理论	030501	马克思主义基本原理	manual_source_verified	manually_verified	high
Marx-Engels Jahrbuch	2	否			2192-8207			cas:0305	马克思主义理论	030501	马克思主义基本原理	manual_source_verified	manually_verified	high
Rethinking Marxism	1	是			0893-5696			cas:0305	马克思主义理论	030501	马克思主义基本原理	manual_source_verified	manually_verified	high
Capital & Class	1	是			0309-8168			cas:0305	马克思主义理论	030501	马克思主义基本原理	manual_source_verified	manually_verified	high
Critique	2	否			0301-7605			cas:0305	马克思主义理论	030501	马克思主义基本原理	manual_source_verified	manually_verified	high
Science & Society	1	是			0036-8237			cas:0305	马克思主义理论	030501	马克思主义基本原理	manual_source_verified	manually_verified	high
Monthly Review	1	是			0027-0520			cas:0305	马克思主义理论	030501	马克思主义基本原理	manual_source_verified	manually_verified	high
New Left Review	1	是			0028-6060			cas:0305	马克思主义理论	030501	马克思主义基本原理	manual_source_verified	manually_verified	high
International Critical Thought	2	否			2159-8282			cas:0305	马克思主义理论	030501	马克思主义基本原理	manual_source_verified	manually_verified	high
Socialism and Democracy	2	否			0885-4300			cas:0305	马克思主义理论	030501	马克思主义基本原理	manual_source_verified	manually_verified	high
The China Quarterly	1	是			0305-7410			cas:0305	马克思主义理论	030503	马克思主义中国化研究	manual_source_verified	manually_verified	high
Journal of Contemporary China	1	是			1067-0564			cas:0305	马克思主义理论	030503	马克思主义中国化研究	manual_source_verified	manually_verified	high
Modern China	1	是			0097-7004			cas:0305	马克思主义理论	030503	马克思主义中国化研究	manual_source_verified	manually_verified	high
The China Journal	1	是			1324-9347			cas:0305	马克思主义理论	030503	马克思主义中国化研究	manual_source_verified	manually_verified	high
China Information	1	是			0920-203X			cas:0305	马克思主义理论	030503	马克思主义中国化研究	manual_source_verified	manually_verified	high
Journal of Chinese Political Science	1	是			1080-6954			cas:0305	马克思主义理论	030503	马克思主义中国化研究	manual_source_verified	manually_verified	high
Asian Survey	2	否			0004-4687			cas:0305	马克思主义理论	030503	马克思主义中国化研究	manual_source_verified	manually_verified	high
Problems of Post-Communism	2	否			1075-8216			cas:0305	马克思主义理论	030503	马克思主义中国化研究	manual_source_verified	manually_verified	high
Europe Asia Studies	2	否			0966-8136			cas:0305	马克思主义理论	030503	马克思主义中国化研究	manual_source_verified	manually_verified	high
Journal of Current Chinese Affairs	2	否			1868-1026			cas:0305	马克思主义理论	030503	马克思主义中国化研究	manual_source_verified	manually_verified	high
Historical Materialism	1	是			1465-4466			cas:0305	马克思主义理论	030502	马克思主义发展史	manual_source_verified	manually_verified	high
Science & Society	1	是			0036-8237			cas:0305	马克思主义理论	030502	马克思主义发展史	manual_source_verified	manually_verified	high
Monthly Review	1	是			0027-0520			cas:0305	马克思主义理论	030502	马克思主义发展史	manual_source_verified	manually_verified	high
New Left Review	1	是			0028-6060			cas:0305	马克思主义理论	030502	马克思主义发展史	manual_source_verified	manually_verified	high
Capital & Class	2	否			0309-8168			cas:0305	马克思主义理论	030502	马克思主义发展史	manual_source_verified	manually_verified	high
Rethinking Marxism	2	否			0893-5696			cas:0305	马克思主义理论	030502	马克思主义发展史	manual_source_verified	manually_verified	high
Critique	2	否			0301-7605			cas:0305	马克思主义理论	030502	马克思主义发展史	manual_source_verified	manually_verified	high
Socialism and Democracy	2	否			0885-4300			cas:0305	马克思主义理论	030502	马克思主义发展史	manual_source_verified	manually_verified	high
International Critical Thought	2	否			2159-8282			cas:0305	马克思主义理论	030502	马克思主义发展史	manual_source_verified	manually_verified	high
Marx-Engels Jahrbuch	3	否			2192-8207			cas:0305	马克思主义理论	030502	马克思主义发展史	manual_source_verified	manually_verified	high
American Educational Research Journal	1	是			0002-8312			cas:0401	教育学	040101	教育学原理	manual_source_verified	manually_verified	high
Educational Researcher	1	是			0013-189X			cas:0401	教育学	040101	教育学原理	manual_source_verified	manually_verified	high
Review of Educational Research	1	是			0034-6543			cas:0401	教育学	040101	教育学原理	manual_source_verified	manually_verified	high
Educational Psychologist	1	是			0046-1520			cas:0401	教育学	040101	教育学原理	manual_source_verified	manually_verified	high
Journal of Philosophy of Education	2	否			0309-8249			cas:0401	教育学	040101	教育学原理	manual_source_verified	manually_verified	high
Educational Theory	2	否			0013-2004			cas:0401	教育学	040101	教育学原理	manual_source_verified	manually_verified	high
British Educational Research Journal	1	是			0141-1926			cas:0401	教育学	040101	教育学原理	manual_source_verified	manually_verified	high
Journal of Curriculum Studies	1	是			0022-0272			cas:0401	教育学	040101	教育学原理	manual_source_verified	manually_verified	high
Teachers College Record The Voice of Scholarship in Education	2	否			0161-4681			cas:0401	教育学	040101	教育学原理	manual_source_verified	manually_verified	high
Educational Philosophy and Theory	2	否			0013-1857			cas:0401	教育学	040101	教育学原理	manual_source_verified	manually_verified	high
The China Quarterly	1	是			0305-7410			cas:0305	马克思主义理论	030506	中国近现代史基本问题研究	manual_source_verified	manually_verified	high
Modern China	1	是			0097-7004			cas:0305	马克思主义理论	030506	中国近现代史基本问题研究	manual_source_verified	manually_verified	high
Journal of Contemporary China	1	是			1067-0564			cas:0305	马克思主义理论	030506	中国近现代史基本问题研究	manual_source_verified	manually_verified	high
The China Journal	1	是			1324-9347			cas:0305	马克思主义理论	030506	中国近现代史基本问题研究	manual_source_verified	manually_verified	high
Twentieth-Century China	2	否			1521-5385			cas:0305	马克思主义理论	030506	中国近现代史基本问题研究	manual_source_verified	manually_verified	high
Modern Chinese History	2	否			1753-5654			cas:0305	马克思主义理论	030506	中国近现代史基本问题研究	manual_source_verified	manually_verified	high
Asian Perspective	2	否			2288-2871			cas:0305	马克思主义理论	030506	中国近现代史基本问题研究	manual_source_verified	manually_verified	high
Journal of Chinese Political Science	1	是			1080-6954			cas:0305	马克思主义理论	030506	中国近现代史基本问题研究	manual_source_verified	manually_verified	high
China Information	1	是			0920-203X			cas:0305	马克思主义理论	030506	中国近现代史基本问题研究	manual_source_verified	manually_verified	high
Modern Asian Studies	1	是			0026-749X			cas:0305	马克思主义理论	030506	中国近现代史基本问题研究	manual_source_verified	manually_verified	high
Journal of Curriculum Studies	1	是			0022-0272			cas:0401	教育学	040102	课程与教学论	manual_source_verified	manually_verified	high
Curriculum Inquiry	1	是			0362-6784			cas:0401	教育学	040102	课程与教学论	manual_source_verified	manually_verified	high
Journal of Teacher Education	1	是			0022-4871			cas:0401	教育学	040102	课程与教学论	manual_source_verified	manually_verified	high
Teachers College Record The Voice of Scholarship in Education	1	是			0161-4681			cas:0401	教育学	040102	课程与教学论	manual_source_verified	manually_verified	high
British Educational Research Journal	1	是			0141-1926			cas:0401	教育学	040102	课程与教学论	manual_source_verified	manually_verified	high
American Educational Research Journal	1	是			0002-8312			cas:0401	教育学	040102	课程与教学论	manual_source_verified	manually_verified	high
Educational Researcher	1	是			0013-189X			cas:0401	教育学	040102	课程与教学论	manual_source_verified	manually_verified	high
Review of Educational Research	1	是			0034-6543			cas:0401	教育学	040102	课程与教学论	manual_source_verified	manually_verified	high
Learning and Instruction	1	是			0959-4752			cas:0401	教育学	040102	课程与教学论	manual_source_verified	manually_verified	high
Instructional Science	1	是			0020-4277			cas:0401	教育学	040102	课程与教学论	manual_source_verified	manually_verified	high
Historical Materialism	1	是			1465-4466			cas:0305	马克思主义理论	030504	国外马克思主义研究	manual_source_verified	manually_verified	high
New Left Review	1	是			0028-6060			cas:0305	马克思主义理论	030504	国外马克思主义研究	manual_source_verified	manually_verified	high
Critical Sociology	1	是			0896-9205			cas:0305	马克思主义理论	030504	国外马克思主义研究	manual_source_verified	manually_verified	high
Rethinking Marxism	1	是			0893-5696			cas:0305	马克思主义理论	030504	国外马克思主义研究	manual_source_verified	manually_verified	high
Capital & Class	2	否			0309-8168			cas:0305	马克思主义理论	030504	国外马克思主义研究	manual_source_verified	manually_verified	high
Monthly Review	1	是			0027-0520			cas:0305	马克思主义理论	030504	国外马克思主义研究	manual_source_verified	manually_verified	high
Science & Society	2	否			0036-8237			cas:0305	马克思主义理论	030504	国外马克思主义研究	manual_source_verified	manually_verified	high
Constellations	1	是			1351-0487			cas:0305	马克思主义理论	030504	国外马克思主义研究	manual_source_verified	manually_verified	high
Thesis Eleven	1	是			0725-5136			cas:0305	马克思主义理论	030504	国外马克思主义研究	manual_source_verified	manually_verified	high
Philosophy & Social Criticism	1	是			0191-4537			cas:0305	马克思主义理论	030504	国外马克思主义研究	manual_source_verified	manually_verified	high
History of Education	1	是			0046-760X			cas:0401	教育学	040103	教育史	manual_source_verified	manually_verified	high
Paedagogica Historica	1	是			0030-9230			cas:0401	教育学	040103	教育史	manual_source_verified	manually_verified	high
Journal of Educational Administration & History	2	否			0022-0620			cas:0401	教育学	040103	教育史	manual_source_verified	manually_verified	high
History of Education Review	2	否			0819-8691			cas:0401	教育学	040103	教育史	manual_source_verified	manually_verified	high
Educational Philosophy and Theory	1	是			0013-1857			cas:0401	教育学	040103	教育史	manual_source_verified	manually_verified	high
Studies in Philosophy and Education	1	是			0039-3746			cas:0401	教育学	040103	教育史	manual_source_verified	manually_verified	high
Journal of Philosophy of Education	1	是			0309-8249			cas:0401	教育学	040103	教育史	manual_source_verified	manually_verified	high
European Educational Research Journal	1	是			1474-9041			cas:0401	教育学	040103	教育史	manual_source_verified	manually_verified	high
Comparative Education Review	1	是			0010-4086			cas:0401	教育学	040103	教育史	manual_source_verified	manually_verified	high
British Journal of Educational Studies	1	是			0007-1005			cas:0401	教育学	040103	教育史	manual_source_verified	manually_verified	high
Theory & Research in Social Education	1	是			0093-3104			cas:0305	马克思主义理论	030505	思想政治教育	manual_source_verified	manually_verified	high
Journal of Moral Education	1	是			0305-7240			cas:0305	马克思主义理论	030505	思想政治教育	manual_source_verified	manually_verified	high
Educational Philosophy and Theory	1	是			0013-1857			cas:0305	马克思主义理论	030505	思想政治教育	manual_source_verified	manually_verified	high
Ethics and Education	1	是			1744-9642			cas:0305	马克思主义理论	030505	思想政治教育	manual_source_verified	manually_verified	high
Journal of Philosophy of Education	1	是			0309-8249			cas:0305	马克思主义理论	030505	思想政治教育	manual_source_verified	manually_verified	high
Studies in Philosophy and Education	1	是			0039-3746			cas:0305	马克思主义理论	030505	思想政治教育	manual_source_verified	manually_verified	high
Teaching and Teacher Education	1	是			0742-051X			cas:0305	马克思主义理论	030505	思想政治教育	manual_source_verified	manually_verified	high
British Journal of Educational Studies	1	是			0007-1005			cas:0305	马克思主义理论	030505	思想政治教育	manual_source_verified	manually_verified	high
Journal of Curriculum Studies	1	是			0022-0272			cas:0305	马克思主义理论	030505	思想政治教育	manual_source_verified	manually_verified	high
Madani Journal of Social Sciences and Social Science Education	2	否			3025-4582			cas:0305	马克思主义理论	030505	思想政治教育	manual_source_verified	manually_verified	high
Comparative Education Review	1	是			0010-4086			cas:0401	教育学	040104	比较教育学	manual_source_verified	manually_verified	high
Compare A Journal of Comparative and International Education	1	是			0305-7925			cas:0401	教育学	040104	比较教育学	manual_source_verified	manually_verified	high
International Journal of Educational Development	1	是			0738-0593			cas:0401	教育学	040104	比较教育学	manual_source_verified	manually_verified	high
Globalisation Societies and Education	1	是			1476-7724			cas:0401	教育学	040104	比较教育学	manual_source_verified	manually_verified	high
Journal of Studies in International Education	1	是			1028-3153			cas:0401	教育学	040104	比较教育学	manual_source_verified	manually_verified	high
European Educational Research Journal	1	是			1474-9041			cas:0401	教育学	040104	比较教育学	manual_source_verified	manually_verified	high
Asia Pacific Education Review	2	否			1598-1037			cas:0401	教育学	040104	比较教育学	manual_source_verified	manually_verified	high
International Review of Education	2	否			0020-8566			cas:0401	教育学	040104	比较教育学	manual_source_verified	manually_verified	high
Research in Comparative and International Education	2	否			1745-4999			cas:0401	教育学	040104	比较教育学	manual_source_verified	manually_verified	high
Prospects	2	否			0033-1538			cas:0401	教育学	040104	比较教育学	manual_source_verified	manually_verified	high
Studies in Higher Education	1	是			0307-5079			cas:0401	教育学	040106	高等教育学	manual_source_verified	manually_verified	high
The Journal of Higher Education	1	是			0022-1546			cas:0401	教育学	040106	高等教育学	manual_source_verified	manually_verified	high
Research in Higher Education	1	是			0361-0365			cas:0401	教育学	040106	高等教育学	manual_source_verified	manually_verified	high
The Review of Higher Education	1	是			1090-7009			cas:0401	教育学	040106	高等教育学	manual_source_verified	manually_verified	high
Higher Education Research & Development	1	是			0729-4360			cas:0401	教育学	040106	高等教育学	manual_source_verified	manually_verified	high
Assessment & Evaluation in Higher Education	1	是			0260-2938			cas:0401	教育学	040106	高等教育学	manual_source_verified	manually_verified	high
The Internet and Higher Education	1	是			1096-7516			cas:0401	教育学	040106	高等教育学	manual_source_verified	manually_verified	high
Higher Education Policy	2	否			0952-8733			cas:0401	教育学	040106	高等教育学	manual_source_verified	manually_verified	high
Journal of Studies in International Education	1	是			1028-3153			cas:0401	教育学	040106	高等教育学	manual_source_verified	manually_verified	high
Teaching in Higher Education	1	是			1356-2517			cas:0401	教育学	040106	高等教育学	manual_source_verified	manually_verified	high
Psychological Bulletin	1	是			0033-2909			cas:0402	心理学（可授教育学、理学学位）	040201	基础心理学	manual_source_verified	manually_verified	high
Psychological Review	1	是			0033-295X			cas:0402	心理学（可授教育学、理学学位）	040201	基础心理学	manual_source_verified	manually_verified	high
Journal of Experimental Psychology General	1	是			0096-3445			cas:0402	心理学（可授教育学、理学学位）	040201	基础心理学	manual_source_verified	manually_verified	high
Journal of Experimental Psychology Human Perception & Performance	1	是			0096-1523			cas:0402	心理学（可授教育学、理学学位）	040201	基础心理学	manual_source_verified	manually_verified	high
Cognition	1	是			0010-0277			cas:0402	心理学（可授教育学、理学学位）	040201	基础心理学	manual_source_verified	manually_verified	high
Cognitive Psychology	1	是			0010-0285			cas:0402	心理学（可授教育学、理学学位）	040201	基础心理学	manual_source_verified	manually_verified	high
Journal of Memory and Language	1	是			0749-596X			cas:0402	心理学（可授教育学、理学学位）	040201	基础心理学	manual_source_verified	manually_verified	high
Psychonomic Bulletin & Review	1	是			1069-9384			cas:0402	心理学（可授教育学、理学学位）	040201	基础心理学	manual_source_verified	manually_verified	high
Attention Perception & Psychophysics	2	否			1943-3921			cas:0402	心理学（可授教育学、理学学位）	040201	基础心理学	manual_source_verified	manually_verified	high
Quarterly Journal of Experimental Psychology	2	否			1747-0218			cas:0402	心理学（可授教育学、理学学位）	040201	基础心理学	manual_source_verified	manually_verified	high
Vocations and Learning	1	是			1874-785X			cas:0401	教育学	040108	职业技术教育学	manual_source_verified	manually_verified	high
International Journal for Research in Vocational Education and Training	1	是			2197-8646			cas:0401	教育学	040108	职业技术教育学	manual_source_verified	manually_verified	high
Empirical Research in Vocational Education and Training	1	是			1877-6345			cas:0401	教育学	040108	职业技术教育学	manual_source_verified	manually_verified	high
Journal of Education and Work	1	是			1363-9080			cas:0401	教育学	040108	职业技术教育学	manual_source_verified	manually_verified	high
International Journal of Training Research	2	否			1448-0220			cas:0401	教育学	040108	职业技术教育学	manual_source_verified	manually_verified	high
Education + Training	2	否			0040-0912			cas:0401	教育学	040108	职业技术教育学	manual_source_verified	manually_verified	high
Journal of Career and Technical Education	2	否			1531-4952			cas:0401	教育学	040108	职业技术教育学	manual_source_verified	manually_verified	high
Career and Technical Education Research	2	否			1554-754X			cas:0401	教育学	040108	职业技术教育学	manual_source_verified	manually_verified	high
Research in Post-Compulsory Education	2	否			1359-6748			cas:0401	教育学	040108	职业技术教育学	manual_source_verified	manually_verified	high
Journal of Technical Education and Training	3	否			2229-8932			cas:0401	教育学	040108	职业技术教育学	manual_source_verified	manually_verified	high
Child Development	1	是			0009-3920			cas:0401	教育学	040105	学前教育学	manual_source_verified	manually_verified	high
Journal of Educational Psychology	1	是			0022-0663			cas:0401	教育学	040105	学前教育学	manual_source_verified	manually_verified	high
Contemporary Issues in Early Childhood	2	否			1463-9491			cas:0401	教育学	040105	学前教育学	manual_source_verified	manually_verified	high
European Early Childhood Education Research Journal	2	否			1350-293X			cas:0401	教育学	040105	学前教育学	manual_source_verified	manually_verified	high
Early Child Development and Care	2	否			0300-4430			cas:0401	教育学	040105	学前教育学	manual_source_verified	manually_verified	high
Journal of Early Childhood Research	2	否			1476-718X			cas:0401	教育学	040105	学前教育学	manual_source_verified	manually_verified	high
International Journal of Early Childhood	2	否			0020-7187			cas:0401	教育学	040105	学前教育学	manual_source_verified	manually_verified	high
Journal of Research in Childhood Education	2	否			0256-8543			cas:0401	教育学	040105	学前教育学	manual_source_verified	manually_verified	high
Early Education and Development	1	是			1040-9289			cas:0401	教育学	040105	学前教育学	manual_source_verified	manually_verified	high
Australasian Journal of Early Childhood	3	否			1836-9391			cas:0401	教育学	040105	学前教育学	manual_source_verified	manually_verified	high
Computers & Education	1	是			0360-1315			cas:0401	教育学	040110	教育技术学	manual_source_verified	manually_verified	high
British Journal of Educational Technology	1	是			0007-1013			cas:0401	教育学	040110	教育技术学	manual_source_verified	manually_verified	high
Educational Technology Research and Development	1	是			1042-1629			cas:0401	教育学	040110	教育技术学	manual_source_verified	manually_verified	high
The Internet and Higher Education	1	是			1096-7516			cas:0401	教育学	040110	教育技术学	manual_source_verified	manually_verified	high
Journal of Computer Assisted Learning	1	是			0266-4909			cas:0401	教育学	040110	教育技术学	manual_source_verified	manually_verified	high
IEEE Transactions on Learning Technologies	1	是			1939-1382			cas:0401	教育学	040110	教育技术学	manual_source_verified	manually_verified	high
Interactive Learning Environments	1	是			1049-4820			cas:0401	教育学	040110	教育技术学	manual_source_verified	manually_verified	high
Education and Information Technologies	1	是			1360-2357			cas:0401	教育学	040110	教育技术学	manual_source_verified	manually_verified	high
International Journal of Educational Technology in Higher Education	1	是			2365-9440			cas:0401	教育学	040110	教育技术学	manual_source_verified	manually_verified	high
Journal of Educational Computing Research	1	是			0735-6331			cas:0401	教育学	040110	教育技术学	manual_source_verified	manually_verified	high
Exceptional Children	1	是			0014-4029			cas:0401	教育学	040109	特殊教育学	manual_source_verified	manually_verified	high
Journal of Learning Disabilities	1	是			0022-2194			cas:0401	教育学	040109	特殊教育学	manual_source_verified	manually_verified	high
The Journal of Special Education	1	是			0022-4669			cas:0401	教育学	040109	特殊教育学	manual_source_verified	manually_verified	high
Remedial and Special Education	1	是			0741-9325			cas:0401	教育学	040109	特殊教育学	manual_source_verified	manually_verified	high
Research in Developmental Disabilities	1	是			0891-4222			cas:0401	教育学	040109	特殊教育学	manual_source_verified	manually_verified	high
Journal of Intellectual Disability Research	1	是			0964-2633			cas:0401	教育学	040109	特殊教育学	manual_source_verified	manually_verified	high
American Journal on Intellectual and Developmental Disabilities	1	是			1944-7515			cas:0401	教育学	040109	特殊教育学	manual_source_verified	manually_verified	high
Journal of Autism and Developmental Disorders	1	是			0162-3257			cas:0401	教育学	040109	特殊教育学	manual_source_verified	manually_verified	high
Focus on Autism and Other Developmental Disabilities	2	否			1088-3576			cas:0401	教育学	040109	特殊教育学	manual_source_verified	manually_verified	high
European Journal of Special Needs Education	2	否			0885-6257			cas:0401	教育学	040109	特殊教育学	manual_source_verified	manually_verified	high
Studies in Continuing Education	1	是			0158-037X			cas:0401	教育学	040107	成人教育学	manual_source_verified	manually_verified	high
International Journal of Lifelong Education	1	是			0260-1370			cas:0401	教育学	040107	成人教育学	manual_source_verified	manually_verified	high
Journal of Transformative Education	1	是			1541-3446			cas:0401	教育学	040107	成人教育学	manual_source_verified	manually_verified	high
Adult Learning	2	否			1045-1595			cas:0401	教育学	040107	成人教育学	manual_source_verified	manually_verified	high
Journal of Adult and Continuing Education	2	否			1477-9714			cas:0401	教育学	040107	成人教育学	manual_source_verified	manually_verified	high
New Directions for Adult and Continuing Education	2	否			1052-2891			cas:0401	教育学	040107	成人教育学	manual_source_verified	manually_verified	high
European Journal for Research on the Education and Learning of Adults	2	否			2000-7426			cas:0401	教育学	040107	成人教育学	manual_source_verified	manually_verified	high
The Journal of Continuing Higher Education	2	否			0737-7363			cas:0401	教育学	040107	成人教育学	manual_source_verified	manually_verified	high
International Review of Education	2	否			0020-8566			cas:0401	教育学	040107	成人教育学	manual_source_verified	manually_verified	high
REICE Revista Iberoamericana sobre Calidad Eficacia y Cambio en Educación	3	否			1696-4713			cas:0401	教育学	040107	成人教育学	manual_source_verified	manually_verified	high
Developmental Psychology	1	是			0012-1649			cas:0402	心理学（可授教育学、理学学位）	040202	发展与教育心理学	manual_source_verified	manually_verified	high
Journal of Educational Psychology	1	是			0022-0663			cas:0402	心理学（可授教育学、理学学位）	040202	发展与教育心理学	manual_source_verified	manually_verified	high
Journal of Child Psychology and Psychiatry	1	是			0021-9630			cas:0402	心理学（可授教育学、理学学位）	040202	发展与教育心理学	manual_source_verified	manually_verified	high
Learning and Instruction	1	是			0959-4752			cas:0402	心理学（可授教育学、理学学位）	040202	发展与教育心理学	manual_source_verified	manually_verified	high
Educational Psychologist	1	是			0046-1520			cas:0402	心理学（可授教育学、理学学位）	040202	发展与教育心理学	manual_source_verified	manually_verified	high
Journal of Experimental Child Psychology	1	是			0022-0965			cas:0402	心理学（可授教育学、理学学位）	040202	发展与教育心理学	manual_source_verified	manually_verified	high
Developmental Science	1	是			1363-755X			cas:0402	心理学（可授教育学、理学学位）	040202	发展与教育心理学	manual_source_verified	manually_verified	high
Journal of Youth and Adolescence	1	是			0047-2891			cas:0402	心理学（可授教育学、理学学位）	040202	发展与教育心理学	manual_source_verified	manually_verified	high
British Journal of Educational Psychology	1	是			0007-0998			cas:0402	心理学（可授教育学、理学学位）	040202	发展与教育心理学	manual_source_verified	manually_verified	high
Contemporary Educational Psychology	1	是			0361-476X			cas:0402	心理学（可授教育学、理学学位）	040202	发展与教育心理学	manual_source_verified	manually_verified	high
Journal of Applied Psychology	1	是			0021-9010			cas:0402	心理学（可授教育学、理学学位）	040203	应用心理学	manual_source_verified	manually_verified	high
Personnel Psychology	1	是			0031-5826			cas:0402	心理学（可授教育学、理学学位）	040203	应用心理学	manual_source_verified	manually_verified	high
Journal of Occupational and Organizational Psychology	1	是			0963-1798			cas:0402	心理学（可授教育学、理学学位）	040203	应用心理学	manual_source_verified	manually_verified	high
Journal of Vocational Behavior	1	是			0001-8791			cas:0402	心理学（可授教育学、理学学位）	040203	应用心理学	manual_source_verified	manually_verified	high
Organizational Behavior and Human Decision Processes	1	是			0749-5978			cas:0402	心理学（可授教育学、理学学位）	040203	应用心理学	manual_source_verified	manually_verified	high
Journal of Organizational Behavior	1	是			0894-3796			cas:0402	心理学（可授教育学、理学学位）	040203	应用心理学	manual_source_verified	manually_verified	high
Applied Psychology	1	是			0269-994X			cas:0402	心理学（可授教育学、理学学位）	040203	应用心理学	manual_source_verified	manually_verified	high
Journal of Counseling Psychology	1	是			0022-0167			cas:0402	心理学（可授教育学、理学学位）	040203	应用心理学	manual_source_verified	manually_verified	high
Journal of Consumer Psychology	1	是			1057-7408			cas:0402	心理学（可授教育学、理学学位）	040203	应用心理学	manual_source_verified	manually_verified	high
Journal of Educational Psychology	1	是			0022-0663			cas:0402	心理学（可授教育学、理学学位）	040203	应用心理学	manual_source_verified	manually_verified	high
Sociology of Sport Journal	1	是			0741-1235			cas:0403	体育学	040301	体育人文社会学	manual_source_verified	manually_verified	high
International Review for the Sociology of Sport	1	是			1012-6902			cas:0403	体育学	040301	体育人文社会学	manual_source_verified	manually_verified	high
Journal of Sport and Social Issues	1	是			0193-7235			cas:0403	体育学	040301	体育人文社会学	manual_source_verified	manually_verified	high
Sport Education and Society	1	是			1357-3322			cas:0403	体育学	040301	体育人文社会学	manual_source_verified	manually_verified	high
European Sport Management Quarterly	1	是			1618-4742			cas:0403	体育学	040301	体育人文社会学	manual_source_verified	manually_verified	high
Sport Management Review	1	是			1441-3523			cas:0403	体育学	040301	体育人文社会学	manual_source_verified	manually_verified	high
Leisure Studies	1	是			0261-4367			cas:0403	体育学	040301	体育人文社会学	manual_source_verified	manually_verified	high
Journal of the Philosophy of Sport	1	是			0094-8705			cas:0403	体育学	040301	体育人文社会学	manual_source_verified	manually_verified	high
Sport in Society	1	是			1743-0437			cas:0403	体育学	040301	体育人文社会学	manual_source_verified	manually_verified	high
Physical Education and Sport Pedagogy	1	是			1740-8989			cas:0403	体育学	040301	体育人文社会学	manual_source_verified	manually_verified	high
Journal of Teaching in Physical Education	1	是			0273-5024			cas:0403	体育学	040303	体育教育训练学	manual_source_verified	manually_verified	high
Physical Education and Sport Pedagogy	1	是			1740-8989			cas:0403	体育学	040303	体育教育训练学	manual_source_verified	manually_verified	high
European Physical Education Review	1	是			1356-336X			cas:0403	体育学	040303	体育教育训练学	manual_source_verified	manually_verified	high
Research Quarterly for Exercise and Sport	2	否			0270-1367			cas:0403	体育学	040303	体育教育训练学	manual_source_verified	manually_verified	high
Journal of Sports Sciences	1	是			0264-0414			cas:0403	体育学	040303	体育教育训练学	manual_source_verified	manually_verified	high
International Journal of Sports Science & Coaching	2	否			1747-9541			cas:0403	体育学	040303	体育教育训练学	manual_source_verified	manually_verified	high
The Journal of Strength and Conditioning Research	1	是			1064-8011			cas:0403	体育学	040303	体育教育训练学	manual_source_verified	manually_verified	high
International Journal of Performance Analysis in Sport	2	否			2474-8668			cas:0403	体育学	040303	体育教育训练学	manual_source_verified	manually_verified	high
Sports Biomechanics	2	否			1476-3141			cas:0403	体育学	040303	体育教育训练学	manual_source_verified	manually_verified	high
Journal of Sports Science and Medicine	2	否			1303-2968			cas:0403	体育学	040303	体育教育训练学	manual_source_verified	manually_verified	high
British Journal of Sports Medicine	1	是			0306-3674			cas:0403	体育学	040302	运动人体科学	manual_source_verified	manually_verified	high
Sports Medicine	1	是			0112-1642			cas:0403	体育学	040302	运动人体科学	manual_source_verified	manually_verified	high
The American Journal of Sports Medicine	1	是			0363-5465			cas:0403	体育学	040302	运动人体科学	manual_source_verified	manually_verified	high
Journal of Sport and Health Science	1	是			2095-2546			cas:0403	体育学	040302	运动人体科学	manual_source_verified	manually_verified	high
Scandinavian Journal of Medicine and Science in Sports	1	是			0905-7188			cas:0403	体育学	040302	运动人体科学	manual_source_verified	manually_verified	high
European Journal of Applied Physiology	2	否			1439-6319			cas:0403	体育学	040302	运动人体科学	manual_source_verified	manually_verified	high
Journal of Applied Physiology	1	是			8750-7587			cas:0403	体育学	040302	运动人体科学	manual_source_verified	manually_verified	high
The Journal of Strength and Conditioning Research	2	否			1064-8011			cas:0403	体育学	040302	运动人体科学	manual_source_verified	manually_verified	high
International Journal of Sports Physiology and Performance	1	是			1555-0265			cas:0403	体育学	040302	运动人体科学	manual_source_verified	manually_verified	high
Journal of Sports Sciences	2	否			0264-0414			cas:0403	体育学	040302	运动人体科学	manual_source_verified	manually_verified	high
Journal of Sport and Health Science	1	是			2095-2546			cas:0403	体育学	040304	民族传统体育学	manual_source_verified	manually_verified	high
Sports Medicine	1	是			0112-1642			cas:0403	体育学	040304	民族传统体育学	manual_source_verified	manually_verified	high
British Journal of Sports Medicine	1	是			0306-3674			cas:0403	体育学	040304	民族传统体育学	manual_source_verified	manually_verified	high
The American Journal of Sports Medicine	1	是			0363-5465			cas:0403	体育学	040304	民族传统体育学	manual_source_verified	manually_verified	high
Medicine & Science in Sports & Exercise	1	是			0195-9131			cas:0403	体育学	040304	民族传统体育学	manual_source_verified	manually_verified	high
European Journal of Sport Science	1	是			1746-1391			cas:0403	体育学	040304	民族传统体育学	manual_source_verified	manually_verified	high
Journal of Sports Sciences	2	否			0264-0414			cas:0403	体育学	040304	民族传统体育学	manual_source_verified	manually_verified	high
Research Quarterly for Exercise and Sport	2	否			0270-1367			cas:0403	体育学	040304	民族传统体育学	manual_source_verified	manually_verified	high
International Journal of Sports Medicine	2	否			0172-4622			cas:0403	体育学	040304	民族传统体育学	manual_source_verified	manually_verified	high
The Journal of Strength and Conditioning Research	2	否			1064-8011			cas:0403	体育学	040304	民族传统体育学	manual_source_verified	manually_verified	high
Critical Inquiry	1	是			0093-1896			cas:0501	中国语言文学	050101	文艺学	manual_source_verified	manually_verified	high
PMLA/Publications of the Modern Language Association of America	1	是			0030-8129			cas:0501	中国语言文学	050101	文艺学	manual_source_verified	manually_verified	high
Poetics Today	1	是			0333-5372			cas:0501	中国语言文学	050101	文艺学	manual_source_verified	manually_verified	high
Modern Language Quarterly	1	是			0026-7929			cas:0501	中国语言文学	050101	文艺学	manual_source_verified	manually_verified	high
diacritics	1	是			0300-7162			cas:0501	中国语言文学	050101	文艺学	manual_source_verified	manually_verified	high
Textual Practice	1	是			0950-236X			cas:0501	中国语言文学	050101	文艺学	manual_source_verified	manually_verified	high
Paragraph	2	否			0264-8334			cas:0501	中国语言文学	050101	文艺学	manual_source_verified	manually_verified	high
Journal of Literary Theory	2	否			1862-5290			cas:0501	中国语言文学	050101	文艺学	manual_source_verified	manually_verified	high
Style	2	否			0039-4238			cas:0501	中国语言文学	050101	文艺学	manual_source_verified	manually_verified	high
SubStance	2	否			0049-2426			cas:0501	中国语言文学	050101	文艺学	manual_source_verified	manually_verified	high
Language Learning	1	是			0023-8333			cas:0501	中国语言文学	050102	语言学及应用语言学	manual_source_verified	manually_verified	high
Studies in Second Language Acquisition	1	是			0272-2631			cas:0501	中国语言文学	050102	语言学及应用语言学	manual_source_verified	manually_verified	high
Modern Language Journal	1	是			0026-7902			cas:0501	中国语言文学	050102	语言学及应用语言学	manual_source_verified	manually_verified	high
Language Teaching Research	1	是			1362-1688			cas:0501	中国语言文学	050102	语言学及应用语言学	manual_source_verified	manually_verified	high
Second language Research	1	是			0267-6583			cas:0501	中国语言文学	050102	语言学及应用语言学	manual_source_verified	manually_verified	high
Journal of Memory and Language	1	是			0749-596X			cas:0501	中国语言文学	050102	语言学及应用语言学	manual_source_verified	manually_verified	high
Journal of Phonetics	1	是			0095-4470			cas:0501	中国语言文学	050102	语言学及应用语言学	manual_source_verified	manually_verified	high
Language and Speech	1	是			0023-8309			cas:0501	中国语言文学	050102	语言学及应用语言学	manual_source_verified	manually_verified	high
Lingua	1	是			0024-3841			cas:0501	中国语言文学	050102	语言学及应用语言学	manual_source_verified	manually_verified	high
Journal of Pragmatics	1	是			0378-2166			cas:0501	中国语言文学	050102	语言学及应用语言学	manual_source_verified	manually_verified	high
Language and Linguistics 語言暨語言學	1	是			1606-822X			cas:0501	中国语言文学	050103	汉语言文字学	manual_source_verified	manually_verified	high
Journal of East Asian Linguistics	1	是			0925-8558			cas:0501	中国语言文学	050103	汉语言文字学	manual_source_verified	manually_verified	high
Lingua	1	是			0024-3841			cas:0501	中国语言文学	050103	汉语言文字学	manual_source_verified	manually_verified	high
Journal of Pragmatics	1	是			0378-2166			cas:0501	中国语言文学	050103	汉语言文字学	manual_source_verified	manually_verified	high
Language	1	是			0097-8507			cas:0501	中国语言文学	050103	汉语言文字学	manual_source_verified	manually_verified	high
Linguistics	1	是			0024-3949			cas:0501	中国语言文学	050103	汉语言文字学	manual_source_verified	manually_verified	high
Linguistic Typology	1	是			1430-0532			cas:0501	中国语言文学	050103	汉语言文字学	manual_source_verified	manually_verified	high
Diachronica	1	是			0176-4225			cas:0501	中国语言文学	050103	汉语言文字学	manual_source_verified	manually_verified	high
Journal of Historical Linguistics	1	是			2210-2116			cas:0501	中国语言文学	050103	汉语言文字学	manual_source_verified	manually_verified	high
Transactions of the Philological Society	1	是			0079-1636			cas:0501	中国语言文学	050103	汉语言文字学	manual_source_verified	manually_verified	high
Journal of Chinese Literature and Culture	1	是			2329-0048			cas:0501	中国语言文学	050104	中国古典文献学	manual_source_verified	manually_verified	high
T oung Pao	1	是			0082-5433			cas:0501	中国语言文学	050104	中国古典文献学	manual_source_verified	manually_verified	high
Journal of the American Oriental Society	1	是			0003-0279			cas:0501	中国语言文学	050104	中国古典文献学	manual_source_verified	manually_verified	high
Harvard Journal of Asiatic Studies	1	是			0073-0548			cas:0501	中国语言文学	050104	中国古典文献学	manual_source_verified	manually_verified	high
The Journal of Asian Studies	1	是			0021-9118			cas:0501	中国语言文学	050104	中国古典文献学	manual_source_verified	manually_verified	high
Early China	1	是			0362-5028			cas:0501	中国语言文学	050104	中国古典文献学	manual_source_verified	manually_verified	high
Bulletin of the School of Oriental and African Studies	1	是			0041-977X			cas:0501	中国语言文学	050104	中国古典文献学	manual_source_verified	manually_verified	high
Journal of Oriental Studies	2	否			1563-0226			cas:0501	中国语言文学	050104	中国古典文献学	manual_source_verified	manually_verified	high
Chinese Literature Essays Articles Reviews (CLEAR)	2	否			0161-9705			cas:0501	中国语言文学	050104	中国古典文献学	manual_source_verified	manually_verified	high
Monumenta Serica	2	否			0254-9948			cas:0501	中国语言文学	050104	中国古典文献学	manual_source_verified	manually_verified	high
Journal of Chinese Literature and Culture	1	是			2329-0048			cas:0501	中国语言文学	050105	中国古代文学	manual_source_verified	manually_verified	high
T oung Pao	1	是			0082-5433			cas:0501	中国语言文学	050105	中国古代文学	manual_source_verified	manually_verified	high
Journal of the American Oriental Society	1	是			0003-0279			cas:0501	中国语言文学	050105	中国古代文学	manual_source_verified	manually_verified	high
Harvard Journal of Asiatic Studies	1	是			0073-0548			cas:0501	中国语言文学	050105	中国古代文学	manual_source_verified	manually_verified	high
The Journal of Asian Studies	1	是			0021-9118			cas:0501	中国语言文学	050105	中国古代文学	manual_source_verified	manually_verified	high
Chinese Literature Essays Articles Reviews (CLEAR)	2	否			0161-9705			cas:0501	中国语言文学	050105	中国古代文学	manual_source_verified	manually_verified	high
Early China	2	否			0362-5028			cas:0501	中国语言文学	050105	中国古代文学	manual_source_verified	manually_verified	high
Journal of Oriental Studies	2	否			1563-0226			cas:0501	中国语言文学	050105	中国古代文学	manual_source_verified	manually_verified	high
Monumenta Serica	2	否			0254-9948			cas:0501	中国语言文学	050105	中国古代文学	manual_source_verified	manually_verified	high
Bulletin of the School of Oriental and African Studies	1	是			0041-977X			cas:0501	中国语言文学	050105	中国古代文学	manual_source_verified	manually_verified	high
Applied Linguistics	1	是			0142-6001			cas:0502	外国语言文学	050201	英语语言文学	manual_source_verified	manually_verified	high
TESOL Quarterly	1	是			0039-8322			cas:0502	外国语言文学	050201	英语语言文学	manual_source_verified	manually_verified	high
Language Learning	1	是			0023-8333			cas:0502	外国语言文学	050201	英语语言文学	manual_source_verified	manually_verified	high
Modern Language Journal	1	是			0026-7902			cas:0502	外国语言文学	050201	英语语言文学	manual_source_verified	manually_verified	high
ELT Journal	1	是			0951-0893			cas:0502	外国语言文学	050201	英语语言文学	manual_source_verified	manually_verified	high
English for Specific Purposes	1	是			0889-4906			cas:0502	外国语言文学	050201	英语语言文学	manual_source_verified	manually_verified	high
Journal of English for Academic Purposes	1	是			1475-1585			cas:0502	外国语言文学	050201	英语语言文学	manual_source_verified	manually_verified	high
Language Teaching Research	1	是			1362-1688			cas:0502	外国语言文学	050201	英语语言文学	manual_source_verified	manually_verified	high
Studies in Second Language Acquisition	1	是			0272-2631			cas:0502	外国语言文学	050201	英语语言文学	manual_source_verified	manually_verified	high
Second language Research	1	是			0267-6583			cas:0502	外国语言文学	050201	英语语言文学	manual_source_verified	manually_verified	high
Journal of Chinese Linguistics	1	是			2411-3484			cas:0501	中国语言文学	050107	中国少数民族语言文学	manual_source_verified	manually_verified	high
Language and Linguistics 語言暨語言學	1	是			1606-822X			cas:0501	中国语言文学	050107	中国少数民族语言文学	manual_source_verified	manually_verified	high
Linguistics of the Tibeto-Burman Area	2	否			0731-3500			cas:0501	中国语言文学	050107	中国少数民族语言文学	manual_source_verified	manually_verified	high
Mongolian Journal of Strategic Studies	3	否			2312-9670			cas:0501	中国语言文学	050107	中国少数民族语言文学	manual_source_verified	manually_verified	high
Central Asiatic Journal	2	否			0008-9192			cas:0501	中国语言文学	050107	中国少数民族语言文学	manual_source_verified	manually_verified	high
Acta Orientalia	2	否			0001-6446			cas:0501	中国语言文学	050107	中国少数民族语言文学	manual_source_verified	manually_verified	high
International Journal of Eurasian Linguistics	2	否			2589-8825			cas:0501	中国语言文学	050107	中国少数民族语言文学	manual_source_verified	manually_verified	high
Journal of the Southeast Asian Linguistics Society	2	否			1836-6821			cas:0501	中国语言文学	050107	中国少数民族语言文学	manual_source_verified	manually_verified	high
Asian Ethnicity	1	是			1463-1369			cas:0501	中国语言文学	050107	中国少数民族语言文学	manual_source_verified	manually_verified	high
The Journal of Asian Studies	1	是			0021-9118			cas:0501	中国语言文学	050107	中国少数民族语言文学	manual_source_verified	manually_verified	high
Russian Linguistics	1	是			0304-3487			cas:0502	外国语言文学	050202	俄语语言文学	manual_source_verified	manually_verified	high
The Russian Review	1	是			0036-0341			cas:0502	外国语言文学	050202	俄语语言文学	manual_source_verified	manually_verified	high
The Slavic and East European Journal	1	是			0037-6752			cas:0502	外国语言文学	050202	俄语语言文学	manual_source_verified	manually_verified	high
Russian Literature	1	是			0304-3479			cas:0502	外国语言文学	050202	俄语语言文学	manual_source_verified	manually_verified	high
Slovo a slovesnost	2	否			0037-7031			cas:0502	外国语言文学	050202	俄语语言文学	manual_source_verified	manually_verified	high
Russian language studies	2	否			2618-8163			cas:0502	外国语言文学	050202	俄语语言文学	manual_source_verified	manually_verified	high
Voprosy Jazykoznanija	2	否			0373-658X			cas:0502	外国语言文学	050202	俄语语言文学	manual_source_verified	manually_verified	high
Russian Journal of Linguistics	2	否			2687-0088			cas:0502	外国语言文学	050202	俄语语言文学	manual_source_verified	manually_verified	high
Studia Slavica	3	否			0039-3363			cas:0502	外国语言文学	050202	俄语语言文学	manual_source_verified	manually_verified	high
Zeitschrift für Slawistik	3	否			0044-3506			cas:0502	外国语言文学	050202	俄语语言文学	manual_source_verified	manually_verified	high
Comparative Literature Studies	1	是			0010-4132			cas:0501	中国语言文学	050108	比较文学与世界文学	manual_source_verified	manually_verified	high
World Literature Today	2	否			0196-3570			cas:0501	中国语言文学	050108	比较文学与世界文学	manual_source_verified	manually_verified	high
Neohelicon	1	是			0324-4652			cas:0501	中国语言文学	050108	比较文学与世界文学	manual_source_verified	manually_verified	high
CLCWeb Comparative Literature and Culture	2	否			1481-4374			cas:0501	中国语言文学	050108	比较文学与世界文学	manual_source_verified	manually_verified	high
Journal of World Literature	1	是			2405-6472			cas:0501	中国语言文学	050108	比较文学与世界文学	manual_source_verified	manually_verified	high
Comparative Critical Studies	1	是			1744-1854			cas:0501	中国语言文学	050108	比较文学与世界文学	manual_source_verified	manually_verified	high
Orbis Litterarum	1	是			0105-7510			cas:0501	中国语言文学	050108	比较文学与世界文学	manual_source_verified	manually_verified	high
Arcadia - International Journal for Literary Studies	2	否			0003-7982			cas:0501	中国语言文学	050108	比较文学与世界文学	manual_source_verified	manually_verified	high
Primerjalna književnost	2	否			0351-1189			cas:0501	中国语言文学	050108	比较文学与世界文学	manual_source_verified	manually_verified	high
Revista Brasileira de Literatura Comparada	3	否			0103-6963			cas:0501	中国语言文学	050108	比较文学与世界文学	manual_source_verified	manually_verified	high
Modern Chinese Literature and Culture	1	是			1520-9857			cas:0501	中国语言文学	050106	中国现当代文学	manual_source_verified	manually_verified	high
Chinese Literature Essays Articles Reviews (CLEAR)	1	是			0161-9705			cas:0501	中国语言文学	050106	中国现当代文学	manual_source_verified	manually_verified	high
Frontiers of Literary Studies in China	1	是			1673-7318			cas:0501	中国语言文学	050106	中国现当代文学	manual_source_verified	manually_verified	high
CLCWeb Comparative Literature and Culture	1	是			1481-4374			cas:0501	中国语言文学	050106	中国现当代文学	manual_source_verified	manually_verified	high
Chinese Literature Today	2	否			2151-4399			cas:0501	中国语言文学	050106	中国现当代文学	manual_source_verified	manually_verified	high
Journal of Chinese Literature and Culture	1	是			2329-0048			cas:0501	中国语言文学	050106	中国现当代文学	manual_source_verified	manually_verified	high
Prism	1	是			2578-3491			cas:0501	中国语言文学	050106	中国现当代文学	manual_source_verified	manually_verified	high
Chinese Literature and Thought Today	2	否			2768-3524			cas:0501	中国语言文学	050106	中国现当代文学	manual_source_verified	manually_verified	high
The Journal of Modern China Studies	2	否			1598-821X			cas:0501	中国语言文学	050106	中国现当代文学	manual_source_verified	manually_verified	high
Journal of Oriental Studies	3	否			1563-0226			cas:0501	中国语言文学	050106	中国现当代文学	manual_source_verified	manually_verified	high
Zeitschrift für Germanistische Linguistik	2	否			0301-3294			cas:0502	外国语言文学	050204	德语语言文学	manual_source_verified	manually_verified	high
Deutsche Vierteljahrsschrift für Literaturwissenschaft und Geistesgeschichte	1	是			0012-0936			cas:0502	外国语言文学	050204	德语语言文学	manual_source_verified	manually_verified	high
German Life and Letters	1	是			0016-8777			cas:0502	外国语言文学	050204	德语语言文学	manual_source_verified	manually_verified	high
The German Quarterly	1	是			0016-8831			cas:0502	外国语言文学	050204	德语语言文学	manual_source_verified	manually_verified	high
Jahrbuch für Internationale Germanistik	3	否			0449-5233			cas:0502	外国语言文学	050204	德语语言文学	manual_source_verified	manually_verified	high
Literaturwissenschaftliches Jahrbuch	3	否			0075-997X			cas:0502	外国语言文学	050204	德语语言文学	manual_source_verified	manually_verified	high
Monatshefte	1	是			0026-9271			cas:0502	外国语言文学	050204	德语语言文学	manual_source_verified	manually_verified	high
Neophilologus	1	是			0028-2677			cas:0502	外国语言文学	050204	德语语言文学	manual_source_verified	manually_verified	high
Oxford German Studies	2	否			0078-7191			cas:0502	外国语言文学	050204	德语语言文学	manual_source_verified	manually_verified	high
Publications of the English Goethe Society	2	否			0959-3683			cas:0502	外国语言文学	050204	德语语言文学	manual_source_verified	manually_verified	high
The French Review	1	是			2329-7131			cas:0502	外国语言文学	050203	法语语言文学	manual_source_verified	manually_verified	high
Yale French Studies	1	是			0044-0078			cas:0502	外国语言文学	050203	法语语言文学	manual_source_verified	manually_verified	high
French Forum	2	否			1534-1836			cas:0502	外国语言文学	050203	法语语言文学	manual_source_verified	manually_verified	high
French Cultural Studies	2	否			0957-1558			cas:0502	外国语言文学	050203	法语语言文学	manual_source_verified	manually_verified	high
Contemporary French and Francophone Studies	2	否			1740-9292			cas:0502	外国语言文学	050203	法语语言文学	manual_source_verified	manually_verified	high
Studies in French Cinema	2	否			1471-5880			cas:0502	外国语言文学	050203	法语语言文学	manual_source_verified	manually_verified	high
Nottingham French Studies	2	否			0029-4586			cas:0502	外国语言文学	050203	法语语言文学	manual_source_verified	manually_verified	high
Australian Journal of French Studies	2	否			0004-9468			cas:0502	外国语言文学	050203	法语语言文学	manual_source_verified	manually_verified	high
Revue d histoire littéraire de la France	2	否			0035-2411			cas:0502	外国语言文学	050203	法语语言文学	manual_source_verified	manually_verified	high
Littérature	3	否			0047-4800			cas:0502	外国语言文学	050203	法语语言文学	manual_source_verified	manually_verified	high
Journal of Arabic Literature	1	是			0085-2376			cas:0502	外国语言文学	050208	阿拉伯语语言文学	manual_source_verified	manually_verified	high
Arabica	1	是			0570-5398			cas:0502	外国语言文学	050208	阿拉伯语语言文学	manual_source_verified	manually_verified	high
Journal of Semitic Studies	1	是			0022-4480			cas:0502	外国语言文学	050208	阿拉伯语语言文学	manual_source_verified	manually_verified	high
Middle Eastern Literatures	1	是			1475-262X			cas:0502	外国语言文学	050208	阿拉伯语语言文学	manual_source_verified	manually_verified	high
Al-Qanṭara	1	是			0211-3589			cas:0502	外国语言文学	050208	阿拉伯语语言文学	manual_source_verified	manually_verified	high
Journal of Arabic and Islamic Studies	2	否			0806-198X			cas:0502	外国语言文学	050208	阿拉伯语语言文学	manual_source_verified	manually_verified	high
Arabic Sciences and Philosophy	1	是			0957-4239			cas:0502	外国语言文学	050208	阿拉伯语语言文学	manual_source_verified	manually_verified	high
Journal of Qur anic Studies	1	是			1465-3591			cas:0502	外国语言文学	050208	阿拉伯语语言文学	manual_source_verified	manually_verified	high
Bulletin of the School of Oriental and African Studies	1	是			0041-977X			cas:0502	外国语言文学	050208	阿拉伯语语言文学	manual_source_verified	manually_verified	high
International Journal of Middle East Studies	1	是			0020-7438			cas:0502	外国语言文学	050208	阿拉伯语语言文学	manual_source_verified	manually_verified	high
The Modern Language Review	2	否			0026-7937			cas:0502	外国语言文学	050209	欧洲语言文学	manual_source_verified	manually_verified	high
French Studies	1	是			0016-1128			cas:0502	外国语言文学	050209	欧洲语言文学	manual_source_verified	manually_verified	high
German Life and Letters	2	否			0016-8777			cas:0502	外国语言文学	050209	欧洲语言文学	manual_source_verified	manually_verified	high
Italica	2	否			0021-3020			cas:0502	外国语言文学	050209	欧洲语言文学	manual_source_verified	manually_verified	high
Hispanic Review	1	是			0018-2176			cas:0502	外国语言文学	050209	欧洲语言文学	manual_source_verified	manually_verified	high
Revista de Literatura	2	否			0034-849X			cas:0502	外国语言文学	050209	欧洲语言文学	manual_source_verified	manually_verified	high
Zeitschrift für romanische Philologie (ZrP)	2	否			0049-8661			cas:0502	外国语言文学	050209	欧洲语言文学	manual_source_verified	manually_verified	high
Romanische Forschungen	2	否			0035-8126			cas:0502	外国语言文学	050209	欧洲语言文学	manual_source_verified	manually_verified	high
Modern Language Journal	1	是			0026-7902			cas:0502	外国语言文学	050209	欧洲语言文学	manual_source_verified	manually_verified	high
Language and Literature International Journal of Stylistics	1	是			0963-9470			cas:0502	外国语言文学	050209	欧洲语言文学	manual_source_verified	manually_verified	high
Journal of African Languages and Linguistics	1	是			0167-6164			cas:0502	外国语言文学	050210	亚非语言文学	manual_source_verified	manually_verified	high
African Studies Review	1	是			0002-0206			cas:0502	外国语言文学	050210	亚非语言文学	manual_source_verified	manually_verified	high
Journal of the American Oriental Society	1	是			0003-0279			cas:0502	外国语言文学	050210	亚非语言文学	manual_source_verified	manually_verified	high
Journal of Near Eastern Studies	1	是			0022-2968			cas:0502	外国语言文学	050210	亚非语言文学	manual_source_verified	manually_verified	high
Bulletin of the School of Oriental and African Studies	1	是			0041-977X			cas:0502	外国语言文学	050210	亚非语言文学	manual_source_verified	manually_verified	high
Journal of Semitic Studies	1	是			0022-4480			cas:0502	外国语言文学	050210	亚非语言文学	manual_source_verified	manually_verified	high
Journal of Asian and African Studies	2	否			0021-9096			cas:0502	外国语言文学	050210	亚非语言文学	manual_source_verified	manually_verified	high
Journal of Japanese Linguistics	2	否			2512-1413			cas:0502	外国语言文学	050210	亚非语言文学	manual_source_verified	manually_verified	high
Studies of Koreans Abroad	2	否			1226-3494			cas:0502	外国语言文学	050210	亚非语言文学	manual_source_verified	manually_verified	high
Acta Orientalia	2	否			0001-6446			cas:0502	外国语言文学	050210	亚非语言文学	manual_source_verified	manually_verified	high
Hispania	1	是			0018-2133			cas:0502	外国语言文学	050207	西班牙语语言文学	manual_source_verified	manually_verified	high
Revista de Filología Española	1	是			0210-9174			cas:0502	外国语言文学	050207	西班牙语语言文学	manual_source_verified	manually_verified	high
Bulletin of Hispanic Studies	1	是			1475-3839			cas:0502	外国语言文学	050207	西班牙语语言文学	manual_source_verified	manually_verified	high
Bulletin of Spanish Studies	1	是			1475-3820			cas:0502	外国语言文学	050207	西班牙语语言文学	manual_source_verified	manually_verified	high
Anuario de Estudios Medievales	1	是			0066-5061			cas:0502	外国语言文学	050207	西班牙语语言文学	manual_source_verified	manually_verified	high
Rilce Revista de Filología Hispánica	1	是			0213-2370			cas:0502	外国语言文学	050207	西班牙语语言文学	manual_source_verified	manually_verified	high
Nueva Revista de Filología Hispánica (NRFH)	2	否			0185-0121			cas:0502	外国语言文学	050207	西班牙语语言文学	manual_source_verified	manually_verified	high
Revista de Literatura	2	否			0034-849X			cas:0502	外国语言文学	050207	西班牙语语言文学	manual_source_verified	manually_verified	high
Hispanic Research Journal	2	否			1468-2737			cas:0502	外国语言文学	050207	西班牙语语言文学	manual_source_verified	manually_verified	high
Anales Cervantinos	3	否			0569-9878			cas:0502	外国语言文学	050207	西班牙语语言文学	manual_source_verified	manually_verified	high
Journal of Japanese Linguistics	1	是			2512-1413			cas:0502	外国语言文学	050205	日语语言文学	manual_source_verified	manually_verified	high
Japanese Language and Literature	2	否			1536-7827			cas:0502	外国语言文学	050205	日语语言文学	manual_source_verified	manually_verified	high
Monumenta Nipponica	2	否			0027-0741			cas:0502	外国语言文学	050205	日语语言文学	manual_source_verified	manually_verified	high
Japanese Studies	1	是			1037-1397			cas:0502	外国语言文学	050205	日语语言文学	manual_source_verified	manually_verified	high
Japan Forum	1	是			0955-5803			cas:0502	外国语言文学	050205	日语语言文学	manual_source_verified	manually_verified	high
Journal of Japanese and Korean Cinema	2	否			1756-4905			cas:0502	外国语言文学	050205	日语语言文学	manual_source_verified	manually_verified	high
Studies in Japanese Literature and Culture	3	否			2434-1606			cas:0502	外国语言文学	050205	日语语言文学	manual_source_verified	manually_verified	high
Border Crossings The Journal of Japanese-Language Literature Studies	3	否			2383-5222			cas:0502	外国语言文学	050205	日语语言文学	manual_source_verified	manually_verified	high
Acta Linguistica Asiatica	2	否			2232-3317			cas:0502	外国语言文学	050205	日语语言文学	manual_source_verified	manually_verified	high
Applied Linguistics	1	是			0142-6001			cas:0502	外国语言文学	050211	外国语言学及应用语言学	manual_source_verified	manually_verified	high
Language Learning	1	是			0023-8333			cas:0502	外国语言文学	050211	外国语言学及应用语言学	manual_source_verified	manually_verified	high
Studies in Second Language Acquisition	1	是			0272-2631			cas:0502	外国语言文学	050211	外国语言学及应用语言学	manual_source_verified	manually_verified	high
Modern Language Journal	1	是			0026-7902			cas:0502	外国语言文学	050211	外国语言学及应用语言学	manual_source_verified	manually_verified	high
TESOL Quarterly	1	是			0039-8322			cas:0502	外国语言文学	050211	外国语言学及应用语言学	manual_source_verified	manually_verified	high
Second language Research	1	是			0267-6583			cas:0502	外国语言文学	050211	外国语言学及应用语言学	manual_source_verified	manually_verified	high
Language Teaching Research	1	是			1362-1688			cas:0502	外国语言文学	050211	外国语言学及应用语言学	manual_source_verified	manually_verified	high
Computer Assisted Language Learning	1	是			0958-8221			cas:0502	外国语言文学	050211	外国语言学及应用语言学	manual_source_verified	manually_verified	high
Journal of Second Language Writing	1	是			1060-3743			cas:0502	外国语言文学	050211	外国语言学及应用语言学	manual_source_verified	manually_verified	high
Foreign Language Annals	1	是			0015-718X			cas:0502	外国语言文学	050211	外国语言学及应用语言学	manual_source_verified	manually_verified	high
Journal of Communication	1	是			0021-9916			cas:0503	新闻传播学	050301	新闻学	manual_source_verified	manually_verified	high
Communication Research	1	是			0093-6502			cas:0503	新闻传播学	050301	新闻学	manual_source_verified	manually_verified	high
Journal of Computer-Mediated Communication	1	是			1083-6101			cas:0503	新闻传播学	050301	新闻学	manual_source_verified	manually_verified	high
New Media & Society	1	是			1461-4448			cas:0503	新闻传播学	050301	新闻学	manual_source_verified	manually_verified	high
Digital Journalism	1	是			2167-0811			cas:0503	新闻传播学	050301	新闻学	manual_source_verified	manually_verified	high
Journalism	1	是			1464-8849			cas:0503	新闻传播学	050301	新闻学	manual_source_verified	manually_verified	high
Journalism Studies	1	是			1461-670X			cas:0503	新闻传播学	050301	新闻学	manual_source_verified	manually_verified	high
Journalism Practice	1	是			1751-2786			cas:0503	新闻传播学	050301	新闻学	manual_source_verified	manually_verified	high
Journal of Broadcasting & Electronic Media	1	是			0883-8151			cas:0503	新闻传播学	050301	新闻学	manual_source_verified	manually_verified	high
Mass Communication & Society	1	是			1520-5436			cas:0503	新闻传播学	050301	新闻学	manual_source_verified	manually_verified	high
Journal of Aesthetics and Art Criticism	1	是			0021-8529			cas:0504	艺术学	050401	艺术学	manual_source_verified	manually_verified	high
The British Journal of Aesthetics	1	是			0007-0904			cas:0504	艺术学	050401	艺术学	manual_source_verified	manually_verified	high
Poetics	1	是			0304-422X			cas:0504	艺术学	050401	艺术学	manual_source_verified	manually_verified	high
Psychology of Aesthetics Creativity and the Arts	1	是			1931-3896			cas:0504	艺术学	050401	艺术学	manual_source_verified	manually_verified	high
Empirical Studies of the Arts	2	否			0276-2374			cas:0504	艺术学	050401	艺术学	manual_source_verified	manually_verified	high
Leonardo	2	否			0024-094X			cas:0504	艺术学	050401	艺术学	manual_source_verified	manually_verified	high
Journal of Visual Art Practice	2	否			1470-2029			cas:0504	艺术学	050401	艺术学	manual_source_verified	manually_verified	high
Art History	1	是			0141-6790			cas:0504	艺术学	050401	艺术学	manual_source_verified	manually_verified	high
Oxford Art Journal	2	否			0142-6540			cas:0504	艺术学	050401	艺术学	manual_source_verified	manually_verified	high
Third Text	2	否			0952-8822			cas:0504	艺术学	050401	艺术学	manual_source_verified	manually_verified	high
Communication Research	1	是			0093-6502			cas:0503	新闻传播学	050302	传播学	manual_source_verified	manually_verified	high
Human Communication Research	1	是			0360-3989			cas:0503	新闻传播学	050302	传播学	manual_source_verified	manually_verified	high
New Media & Society	1	是			1461-4448			cas:0503	新闻传播学	050302	传播学	manual_source_verified	manually_verified	high
Journal of Computer-Mediated Communication	1	是			1083-6101			cas:0503	新闻传播学	050302	传播学	manual_source_verified	manually_verified	high
Communication Theory	1	是			1050-3293			cas:0503	新闻传播学	050302	传播学	manual_source_verified	manually_verified	high
Political Communication	1	是			1058-4609			cas:0503	新闻传播学	050302	传播学	manual_source_verified	manually_verified	high
Public Opinion Quarterly	1	是			0033-362X			cas:0503	新闻传播学	050302	传播学	manual_source_verified	manually_verified	high
Mass Communication & Society	1	是			1520-5436			cas:0503	新闻传播学	050302	传播学	manual_source_verified	manually_verified	high
Journal of Advertising	1	是			0091-3367			cas:0503	新闻传播学	050302	传播学	manual_source_verified	manually_verified	high
The International Journal of Press/Politics	1	是			1940-1612			cas:0503	新闻传播学	050302	传播学	manual_source_verified	manually_verified	high
Journal of the American Musicological Society	1	是			0003-0139			cas:0504	艺术学	050402	音乐学	manual_source_verified	manually_verified	high
Music Theory Spectrum	1	是			0195-6167			cas:0504	艺术学	050402	音乐学	manual_source_verified	manually_verified	high
Ethnomusicology	1	是			0014-1836			cas:0504	艺术学	050402	音乐学	manual_source_verified	manually_verified	high
Journal of the Royal Musical Association	1	是			0269-0403			cas:0504	艺术学	050402	音乐学	manual_source_verified	manually_verified	high
Music and Letters	1	是			0027-4224			cas:0504	艺术学	050402	音乐学	manual_source_verified	manually_verified	high
Psychology of Music	1	是			0305-7356			cas:0504	艺术学	050402	音乐学	manual_source_verified	manually_verified	high
Journal of New Music Research	1	是			0929-8215			cas:0504	艺术学	050402	音乐学	manual_source_verified	manually_verified	high
Popular Music	1	是			0261-1430			cas:0504	艺术学	050402	音乐学	manual_source_verified	manually_verified	high
Music Perception An Interdisciplinary Journal	1	是			0730-7829			cas:0504	艺术学	050402	音乐学	manual_source_verified	manually_verified	high
Journal of Music Theory	1	是			0022-2909			cas:0504	艺术学	050402	音乐学	manual_source_verified	manually_verified	high
The International Journal of Designed Objects	1	是			2325-1379			cas:0504	艺术学	050404	设计艺术学	manual_source_verified	manually_verified	high
Design Issues	1	是			0747-9360			cas:0504	艺术学	050404	设计艺术学	manual_source_verified	manually_verified	high
The Design Journal	1	是			1460-6925			cas:0504	艺术学	050404	设计艺术学	manual_source_verified	manually_verified	high
Journal of Design History	1	是			0952-4649			cas:0504	艺术学	050404	设计艺术学	manual_source_verified	manually_verified	high
CoDesign	1	是			1571-0882			cas:0504	艺术学	050404	设计艺术学	manual_source_verified	manually_verified	high
She Ji The Journal of Design Economics and Innovation	1	是			2405-8726			cas:0504	艺术学	050404	设计艺术学	manual_source_verified	manually_verified	high
Art Design & Communication in Higher Education	2	否			1474-273X			cas:0504	艺术学	050404	设计艺术学	manual_source_verified	manually_verified	high
Journal of Visual Art Practice	2	否			1470-2029			cas:0504	艺术学	050404	设计艺术学	manual_source_verified	manually_verified	high
Visual Communication	1	是			1470-3572			cas:0504	艺术学	050404	设计艺术学	manual_source_verified	manually_verified	high
Fashion Theory	1	是			1362-704X			cas:0504	艺术学	050404	设计艺术学	manual_source_verified	manually_verified	high
Journal of South Asian Languages and Linguistics	2	否			2196-078X			cas:0502	外国语言文学	050206	印度语言文学	manual_source_verified	manually_verified	high
Indiana Working Papers in South Asian Languages and Cultures	3	否			2688-7215			cas:0502	外国语言文学	050206	印度语言文学	manual_source_verified	manually_verified	high
South Asia Research	1	是			0262-7280			cas:0502	外国语言文学	050206	印度语言文学	manual_source_verified	manually_verified	high
Bulletin of the School of Oriental and African Studies	1	是			0041-977X			cas:0502	外国语言文学	050206	印度语言文学	manual_source_verified	manually_verified	high
Indo-Iranian Journal	1	是			0019-7246			cas:0502	外国语言文学	050206	印度语言文学	manual_source_verified	manually_verified	high
Journal of the American Oriental Society	1	是			0003-0279			cas:0502	外国语言文学	050206	印度语言文学	manual_source_verified	manually_verified	high
Journal of Indian Philosophy	1	是			0022-1791			cas:0502	外国语言文学	050206	印度语言文学	manual_source_verified	manually_verified	high
South Asian History and Culture	1	是			1947-2498			cas:0502	外国语言文学	050206	印度语言文学	manual_source_verified	manually_verified	high
TDR/The Drama Review	1	是			1054-2043			cas:0504	艺术学	050405	戏剧戏曲学	manual_source_verified	manually_verified	high
Theatre Survey	1	是			0040-5574			cas:0504	艺术学	050405	戏剧戏曲学	manual_source_verified	manually_verified	high
Modern Drama	1	是			0026-7694			cas:0504	艺术学	050405	戏剧戏曲学	manual_source_verified	manually_verified	high
Asian Theatre Journal	1	是			0742-5457			cas:0504	艺术学	050405	戏剧戏曲学	manual_source_verified	manually_verified	high
New Theatre Quarterly	1	是			0266-464X			cas:0504	艺术学	050405	戏剧戏曲学	manual_source_verified	manually_verified	high
Theatre Research International	1	是			0307-8833			cas:0504	艺术学	050405	戏剧戏曲学	manual_source_verified	manually_verified	high
Contemporary Theatre Review	1	是			1048-6801			cas:0504	艺术学	050405	戏剧戏曲学	manual_source_verified	manually_verified	high
Performance Research	1	是			1352-8165			cas:0504	艺术学	050405	戏剧戏曲学	manual_source_verified	manually_verified	high
PAJ A Journal of Performance and Art	2	否			1520-281X			cas:0504	艺术学	050405	戏剧戏曲学	manual_source_verified	manually_verified	high
Comparative Drama	2	否			1936-1637			cas:0504	艺术学	050405	戏剧戏曲学	manual_source_verified	manually_verified	high
The Art Bulletin	1	是			0004-3079			cas:0504	艺术学	050403	美术学	manual_source_verified	manually_verified	high
Art History	1	是			0141-6790			cas:0504	艺术学	050403	美术学	manual_source_verified	manually_verified	high
Oxford Art Journal	1	是			0142-6540			cas:0504	艺术学	050403	美术学	manual_source_verified	manually_verified	high
Journal of Aesthetics and Art Criticism	1	是			0021-8529			cas:0504	艺术学	050403	美术学	manual_source_verified	manually_verified	high
The British Journal of Aesthetics	1	是			0007-0904			cas:0504	艺术学	050403	美术学	manual_source_verified	manually_verified	high
Art Journal	1	是			0004-3249			cas:0504	艺术学	050403	美术学	manual_source_verified	manually_verified	high
Leonardo	1	是			0024-094X			cas:0504	艺术学	050403	美术学	manual_source_verified	manually_verified	high
Visual Resources	2	否			0197-3762			cas:0504	艺术学	050403	美术学	manual_source_verified	manually_verified	high
Konsthistorisk tidskrift/Journal of Art History	2	否			0023-3609			cas:0504	艺术学	050403	美术学	manual_source_verified	manually_verified	high
Journal of Visual Culture	1	是			1470-4129			cas:0504	艺术学	050403	美术学	manual_source_verified	manually_verified	high
Screen	1	是			0036-9543			cas:0504	艺术学	050406	电影学	manual_source_verified	manually_verified	high
Cinema Journal	1	是			0009-7101			cas:0504	艺术学	050406	电影学	manual_source_verified	manually_verified	high
Journal of Italian Cinema and Media Studies	1	是			2047-7368			cas:0504	艺术学	050406	电影学	manual_source_verified	manually_verified	high
New Review of Film and Television Studies	1	是			1740-0309			cas:0504	艺术学	050406	电影学	manual_source_verified	manually_verified	high
Historical Journal Of Film Radio and Television	2	否			0143-9685			cas:0504	艺术学	050406	电影学	manual_source_verified	manually_verified	high
Film Criticism	2	否			2471-4364			cas:0504	艺术学	050406	电影学	manual_source_verified	manually_verified	high
Quarterly Review of Film and Video	2	否			1050-9208			cas:0504	艺术学	050406	电影学	manual_source_verified	manually_verified	high
Journal of Popular Film and Television	2	否			0195-6051			cas:0504	艺术学	050406	电影学	manual_source_verified	manually_verified	high
Studies in European Cinema	2	否			1741-1548			cas:0504	艺术学	050406	电影学	manual_source_verified	manually_verified	high
Journal of Film and Video	3	否			0742-4671			cas:0504	艺术学	050406	电影学	manual_source_verified	manually_verified	high
Journal of Broadcasting & Electronic Media	1	是			0883-8151			cas:0504	艺术学	050407	广播电视艺术学	manual_source_verified	manually_verified	high
Television & New Media	1	是			1527-4764			cas:0504	艺术学	050407	广播电视艺术学	manual_source_verified	manually_verified	high
Media Culture & Society	1	是			0163-4437			cas:0504	艺术学	050407	广播电视艺术学	manual_source_verified	manually_verified	high
Critical Studies in Television The International Journal of Television Studies	1	是			1749-6020			cas:0504	艺术学	050407	广播电视艺术学	manual_source_verified	manually_verified	high
Convergence The International Journal of Research into New Media Technologies	1	是			1354-8565			cas:0504	艺术学	050407	广播电视艺术学	manual_source_verified	manually_verified	high
International Journal of Communication	1	是			1932-8036			cas:0504	艺术学	050407	广播电视艺术学	manual_source_verified	manually_verified	high
Journal of Popular Film and Television	2	否			0195-6051			cas:0504	艺术学	050407	广播电视艺术学	manual_source_verified	manually_verified	high
Historical Journal Of Film Radio and Television	2	否			0143-9685			cas:0504	艺术学	050407	广播电视艺术学	manual_source_verified	manually_verified	high
Journal of Media Psychology Theories Methods and Applications	2	否			1864-1105			cas:0504	艺术学	050407	广播电视艺术学	manual_source_verified	manually_verified	high
Journal of Visual Culture	2	否			1470-4129			cas:0504	艺术学	050407	广播电视艺术学	manual_source_verified	manually_verified	high
Journal of Archaeological Science	1	是			0305-4403			cas:0601	历史学	060102	考古学及博物馆学	manual_source_verified	manually_verified	high
Antiquity	1	是			0003-598X			cas:0601	历史学	060102	考古学及博物馆学	manual_source_verified	manually_verified	high
Journal of Anthropological Archaeology	1	是			0278-4165			cas:0601	历史学	060102	考古学及博物馆学	manual_source_verified	manually_verified	high
American Antiquity	1	是			0002-7316			cas:0601	历史学	060102	考古学及博物馆学	manual_source_verified	manually_verified	high
Journal of Field Archaeology	1	是			0093-4690			cas:0601	历史学	060102	考古学及博物馆学	manual_source_verified	manually_verified	high
Archaeological and Anthropological Sciences	1	是			1866-9557			cas:0601	历史学	060102	考古学及博物馆学	manual_source_verified	manually_verified	high
Journal of Archaeological Method and Theory	1	是			1072-5369			cas:0601	历史学	060102	考古学及博物馆学	manual_source_verified	manually_verified	high
Current Anthropology	1	是			0011-3204			cas:0601	历史学	060102	考古学及博物馆学	manual_source_verified	manually_verified	high
World Archaeology	1	是			0043-8243			cas:0601	历史学	060102	考古学及博物馆学	manual_source_verified	manually_verified	high
Journal of Cultural Heritage	1	是			1296-2074			cas:0601	历史学	060102	考古学及博物馆学	manual_source_verified	manually_verified	high
Archival Science	1	是			1389-0166			cas:0601	历史学	060104	历史文献学	manual_source_verified	manually_verified	high
Journal of Documentation	1	是			0022-0418			cas:0601	历史学	060104	历史文献学	manual_source_verified	manually_verified	high
Library & Information Science Research	1	是			0740-8188			cas:0601	历史学	060104	历史文献学	manual_source_verified	manually_verified	high
Journal of the Association for Information Science and Technology	1	是			2330-1635			cas:0601	历史学	060104	历史文献学	manual_source_verified	manually_verified	high
Archives and Manuscripts	2	否			0157-6895			cas:0601	历史学	060104	历史文献学	manual_source_verified	manually_verified	high
Archives and Records	2	否			2325-7962			cas:0601	历史学	060104	历史文献学	manual_source_verified	manually_verified	high
The American Archivist	2	否			0360-9081			cas:0601	历史学	060104	历史文献学	manual_source_verified	manually_verified	high
Journal of the Society of Archivists	2	否			0037-9816			cas:0601	历史学	060104	历史文献学	manual_source_verified	manually_verified	high
RBM A Journal of Rare Books Manuscripts and Cultural Heritage	3	否			1529-6407			cas:0601	历史学	060104	历史文献学	manual_source_verified	manually_verified	high
Manuscript Studies A Journal of the Schoenberg Institute for Manuscript Studies	3	否			2381-5329			cas:0601	历史学	060104	历史文献学	manual_source_verified	manually_verified	high
Rethinking History	1	是			1364-2529			cas:0601	历史学	060101	史学理论及史学史	manual_source_verified	manually_verified	high
Journal of the History of Ideas	1	是			0022-5037			cas:0601	历史学	060101	史学理论及史学史	manual_source_verified	manually_verified	high
History of European Ideas	2	否			0191-6599			cas:0601	历史学	060101	史学理论及史学史	manual_source_verified	manually_verified	high
Intellectual History Review	2	否			1749-6977			cas:0601	历史学	060101	史学理论及史学史	manual_source_verified	manually_verified	high
Global Intellectual History	2	否			2380-1883			cas:0601	历史学	060101	史学理论及史学史	manual_source_verified	manually_verified	high
História da Historiografia International Journal of Theory and History of Historiography	3	否			1983-9928			cas:0601	历史学	060101	史学理论及史学史	manual_source_verified	manually_verified	high
Journal of the Philosophy of History	1	是			1872-261X			cas:0601	历史学	060101	史学理论及史学史	manual_source_verified	manually_verified	high
History & Philosophy of the Life Sciences	2	否			0391-9714			cas:0601	历史学	060101	史学理论及史学史	manual_source_verified	manually_verified	high
The Historical Journal	1	是			0018-246X			cas:0601	历史学	060101	史学理论及史学史	manual_source_verified	manually_verified	high
The American Historical Review	1	是			0002-8762			cas:0601	历史学	060101	史学理论及史学史	manual_source_verified	manually_verified	high
Research in Dance Education	1	是			1464-7893			cas:0504	艺术学	050408	舞蹈学	manual_source_verified	manually_verified	high
Journal of Dance Medicine & Science	1	是			1089-313X			cas:0504	艺术学	050408	舞蹈学	manual_source_verified	manually_verified	high
Dance Research	1	是			0264-2875			cas:0504	艺术学	050408	舞蹈学	manual_source_verified	manually_verified	high
The International Journal of Screendance	2	否			2154-6878			cas:0504	艺术学	050408	舞蹈学	manual_source_verified	manually_verified	high
Journal of Dance & Somatic Practices	2	否			1757-1871			cas:0504	艺术学	050408	舞蹈学	manual_source_verified	manually_verified	high
Choreographic Practices	2	否			2040-5669			cas:0504	艺术学	050408	舞蹈学	manual_source_verified	manually_verified	high
Dance Chronicle	2	否			0147-2526			cas:0504	艺术学	050408	舞蹈学	manual_source_verified	manually_verified	high
Journal of Theatre Dance and Performance Training	2	否			1944-3927			cas:0504	艺术学	050408	舞蹈学	manual_source_verified	manually_verified	high
Journal of Physical Education Recreation & Dance	3	否			0730-3084			cas:0504	艺术学	050408	舞蹈学	manual_source_verified	manually_verified	high
Dance Education in Practice	3	否			2373-4833			cas:0504	艺术学	050408	舞蹈学	manual_source_verified	manually_verified	high
Journal of World History	1	是			1527-8050			cas:0601	历史学	060105	专门史	manual_source_verified	manually_verified	high
Journal of Global History	1	是			1740-0228			cas:0601	历史学	060105	专门史	manual_source_verified	manually_verified	high
Journal of Social History	1	是			0022-4529			cas:0601	历史学	060105	专门史	manual_source_verified	manually_verified	high
Comparative Studies in Society and History	1	是			0010-4175			cas:0601	历史学	060105	专门史	manual_source_verified	manually_verified	high
Past & Present	1	是			0031-2746			cas:0601	历史学	060105	专门史	manual_source_verified	manually_verified	high
The Historical Journal	1	是			0018-246X			cas:0601	历史学	060105	专门史	manual_source_verified	manually_verified	high
Journal of Interdisciplinary History	2	否			0022-1953			cas:0601	历史学	060105	专门史	manual_source_verified	manually_verified	high
History and Theory	1	是			0018-2656			cas:0601	历史学	060105	专门史	manual_source_verified	manually_verified	high
International Review of Social History	1	是			0020-8590			cas:0601	历史学	060105	专门史	manual_source_verified	manually_verified	high
Journal of the Economic and Social History of the Orient	1	是			0022-4995			cas:0601	历史学	060105	专门史	manual_source_verified	manually_verified	high
Imago Mundi	1	是			0308-5694			cas:0601	历史学	060103	历史地理学	manual_source_verified	manually_verified	high
Historical Geography	2	否			2331-7523			cas:0601	历史学	060103	历史地理学	manual_source_verified	manually_verified	high
Landscape History	2	否			0143-3768			cas:0601	历史学	060103	历史地理学	manual_source_verified	manually_verified	high
Geographical Review	2	否			0016-7428			cas:0601	历史学	060103	历史地理学	manual_source_verified	manually_verified	high
Annals of the American Association of Geographers	1	是			2469-4452			cas:0601	历史学	060103	历史地理学	manual_source_verified	manually_verified	high
Transactions of the Institute of British Geographers	1	是			0020-2754			cas:0601	历史学	060103	历史地理学	manual_source_verified	manually_verified	high
Progress in Human Geography	1	是			0309-1325			cas:0601	历史学	060103	历史地理学	manual_source_verified	manually_verified	high
Environment and History	1	是			0967-3407			cas:0601	历史学	060103	历史地理学	manual_source_verified	manually_verified	high
Journal of the Economic and Social History of the Orient	1	是			0022-4995			cas:0601	历史学	060103	历史地理学	manual_source_verified	manually_verified	high
Cartographica The International Journal for Geographic Information and Geovisualization	3	否			0317-7173			cas:0601	历史学	060103	历史地理学	manual_source_verified	manually_verified	high
Journal of Chinese History	1	是			2059-1632			cas:0601	历史学	060106	中国古代史	manual_source_verified	manually_verified	high
T oung Pao	1	是			0082-5433			cas:0601	历史学	060106	中国古代史	manual_source_verified	manually_verified	high
The Journal of Asian Studies	1	是			0021-9118			cas:0601	历史学	060106	中国古代史	manual_source_verified	manually_verified	high
Harvard Journal of Asiatic Studies	1	是			0073-0548			cas:0601	历史学	060106	中国古代史	manual_source_verified	manually_verified	high
Journal of the American Oriental Society	1	是			0003-0279			cas:0601	历史学	060106	中国古代史	manual_source_verified	manually_verified	high
Bulletin of the School of Oriental and African Studies	1	是			0041-977X			cas:0601	历史学	060106	中国古代史	manual_source_verified	manually_verified	high
Early China	1	是			0362-5028			cas:0601	历史学	060106	中国古代史	manual_source_verified	manually_verified	high
Journal of Song-Yuan Studies	2	否			2154-6665			cas:0601	历史学	060106	中国古代史	manual_source_verified	manually_verified	high
Ming Studies	2	否			0147-037X			cas:0601	历史学	060106	中国古代史	manual_source_verified	manually_verified	high
NAN Nü	2	否			1387-6805			cas:0601	历史学	060106	中国古代史	manual_source_verified	manually_verified	high
The China Quarterly	1	是			0305-7410			cas:0601	历史学	060107	中国近现代史	manual_source_verified	manually_verified	high
The Journal of Asian Studies	1	是			0021-9118			cas:0601	历史学	060107	中国近现代史	manual_source_verified	manually_verified	high
The China Journal	1	是			1324-9347			cas:0601	历史学	060107	中国近现代史	manual_source_verified	manually_verified	high
Journal of Contemporary China	1	是			1067-0564			cas:0601	历史学	060107	中国近现代史	manual_source_verified	manually_verified	high
Twentieth-Century China	2	否			1521-5385			cas:0601	历史学	060107	中国近现代史	manual_source_verified	manually_verified	high
Modern Asian Studies	1	是			0026-749X			cas:0601	历史学	060107	中国近现代史	manual_source_verified	manually_verified	high
Modern Chinese History	2	否			1753-5654			cas:0601	历史学	060107	中国近现代史	manual_source_verified	manually_verified	high
Frontiers of History in China	2	否			1673-3401			cas:0601	历史学	060107	中国近现代史	manual_source_verified	manually_verified	high
Asian Perspective	2	否			2288-2871			cas:0601	历史学	060107	中国近现代史	manual_source_verified	manually_verified	high
Journal of the Economic and Social History of the Orient	1	是			0022-4995			cas:0601	历史学	060107	中国近现代史	manual_source_verified	manually_verified	high
The American Historical Review	1	是			0002-8762			cas:0601	历史学	060108	世界史	manual_source_verified	manually_verified	high
Past & Present	1	是			0031-2746			cas:0601	历史学	060108	世界史	manual_source_verified	manually_verified	high
Journal of Global History	1	是			1740-0228			cas:0601	历史学	060108	世界史	manual_source_verified	manually_verified	high
Journal of World History	1	是			1527-8050			cas:0601	历史学	060108	世界史	manual_source_verified	manually_verified	high
The English Historical Review	1	是			0013-8266			cas:0601	历史学	060108	世界史	manual_source_verified	manually_verified	high
The Journal of Modern History	1	是			0022-2801			cas:0601	历史学	060108	世界史	manual_source_verified	manually_verified	high
The International History Review	1	是			0707-5332			cas:0601	历史学	060108	世界史	manual_source_verified	manually_verified	high
European History Quarterly	2	否			0265-6914			cas:0601	历史学	060108	世界史	manual_source_verified	manually_verified	high
Journal of Contemporary History	1	是			0022-0094			cas:0601	历史学	060108	世界史	manual_source_verified	manually_verified	high
Diplomatic History	1	是			0145-2096			cas:0601	历史学	060108	世界史	manual_source_verified	manually_verified	high
SIAM Journal on Numerical Analysis	1	是			0036-1429			cas:0701	数学	070102	计算数学	manual_source_verified	manually_verified	high
Mathematics of Computation	1	是			0025-5718			cas:0701	数学	070102	计算数学	manual_source_verified	manually_verified	high
Numerische Mathematik	1	是			0029-599X			cas:0701	数学	070102	计算数学	manual_source_verified	manually_verified	high
Journal of Computational Physics	1	是			0021-9991			cas:0701	数学	070102	计算数学	manual_source_verified	manually_verified	high
SIAM Journal on Scientific Computing	1	是			1064-8275			cas:0701	数学	070102	计算数学	manual_source_verified	manually_verified	high
Journal of Scientific Computing	1	是			0885-7474			cas:0701	数学	070102	计算数学	manual_source_verified	manually_verified	high
IMA Journal of Numerical Analysis	1	是			0272-4979			cas:0701	数学	070102	计算数学	manual_source_verified	manually_verified	high
BIT Numerical Mathematics	2	否			0006-3835			cas:0701	数学	070102	计算数学	manual_source_verified	manually_verified	high
Advances in Computational Mathematics	1	是			1019-7168			cas:0701	数学	070102	计算数学	manual_source_verified	manually_verified	high
Computational Methods in Applied Mathematics	2	否			1609-4840			cas:0701	数学	070102	计算数学	manual_source_verified	manually_verified	high
Annals of Mathematics	1	是			0003-486X			cas:0701	数学	070101	基础数学	manual_source_verified	manually_verified	high
Inventiones mathematicae	1	是			0020-9910			cas:0701	数学	070101	基础数学	manual_source_verified	manually_verified	high
Journal of the American Mathematical Society	1	是			0894-0347			cas:0701	数学	070101	基础数学	manual_source_verified	manually_verified	high
Acta Mathematica	1	是			0001-5962			cas:0701	数学	070101	基础数学	manual_source_verified	manually_verified	high
Publications mathématiques de l IHÉS	1	是			0073-8301			cas:0701	数学	070101	基础数学	manual_source_verified	manually_verified	high
Duke Mathematical Journal	1	是			0012-7094			cas:0701	数学	070101	基础数学	manual_source_verified	manually_verified	high
Journal of the European Mathematical Society	1	是			1435-9855			cas:0701	数学	070101	基础数学	manual_source_verified	manually_verified	high
Advances in Mathematics	1	是			0001-8708			cas:0701	数学	070101	基础数学	manual_source_verified	manually_verified	high
American Journal of Mathematics	1	是			0002-9327			cas:0701	数学	070101	基础数学	manual_source_verified	manually_verified	high
Mathematische Annalen	1	是			0025-5831			cas:0701	数学	070101	基础数学	manual_source_verified	manually_verified	high
SIAM Journal on Applied Mathematics	1	是			0036-1399			cas:0701	数学	070104	应用数学	manual_source_verified	manually_verified	high
Communications on Pure and Applied Mathematics	1	是			0010-3640			cas:0701	数学	070104	应用数学	manual_source_verified	manually_verified	high
Journal of Differential Equations	1	是			0022-0396			cas:0701	数学	070104	应用数学	manual_source_verified	manually_verified	high
Nonlinearity	1	是			0951-7715			cas:0701	数学	070104	应用数学	manual_source_verified	manually_verified	high
Journal of Nonlinear Science	1	是			0938-8974			cas:0701	数学	070104	应用数学	manual_source_verified	manually_verified	high
Physica D Nonlinear Phenomena	1	是			0167-2789			cas:0701	数学	070104	应用数学	manual_source_verified	manually_verified	high
SIAM Journal on Mathematical Analysis	1	是			0036-1410			cas:0701	数学	070104	应用数学	manual_source_verified	manually_verified	high
Journal of Mathematical Analysis and Applications	2	否			0022-247X			cas:0701	数学	070104	应用数学	manual_source_verified	manually_verified	high
Applied Mathematics and Computation	1	是			0096-3003			cas:0701	数学	070104	应用数学	manual_source_verified	manually_verified	high
Mathematical Models and Methods in Applied Sciences	1	是			0218-2025			cas:0701	数学	070104	应用数学	manual_source_verified	manually_verified	high
The Annals of Probability	1	是			0091-1798			cas:0701	数学	070103	概率论与数理统计	manual_source_verified	manually_verified	high
The Annals of Statistics	1	是			0090-5364			cas:0701	数学	070103	概率论与数理统计	manual_source_verified	manually_verified	high
Journal of the American Statistical Association	1	是			0162-1459			cas:0701	数学	070103	概率论与数理统计	manual_source_verified	manually_verified	high
Journal of the Royal Statistical Society Series B Statistical Methodology	1	是			1369-7412			cas:0701	数学	070103	概率论与数理统计	manual_source_verified	manually_verified	high
Biometrika	1	是			0006-3444			cas:0701	数学	070103	概率论与数理统计	manual_source_verified	manually_verified	high
Bernoulli	1	是			1350-7265			cas:0701	数学	070103	概率论与数理统计	manual_source_verified	manually_verified	high
Probability Theory and Related Fields	1	是			0178-8051			cas:0701	数学	070103	概率论与数理统计	manual_source_verified	manually_verified	high
Stochastic Processes and their Applications	1	是			0304-4149			cas:0701	数学	070103	概率论与数理统计	manual_source_verified	manually_verified	high
The Annals of Applied Probability	1	是			1050-5164			cas:0701	数学	070103	概率论与数理统计	manual_source_verified	manually_verified	high
Journal of Multivariate Analysis	2	否			0047-259X			cas:0701	数学	070103	概率论与数理统计	manual_source_verified	manually_verified	high
Physical Review Letters	1	是			0031-9007			cas:0702	物理学	070201	理论物理	manual_source_verified	manually_verified	high
Physical Review D	1	是			2470-0010			cas:0702	物理学	070201	理论物理	manual_source_verified	manually_verified	high
Journal of High Energy Physics	1	是			1029-8479			cas:0702	物理学	070201	理论物理	manual_source_verified	manually_verified	high
Nuclear Physics B	1	是			0550-3213			cas:0702	物理学	070201	理论物理	manual_source_verified	manually_verified	high
Physics Letters B	1	是			0370-2693			cas:0702	物理学	070201	理论物理	manual_source_verified	manually_verified	high
Classical and Quantum Gravity	1	是			0264-9381			cas:0702	物理学	070201	理论物理	manual_source_verified	manually_verified	high
Communications in Mathematical Physics	1	是			0010-3616			cas:0702	物理学	070201	理论物理	manual_source_verified	manually_verified	high
Annals of Physics	1	是			0003-4916			cas:0702	物理学	070201	理论物理	manual_source_verified	manually_verified	high
The European Physical Journal C	1	是			1434-6044			cas:0702	物理学	070201	理论物理	manual_source_verified	manually_verified	high
Journal of Cosmology and Astroparticle Physics	1	是			1475-7516			cas:0702	物理学	070201	理论物理	manual_source_verified	manually_verified	high
SIAM Journal on Optimization	1	是			1052-6234			cas:0701	数学	070105	运筹学与控制论	manual_source_verified	manually_verified	high
Mathematical Programming	1	是			0025-5610			cas:0701	数学	070105	运筹学与控制论	manual_source_verified	manually_verified	high
Mathematics of Operations Research	1	是			0364-765X			cas:0701	数学	070105	运筹学与控制论	manual_source_verified	manually_verified	high
Operations Research	1	是			0030-364X			cas:0701	数学	070105	运筹学与控制论	manual_source_verified	manually_verified	high
SIAM Journal on Control and Optimization	1	是			0363-0129			cas:0701	数学	070105	运筹学与控制论	manual_source_verified	manually_verified	high
Automatica	1	是			0005-1098			cas:0701	数学	070105	运筹学与控制论	manual_source_verified	manually_verified	high
IEEE Transactions on Automatic Control	1	是			0018-9286			cas:0701	数学	070105	运筹学与控制论	manual_source_verified	manually_verified	high
Journal of Optimization Theory and Applications	1	是			0022-3239			cas:0701	数学	070105	运筹学与控制论	manual_source_verified	manually_verified	high
Optimization Methods and Software	1	是			1055-6788			cas:0701	数学	070105	运筹学与控制论	manual_source_verified	manually_verified	high
European Journal of Operational Research	1	是			0377-2217			cas:0701	数学	070105	运筹学与控制论	manual_source_verified	manually_verified	high
Physical Review Letters	1	是			0031-9007			cas:0702	物理学	070202	粒子物理与原子核物理	manual_source_verified	manually_verified	high
Physical Review D	1	是			2470-0010			cas:0702	物理学	070202	粒子物理与原子核物理	manual_source_verified	manually_verified	high
Physics Letters B	1	是			0370-2693			cas:0702	物理学	070202	粒子物理与原子核物理	manual_source_verified	manually_verified	high
Nuclear Physics B	1	是			0550-3213			cas:0702	物理学	070202	粒子物理与原子核物理	manual_source_verified	manually_verified	high
Journal of High Energy Physics	1	是			1029-8479			cas:0702	物理学	070202	粒子物理与原子核物理	manual_source_verified	manually_verified	high
The European Physical Journal C	1	是			1434-6044			cas:0702	物理学	070202	粒子物理与原子核物理	manual_source_verified	manually_verified	high
Physical Review C	1	是			2469-9985			cas:0702	物理学	070202	粒子物理与原子核物理	manual_source_verified	manually_verified	high
Nuclear Physics A	2	否			0375-9474			cas:0702	物理学	070202	粒子物理与原子核物理	manual_source_verified	manually_verified	high
Journal of Physics G Nuclear and Particle Physics	2	否			0954-3899			cas:0702	物理学	070202	粒子物理与原子核物理	manual_source_verified	manually_verified	high
Astroparticle Physics	2	否			0927-6505			cas:0702	物理学	070202	粒子物理与原子核物理	manual_source_verified	manually_verified	high
Plasma Physics and Controlled Fusion	1	是			0741-3335			cas:0702	物理学	070204	等离子体物理	manual_source_verified	manually_verified	high
Physics of Plasmas	1	是			1070-664X			cas:0702	物理学	070204	等离子体物理	manual_source_verified	manually_verified	high
Plasma Sources Science and Technology	1	是			0963-0252			cas:0702	物理学	070204	等离子体物理	manual_source_verified	manually_verified	high
Journal of Physics D Applied Physics	1	是			0022-3727			cas:0702	物理学	070204	等离子体物理	manual_source_verified	manually_verified	high
Nuclear Fusion	1	是			0029-5515			cas:0702	物理学	070204	等离子体物理	manual_source_verified	manually_verified	high
Plasma Processes and Polymers	1	是			1612-8850			cas:0702	物理学	070204	等离子体物理	manual_source_verified	manually_verified	high
IEEE Transactions on Plasma Science	2	否			0093-3813			cas:0702	物理学	070204	等离子体物理	manual_source_verified	manually_verified	high
Contributions to Plasma Physics	2	否			0863-1042			cas:0702	物理学	070204	等离子体物理	manual_source_verified	manually_verified	high
Journal of Plasma Physics	2	否			0022-3778			cas:0702	物理学	070204	等离子体物理	manual_source_verified	manually_verified	high
Plasma Science and Technology	2	否			1009-0630			cas:0702	物理学	070204	等离子体物理	manual_source_verified	manually_verified	high
Journal of Physics B Atomic Molecular and Optical Physics	2	否			0953-4075			cas:0702	物理学	070203	原子与分子物理	manual_source_verified	manually_verified	high
The Journal of Chemical Physics	1	是			0021-9606			cas:0702	物理学	070203	原子与分子物理	manual_source_verified	manually_verified	high
Molecular Physics	2	否			0026-8976			cas:0702	物理学	070203	原子与分子物理	manual_source_verified	manually_verified	high
Journal of Molecular Spectroscopy	2	否			0022-2852			cas:0702	物理学	070203	原子与分子物理	manual_source_verified	manually_verified	high
Chemical Physics Letters	2	否			0009-2614			cas:0702	物理学	070203	原子与分子物理	manual_source_verified	manually_verified	high
Physical Chemistry Chemical Physics	1	是			1463-9076			cas:0702	物理学	070203	原子与分子物理	manual_source_verified	manually_verified	high
Journal of Quantitative Spectroscopy and Radiative Transfer	1	是			0022-4073			cas:0702	物理学	070203	原子与分子物理	manual_source_verified	manually_verified	high
Atomic Data and Nuclear Data Tables	1	是			0092-640X			cas:0702	物理学	070203	原子与分子物理	manual_source_verified	manually_verified	high
The European Physical Journal D	2	否			1434-6060			cas:0702	物理学	070203	原子与分子物理	manual_source_verified	manually_verified	high
International Journal of Mass Spectrometry	2	否			1387-3806			cas:0702	物理学	070203	原子与分子物理	manual_source_verified	manually_verified	high
Reviews of Modern Physics	1	是			0034-6861			cas:0702	物理学	070205	凝聚态物理	manual_source_verified	manually_verified	high
Nature Physics	1	是			1745-2473			cas:0702	物理学	070205	凝聚态物理	manual_source_verified	manually_verified	high
Physical Review Letters	1	是			0031-9007			cas:0702	物理学	070205	凝聚态物理	manual_source_verified	manually_verified	high
Physical Review X	1	是			2160-3308			cas:0702	物理学	070205	凝聚态物理	manual_source_verified	manually_verified	high
Nature Materials	1	是			1476-1122			cas:0702	物理学	070205	凝聚态物理	manual_source_verified	manually_verified	high
Advanced Materials	1	是			0935-9648			cas:0702	物理学	070205	凝聚态物理	manual_source_verified	manually_verified	high
Nano Letters	1	是			1530-6984			cas:0702	物理学	070205	凝聚态物理	manual_source_verified	manually_verified	high
Physical Review B	1	是			2469-9950			cas:0702	物理学	070205	凝聚态物理	manual_source_verified	manually_verified	high
Applied Physics Letters	1	是			0003-6951			cas:0702	物理学	070205	凝聚态物理	manual_source_verified	manually_verified	high
Journal of Physics Condensed Matter	2	否			0953-8984			cas:0702	物理学	070205	凝聚态物理	manual_source_verified	manually_verified	high
Journal of Sound and Vibration	1	是			0022-460X			cas:0702	物理学	070206	声学	manual_source_verified	manually_verified	high
Ultrasonics Sonochemistry	1	是			1350-4177			cas:0702	物理学	070206	声学	manual_source_verified	manually_verified	high
IEEE/ACM Transactions on Audio Speech and Language Processing	1	是			2329-9290			cas:0702	物理学	070206	声学	manual_source_verified	manually_verified	high
Applied Acoustics	1	是			0003-682X			cas:0702	物理学	070206	声学	manual_source_verified	manually_verified	high
The Journal of the Acoustical Society of America	1	是			0001-4966			cas:0702	物理学	070206	声学	manual_source_verified	manually_verified	high
Ultrasonics	1	是			0041-624X			cas:0702	物理学	070206	声学	manual_source_verified	manually_verified	high
Noise Control Engineering Journal	2	否			0736-2501			cas:0702	物理学	070206	声学	manual_source_verified	manually_verified	high
Acta Acustica united with Acustica	2	否			1610-1928			cas:0702	物理学	070206	声学	manual_source_verified	manually_verified	high
Acoustics Australia	2	否			0814-6039			cas:0702	物理学	070206	声学	manual_source_verified	manually_verified	high
Journal of Low Frequency Noise Vibration and Active Control	2	否			1461-3484			cas:0702	物理学	070206	声学	manual_source_verified	manually_verified	high
Chemical Reviews	1	是			0009-2665			cas:0703	化学	070301	无机化学	manual_source_verified	manually_verified	high
Chemical Society Reviews	1	是			0306-0012			cas:0703	化学	070301	无机化学	manual_source_verified	manually_verified	high
Nature Reviews Chemistry	1	是			2397-3358			cas:0703	化学	070301	无机化学	manual_source_verified	manually_verified	high
Coordination Chemistry Reviews	1	是			0010-8545			cas:0703	化学	070301	无机化学	manual_source_verified	manually_verified	high
Journal of the American Chemical Society	1	是			0002-7863			cas:0703	化学	070301	无机化学	manual_source_verified	manually_verified	high
Angewandte Chemie International Edition	1	是			1433-7851			cas:0703	化学	070301	无机化学	manual_source_verified	manually_verified	high
Inorganic Chemistry	1	是			0020-1669			cas:0703	化学	070301	无机化学	manual_source_verified	manually_verified	high
Dalton Transactions	1	是			1477-9226			cas:0703	化学	070301	无机化学	manual_source_verified	manually_verified	high
Inorganic Chemistry Frontiers	1	是			2052-1553			cas:0703	化学	070301	无机化学	manual_source_verified	manually_verified	high
Organometallics	1	是			0276-7333			cas:0703	化学	070301	无机化学	manual_source_verified	manually_verified	high
IEEE Transactions on Microwave Theory and Techniques	1	是			0018-9480			cas:0702	物理学	070208	无线电物理	manual_source_verified	manually_verified	high
IEEE Transactions on Wireless Communications	1	是			1536-1276			cas:0702	物理学	070208	无线电物理	manual_source_verified	manually_verified	high
IEEE Transactions on Electromagnetic Compatibility	1	是			0018-9375			cas:0702	物理学	070208	无线电物理	manual_source_verified	manually_verified	high
IEEE Antennas and Wireless Propagation Letters	2	否			1536-1225			cas:0702	物理学	070208	无线电物理	manual_source_verified	manually_verified	high
Radio Science	2	否			0048-6604			cas:0702	物理学	070208	无线电物理	manual_source_verified	manually_verified	high
Journal of Electromagnetic Waves and Applications	2	否			0920-5071			cas:0702	物理学	070208	无线电物理	manual_source_verified	manually_verified	high
IEEE Microwave and Wireless Components Letters	2	否			1531-1309			cas:0702	物理学	070208	无线电物理	manual_source_verified	manually_verified	high
International Journal of RF and Microwave Computer-Aided Engineering	3	否			1096-4290			cas:0702	物理学	070208	无线电物理	manual_source_verified	manually_verified	high
Microwave and Optical Technology Letters	3	否			0895-2477			cas:0702	物理学	070208	无线电物理	manual_source_verified	manually_verified	high
Journal of Infrared Millimeter and Terahertz Waves	2	否			1866-6892			cas:0702	物理学	070208	无线电物理	manual_source_verified	manually_verified	high
Analytical Chemistry	1	是			0003-2700			cas:0703	化学	070302	分析化学	manual_source_verified	manually_verified	high
TrAC Trends in Analytical Chemistry	1	是			0165-9936			cas:0703	化学	070302	分析化学	manual_source_verified	manually_verified	high
Biosensors and Bioelectronics	1	是			0956-5663			cas:0703	化学	070302	分析化学	manual_source_verified	manually_verified	high
Analytica Chimica Acta	1	是			0003-2670			cas:0703	化学	070302	分析化学	manual_source_verified	manually_verified	high
Talanta	1	是			0039-9140			cas:0703	化学	070302	分析化学	manual_source_verified	manually_verified	high
Microchemical Journal	1	是			0026-265X			cas:0703	化学	070302	分析化学	manual_source_verified	manually_verified	high
Journal of Chromatography A	1	是			0021-9673			cas:0703	化学	070302	分析化学	manual_source_verified	manually_verified	high
The Analyst	1	是			0003-2654			cas:0703	化学	070302	分析化学	manual_source_verified	manually_verified	high
Journal of Analytical Atomic Spectrometry	1	是			0267-9477			cas:0703	化学	070302	分析化学	manual_source_verified	manually_verified	high
Analytical and Bioanalytical Chemistry	1	是			1618-2642			cas:0703	化学	070302	分析化学	manual_source_verified	manually_verified	high
Nature Photonics	1	是			1749-4885			cas:0702	物理学	070207	光学	manual_source_verified	manually_verified	high
Advances in Optics and Photonics	1	是			1943-8206			cas:0702	物理学	070207	光学	manual_source_verified	manually_verified	high
Optica	1	是			2334-2536			cas:0702	物理学	070207	光学	manual_source_verified	manually_verified	high
Laser & Photonics Review	1	是			1863-8880			cas:0702	物理学	070207	光学	manual_source_verified	manually_verified	high
ACS Photonics	1	是			2330-4022			cas:0702	物理学	070207	光学	manual_source_verified	manually_verified	high
Photonics Research	1	是			2327-9125			cas:0702	物理学	070207	光学	manual_source_verified	manually_verified	high
Optics Letters	1	是			0146-9592			cas:0702	物理学	070207	光学	manual_source_verified	manually_verified	high
Optics Express	1	是			1094-4087			cas:0702	物理学	070207	光学	manual_source_verified	manually_verified	high
Journal of Lightwave Technology	1	是			0733-8724			cas:0702	物理学	070207	光学	manual_source_verified	manually_verified	high
Optics and Lasers in Engineering	1	是			0143-8166			cas:0702	物理学	070207	光学	manual_source_verified	manually_verified	high
Journal of the American Chemical Society	1	是			0002-7863			cas:0703	化学	070304	物理化学	manual_source_verified	manually_verified	high
Angewandte Chemie International Edition	1	是			1433-7851			cas:0703	化学	070304	物理化学	manual_source_verified	manually_verified	high
Chemical Reviews	1	是			0009-2665			cas:0703	化学	070304	物理化学	manual_source_verified	manually_verified	high
Nature Catalysis	1	是			2520-1158			cas:0703	化学	070304	物理化学	manual_source_verified	manually_verified	high
Energy & Environmental Science	1	是			1754-5692			cas:0703	化学	070304	物理化学	manual_source_verified	manually_verified	high
ACS Catalysis	1	是			2155-5435			cas:0703	化学	070304	物理化学	manual_source_verified	manually_verified	high
The Journal of Physical Chemistry Letters	1	是			1948-7185			cas:0703	化学	070304	物理化学	manual_source_verified	manually_verified	high
Journal of Catalysis	1	是			0021-9517			cas:0703	化学	070304	物理化学	manual_source_verified	manually_verified	high
Physical Chemistry Chemical Physics	1	是			1463-9076			cas:0703	化学	070304	物理化学	manual_source_verified	manually_verified	high
The Journal of Chemical Physics	1	是			0021-9606			cas:0703	化学	070304	物理化学	manual_source_verified	manually_verified	high
Progress in Polymer Science	1	是			0079-6700			cas:0703	化学	070305	高分子化学与物理	manual_source_verified	manually_verified	high
ACS Macro Letters	1	是			2161-1653			cas:0703	化学	070305	高分子化学与物理	manual_source_verified	manually_verified	high
Biomacromolecules	1	是			1525-7797			cas:0703	化学	070305	高分子化学与物理	manual_source_verified	manually_verified	high
Polymer Chemistry	1	是			1759-9954			cas:0703	化学	070305	高分子化学与物理	manual_source_verified	manually_verified	high
Carbohydrate Polymers	1	是			0144-8617			cas:0703	化学	070305	高分子化学与物理	manual_source_verified	manually_verified	high
European Polymer Journal	1	是			0014-3057			cas:0703	化学	070305	高分子化学与物理	manual_source_verified	manually_verified	high
Polymer	1	是			0032-3861			cas:0703	化学	070305	高分子化学与物理	manual_source_verified	manually_verified	high
Journal of Polymer Science Part A Polymer Chemistry	1	是			0887-624X			cas:0703	化学	070305	高分子化学与物理	manual_source_verified	manually_verified	high
Macromolecular Rapid Communications	1	是			1022-1336			cas:0703	化学	070305	高分子化学与物理	manual_source_verified	manually_verified	high
Polymer Degradation and Stability	1	是			0141-3910			cas:0703	化学	070305	高分子化学与物理	manual_source_verified	manually_verified	high
Annual Review of Astronomy and Astrophysics	1	是			0066-4146			cas:0704	天文学	070401	天体物理	manual_source_verified	manually_verified	high
The Astronomy and Astrophysics Review	1	是			0935-4956			cas:0704	天文学	070401	天体物理	manual_source_verified	manually_verified	high
The Astrophysical Journal	1	是			0004-637X			cas:0704	天文学	070401	天体物理	manual_source_verified	manually_verified	high
The Astrophysical Journal Letters	1	是			2041-8205			cas:0704	天文学	070401	天体物理	manual_source_verified	manually_verified	high
The Astrophysical Journal Supplement Series	1	是			0067-0049			cas:0704	天文学	070401	天体物理	manual_source_verified	manually_verified	high
Monthly Notices of the Royal Astronomical Society	1	是			0035-8711			cas:0704	天文学	070401	天体物理	manual_source_verified	manually_verified	high
Astronomy and Astrophysics	1	是			0004-6361			cas:0704	天文学	070401	天体物理	manual_source_verified	manually_verified	high
Nature Astronomy	1	是			2397-3366			cas:0704	天文学	070401	天体物理	manual_source_verified	manually_verified	high
Space Science Reviews	1	是			0038-6308			cas:0704	天文学	070401	天体物理	manual_source_verified	manually_verified	high
Journal of Cosmology and Astroparticle Physics	1	是			1475-7516			cas:0704	天文学	070401	天体物理	manual_source_verified	manually_verified	high
Chemical Reviews	1	是			0009-2665			cas:0703	化学	070303	有机化学	manual_source_verified	manually_verified	high
Chemical Society Reviews	1	是			0306-0012			cas:0703	化学	070303	有机化学	manual_source_verified	manually_verified	high
Nature Chemistry	1	是			1755-4330			cas:0703	化学	070303	有机化学	manual_source_verified	manually_verified	high
Journal of the American Chemical Society	1	是			0002-7863			cas:0703	化学	070303	有机化学	manual_source_verified	manually_verified	high
Angewandte Chemie International Edition	1	是			1433-7851			cas:0703	化学	070303	有机化学	manual_source_verified	manually_verified	high
The Journal of Organic Chemistry	1	是			0022-3263			cas:0703	化学	070303	有机化学	manual_source_verified	manually_verified	high
Organic & Biomolecular Chemistry	1	是			1477-0520			cas:0703	化学	070303	有机化学	manual_source_verified	manually_verified	high
Advanced Synthesis & Catalysis	1	是			1615-4150			cas:0703	化学	070303	有机化学	manual_source_verified	manually_verified	high
European Journal of Organic Chemistry	2	否			1434-193X			cas:0703	化学	070303	有机化学	manual_source_verified	manually_verified	high
Tetrahedron	2	否			0040-4020			cas:0703	化学	070303	有机化学	manual_source_verified	manually_verified	high
Astronomy and Astrophysics	1	是			0004-6361			cas:0704	天文学	070402	天体测量与天体力学	manual_source_verified	manually_verified	high
The Astronomical Journal	1	是			0004-6256			cas:0704	天文学	070402	天体测量与天体力学	manual_source_verified	manually_verified	high
Monthly Notices of the Royal Astronomical Society	1	是			0035-8711			cas:0704	天文学	070402	天体测量与天体力学	manual_source_verified	manually_verified	high
Celestial Mechanics and Dynamical Astronomy	2	否			0923-2958			cas:0704	天文学	070402	天体测量与天体力学	manual_source_verified	manually_verified	high
Icarus	1	是			0019-1035			cas:0704	天文学	070402	天体测量与天体力学	manual_source_verified	manually_verified	high
Journal of Guidance Control and Dynamics	1	是			0731-5090			cas:0704	天文学	070402	天体测量与天体力学	manual_source_verified	manually_verified	high
Advances in Space Research	2	否			0273-1177			cas:0704	天文学	070402	天体测量与天体力学	manual_source_verified	manually_verified	high
Astrophysics and Space Science	2	否			0004-640X			cas:0704	天文学	070402	天体测量与天体力学	manual_source_verified	manually_verified	high
Research in Astronomy and Astrophysics	2	否			1674-4527			cas:0704	天文学	070402	天体测量与天体力学	manual_source_verified	manually_verified	high
Publications of the Astronomical Society of the Pacific	1	是			0004-6280			cas:0704	天文学	070402	天体测量与天体力学	manual_source_verified	manually_verified	high
Nature Geoscience	1	是			1752-0894			cas:0705	地理学	070501	自然地理学	manual_source_verified	manually_verified	high
Earth-Science Reviews	1	是			0012-8252			cas:0705	地理学	070501	自然地理学	manual_source_verified	manually_verified	high
Global and Planetary Change	1	是			0921-8181			cas:0705	地理学	070501	自然地理学	manual_source_verified	manually_verified	high
Geophysical Research Letters	1	是			0094-8276			cas:0705	地理学	070501	自然地理学	manual_source_verified	manually_verified	high
Journal of Geophysical Research Earth Surface	1	是			2169-9003			cas:0705	地理学	070501	自然地理学	manual_source_verified	manually_verified	high
Geomorphology	1	是			0169-555X			cas:0705	地理学	070501	自然地理学	manual_source_verified	manually_verified	high
Quaternary Science Reviews	1	是			0277-3791			cas:0705	地理学	070501	自然地理学	manual_source_verified	manually_verified	high
Palaeogeography Palaeoclimatology Palaeoecology	1	是			0031-0182			cas:0705	地理学	070501	自然地理学	manual_source_verified	manually_verified	high
CATENA	1	是			0341-8162			cas:0705	地理学	070501	自然地理学	manual_source_verified	manually_verified	high
Land Degradation and Development	1	是			1085-3278			cas:0705	地理学	070501	自然地理学	manual_source_verified	manually_verified	high
Annals of the American Association of Geographers	1	是			2469-4452			cas:0705	地理学	070502	人文地理学	manual_source_verified	manually_verified	high
Transactions of the Institute of British Geographers	1	是			0020-2754			cas:0705	地理学	070502	人文地理学	manual_source_verified	manually_verified	high
Journal of Economic Geography	1	是			1468-2702			cas:0705	地理学	070502	人文地理学	manual_source_verified	manually_verified	high
Urban Studies	1	是			0042-0980			cas:0705	地理学	070502	人文地理学	manual_source_verified	manually_verified	high
Landscape and Urban Planning	1	是			0169-2046			cas:0705	地理学	070502	人文地理学	manual_source_verified	manually_verified	high
Environment and Planning A Economy and Space	1	是			0308-518X			cas:0705	地理学	070502	人文地理学	manual_source_verified	manually_verified	high
Political Geography	1	是			0962-6298			cas:0705	地理学	070502	人文地理学	manual_source_verified	manually_verified	high
Geoforum	1	是			0016-7185			cas:0705	地理学	070502	人文地理学	manual_source_verified	manually_verified	high
Applied Geography	1	是			0143-6228			cas:0705	地理学	070502	人文地理学	manual_source_verified	manually_verified	high
Social & Cultural Geography	1	是			1464-9365			cas:0705	地理学	070502	人文地理学	manual_source_verified	manually_verified	high
ISPRS Journal of Photogrammetry and Remote Sensing	1	是			0924-2716			cas:0705	地理学	070503	地图学与地理信息系统	manual_source_verified	manually_verified	high
Remote Sensing of Environment	1	是			0034-4257			cas:0705	地理学	070503	地图学与地理信息系统	manual_source_verified	manually_verified	high
Cartography and Geographic Information Science	1	是			1523-0406			cas:0705	地理学	070503	地图学与地理信息系统	manual_source_verified	manually_verified	high
Computers Environment and Urban Systems	1	是			0198-9715			cas:0705	地理学	070503	地图学与地理信息系统	manual_source_verified	manually_verified	high
Transactions in GIS	1	是			1361-1682			cas:0705	地理学	070503	地图学与地理信息系统	manual_source_verified	manually_verified	high
Geocarto International	1	是			1010-6049			cas:0705	地理学	070503	地图学与地理信息系统	manual_source_verified	manually_verified	high
Journal of Spatial Science	2	否			1449-8596			cas:0705	地理学	070503	地图学与地理信息系统	manual_source_verified	manually_verified	high
Geographical Analysis	1	是			0016-7363			cas:0705	地理学	070503	地图学与地理信息系统	manual_source_verified	manually_verified	high
Annals of GIS	2	否			1947-5683			cas:0705	地理学	070503	地图学与地理信息系统	manual_source_verified	manually_verified	high
Journal of Geographical Systems	1	是			1435-5930			cas:0705	地理学	070503	地图学与地理信息系统	manual_source_verified	manually_verified	high
Annual Review of Marine Science	1	是			1941-1405			cas:0707	海洋科学	070703	海洋生物学	manual_source_verified	manually_verified	high
Limnology and Oceanography	1	是			0024-3590			cas:0707	海洋科学	070703	海洋生物学	manual_source_verified	manually_verified	high
Journal of Phycology	1	是			0022-3646			cas:0707	海洋科学	070703	海洋生物学	manual_source_verified	manually_verified	high
Marine Ecology Progress Series	1	是			0171-8630			cas:0707	海洋科学	070703	海洋生物学	manual_source_verified	manually_verified	high
Journal of Experimental Marine Biology and Ecology	1	是			0022-0981			cas:0707	海洋科学	070703	海洋生物学	manual_source_verified	manually_verified	high
Marine Biology	1	是			0025-3162			cas:0707	海洋科学	070703	海洋生物学	manual_source_verified	manually_verified	high
Coral Reefs	1	是			0722-4028			cas:0707	海洋科学	070703	海洋生物学	manual_source_verified	manually_verified	high
Harmful Algae	1	是			1568-9883			cas:0707	海洋科学	070703	海洋生物学	manual_source_verified	manually_verified	high
Journal of Marine Systems	1	是			0924-7963			cas:0707	海洋科学	070703	海洋生物学	manual_source_verified	manually_verified	high
Marine Biotechnology	1	是			1436-2228			cas:0707	海洋科学	070703	海洋生物学	manual_source_verified	manually_verified	high
Marine Chemistry	1	是			0304-4203			cas:0707	海洋科学	070702	海洋化学	manual_source_verified	manually_verified	high
Limnology and Oceanography	1	是			0024-3590			cas:0707	海洋科学	070702	海洋化学	manual_source_verified	manually_verified	high
Global Biogeochemical Cycles	1	是			0886-6236			cas:0707	海洋科学	070702	海洋化学	manual_source_verified	manually_verified	high
Journal of Geophysical Research Oceans	1	是			2169-9275			cas:0707	海洋科学	070702	海洋化学	manual_source_verified	manually_verified	high
Biogeosciences	1	是			1726-4189			cas:0707	海洋科学	070702	海洋化学	manual_source_verified	manually_verified	high
Geochimica et Cosmochimica Acta	1	是			0016-7037			cas:0707	海洋科学	070702	海洋化学	manual_source_verified	manually_verified	high
Chemical Geology	1	是			0009-2541			cas:0707	海洋科学	070702	海洋化学	manual_source_verified	manually_verified	high
Deep Sea Research Part I Oceanographic Research Papers	1	是			0967-0637			cas:0707	海洋科学	070702	海洋化学	manual_source_verified	manually_verified	high
Deep Sea Research Part II Topical Studies in Oceanography	1	是			0967-0645			cas:0707	海洋科学	070702	海洋化学	manual_source_verified	manually_verified	high
Estuarine Coastal and Shelf Science	1	是			0272-7714			cas:0707	海洋科学	070702	海洋化学	manual_source_verified	manually_verified	high
Journal of Physical Oceanography	1	是			0022-3670			cas:0707	海洋科学	070701	物理海洋学	manual_source_verified	manually_verified	high
Ocean Modelling	1	是			1463-5003			cas:0707	海洋科学	070701	物理海洋学	manual_source_verified	manually_verified	high
Journal of Geophysical Research Oceans	1	是			2169-9275			cas:0707	海洋科学	070701	物理海洋学	manual_source_verified	manually_verified	high
Progress In Oceanography	1	是			0079-6611			cas:0707	海洋科学	070701	物理海洋学	manual_source_verified	manually_verified	high
Limnology and Oceanography	1	是			0024-3590			cas:0707	海洋科学	070701	物理海洋学	manual_source_verified	manually_verified	high
Deep Sea Research Part I Oceanographic Research Papers	1	是			0967-0637			cas:0707	海洋科学	070701	物理海洋学	manual_source_verified	manually_verified	high
Deep Sea Research Part II Topical Studies in Oceanography	1	是			0967-0645			cas:0707	海洋科学	070701	物理海洋学	manual_source_verified	manually_verified	high
Continental Shelf Research	2	否			0278-4343			cas:0707	海洋科学	070701	物理海洋学	manual_source_verified	manually_verified	high
Journal of Marine Systems	2	否			0924-7963			cas:0707	海洋科学	070701	物理海洋学	manual_source_verified	manually_verified	high
Ocean Science	1	是			1812-0792			cas:0707	海洋科学	070701	物理海洋学	manual_source_verified	manually_verified	high
Marine Geology	1	是			0025-3227			cas:0707	海洋科学	070704	海洋地质	manual_source_verified	manually_verified	high
Marine and Petroleum Geology	1	是			0264-8172			cas:0707	海洋科学	070704	海洋地质	manual_source_verified	manually_verified	high
Journal of Geophysical Research Solid Earth	1	是			2169-9313			cas:0707	海洋科学	070704	海洋地质	manual_source_verified	manually_verified	high
Geochemistry Geophysics Geosystems	1	是			1525-2027			cas:0707	海洋科学	070704	海洋地质	manual_source_verified	manually_verified	high
Basin Research	1	是			0950-091X			cas:0707	海洋科学	070704	海洋地质	manual_source_verified	manually_verified	high
Sedimentology	1	是			0037-0746			cas:0707	海洋科学	070704	海洋地质	manual_source_verified	manually_verified	high
Journal of Sedimentary Research	2	否			1527-1404			cas:0707	海洋科学	070704	海洋地质	manual_source_verified	manually_verified	high
Geo-Marine Letters	2	否			0276-0460			cas:0707	海洋科学	070704	海洋地质	manual_source_verified	manually_verified	high
Continental Shelf Research	2	否			0278-4343			cas:0707	海洋科学	070704	海洋地质	manual_source_verified	manually_verified	high
Marine Geophysical Research	2	否			0025-3235			cas:0707	海洋科学	070704	海洋地质	manual_source_verified	manually_verified	high
Journal of Geophysical Research Solid Earth	1	是			2169-9313			cas:0708	地球物理学	070801	固体地球物理学	manual_source_verified	manually_verified	high
Geophysical Research Letters	1	是			0094-8276			cas:0708	地球物理学	070801	固体地球物理学	manual_source_verified	manually_verified	high
Earth and Planetary Science Letters	1	是			0012-821X			cas:0708	地球物理学	070801	固体地球物理学	manual_source_verified	manually_verified	high
Geophysical Journal International	1	是			0956-540X			cas:0708	地球物理学	070801	固体地球物理学	manual_source_verified	manually_verified	high
Tectonophysics	1	是			0040-1951			cas:0708	地球物理学	070801	固体地球物理学	manual_source_verified	manually_verified	high
Physics of The Earth and Planetary Interiors	1	是			0031-9201			cas:0708	地球物理学	070801	固体地球物理学	manual_source_verified	manually_verified	high
Seismological Research Letters	1	是			0895-0695			cas:0708	地球物理学	070801	固体地球物理学	manual_source_verified	manually_verified	high
Bulletin of the Seismological Society of America	1	是			0037-1106			cas:0708	地球物理学	070801	固体地球物理学	manual_source_verified	manually_verified	high
Journal of Seismology	2	否			1383-4649			cas:0708	地球物理学	070801	固体地球物理学	manual_source_verified	manually_verified	high
Pure and Applied Geophysics	2	否			0033-4553			cas:0708	地球物理学	070801	固体地球物理学	manual_source_verified	manually_verified	high
Journal of Geophysical Research Space Physics	1	是			2169-9380			cas:0708	地球物理学	070802	空间物理学	manual_source_verified	manually_verified	high
Annales Geophysicae	2	否			0992-7689			cas:0708	地球物理学	070802	空间物理学	manual_source_verified	manually_verified	high
Advances in Space Research	2	否			0273-1177			cas:0708	地球物理学	070802	空间物理学	manual_source_verified	manually_verified	high
Astrophysics and Space Science	2	否			0004-640X			cas:0708	地球物理学	070802	空间物理学	manual_source_verified	manually_verified	high
Solar Physics	2	否			0038-0938			cas:0708	地球物理学	070802	空间物理学	manual_source_verified	manually_verified	high
Radio Science	2	否			0048-6604			cas:0708	地球物理学	070802	空间物理学	manual_source_verified	manually_verified	high
Journal of Atmospheric and Solar-Terrestrial Physics	2	否			1364-6826			cas:0708	地球物理学	070802	空间物理学	manual_source_verified	manually_verified	high
Geophysical Research Letters	1	是			0094-8276			cas:0708	地球物理学	070802	空间物理学	manual_source_verified	manually_verified	high
Earth Planets and Space	2	否			1343-8832			cas:0708	地球物理学	070802	空间物理学	manual_source_verified	manually_verified	high
Journal of Space Weather and Space Climate	2	否			2115-7251			cas:0708	地球物理学	070802	空间物理学	manual_source_verified	manually_verified	high
Economic Geology	1	是			0361-0128			cas:0709	地质学	070901	矿物学、岩石学、矿床学	manual_source_verified	manually_verified	high
Mineralium Deposita	1	是			0026-4598			cas:0709	地质学	070901	矿物学、岩石学、矿床学	manual_source_verified	manually_verified	high
Contributions to Mineralogy and Petrology	1	是			0010-7999			cas:0709	地质学	070901	矿物学、岩石学、矿床学	manual_source_verified	manually_verified	high
Journal of Petrology	1	是			0022-3530			cas:0709	地质学	070901	矿物学、岩石学、矿床学	manual_source_verified	manually_verified	high
Lithos	1	是			0024-4937			cas:0709	地质学	070901	矿物学、岩石学、矿床学	manual_source_verified	manually_verified	high
Ore Geology Reviews	1	是			0169-1368			cas:0709	地质学	070901	矿物学、岩石学、矿床学	manual_source_verified	manually_verified	high
American Mineralogist	1	是			0003-004X			cas:0709	地质学	070901	矿物学、岩石学、矿床学	manual_source_verified	manually_verified	high
Mineralogy and Petrology	2	否			0930-0708			cas:0709	地质学	070901	矿物学、岩石学、矿床学	manual_source_verified	manually_verified	high
European Journal of Mineralogy	2	否			0935-1221			cas:0709	地质学	070901	矿物学、岩石学、矿床学	manual_source_verified	manually_verified	high
The Canadian Mineralogist	2	否			0008-4476			cas:0709	地质学	070901	矿物学、岩石学、矿床学	manual_source_verified	manually_verified	high
Paleobiology	1	是			0094-8373			cas:0709	地质学	070903	古生物学与地层学	manual_source_verified	manually_verified	high
Journal of Paleontology	2	否			0022-3360			cas:0709	地质学	070903	古生物学与地层学	manual_source_verified	manually_verified	high
Lethaia	1	是			0024-1164			cas:0709	地质学	070903	古生物学与地层学	manual_source_verified	manually_verified	high
Palaeontology	1	是			0031-0239			cas:0709	地质学	070903	古生物学与地层学	manual_source_verified	manually_verified	high
Cretaceous Research	1	是			0195-6671			cas:0709	地质学	070903	古生物学与地层学	manual_source_verified	manually_verified	high
Journal of Systematic Palaeontology	1	是			1477-2019			cas:0709	地质学	070903	古生物学与地层学	manual_source_verified	manually_verified	high
Review of Palaeobotany and Palynology	1	是			0034-6667			cas:0709	地质学	070903	古生物学与地层学	manual_source_verified	manually_verified	high
Marine Micropaleontology	1	是			0377-8398			cas:0709	地质学	070903	古生物学与地层学	manual_source_verified	manually_verified	high
Palaeoworld	2	否			1871-174X			cas:0709	地质学	070903	古生物学与地层学	manual_source_verified	manually_verified	high
Alcheringa An Australasian Journal of Palaeontology	2	否			0311-5518			cas:0709	地质学	070903	古生物学与地层学	manual_source_verified	manually_verified	high
Earth and Planetary Science Letters	1	是			0012-821X			cas:0709	地质学	070902	地球化学	manual_source_verified	manually_verified	high
Chemical Geology	1	是			0009-2541			cas:0709	地质学	070902	地球化学	manual_source_verified	manually_verified	high
Applied Geochemistry	1	是			0883-2927			cas:0709	地质学	070902	地球化学	manual_source_verified	manually_verified	high
Organic Geochemistry	1	是			0146-6380			cas:0709	地质学	070902	地球化学	manual_source_verified	manually_verified	high
Precambrian Research	1	是			0301-9268			cas:0709	地质学	070902	地球化学	manual_source_verified	manually_verified	high
Journal of Petrology	1	是			0022-3530			cas:0709	地质学	070902	地球化学	manual_source_verified	manually_verified	high
Contributions to Mineralogy and Petrology	1	是			0010-7999			cas:0709	地质学	070902	地球化学	manual_source_verified	manually_verified	high
Lithos	1	是			0024-4937			cas:0709	地质学	070902	地球化学	manual_source_verified	manually_verified	high
Geostandards and Geoanalytical Research	1	是			1639-4488			cas:0709	地质学	070902	地球化学	manual_source_verified	manually_verified	high
Journal of Geochemical Exploration	1	是			0375-6742			cas:0709	地质学	070902	地球化学	manual_source_verified	manually_verified	high
Journal of Structural Geology	1	是			0191-8141			cas:0709	地质学	070904	构造地质学	manual_source_verified	manually_verified	high
Tectonics	1	是			0278-7407			cas:0709	地质学	070904	构造地质学	manual_source_verified	manually_verified	high
Tectonophysics	1	是			0040-1951			cas:0709	地质学	070904	构造地质学	manual_source_verified	manually_verified	high
Geological Society of America Bulletin	1	是			0016-7606			cas:0709	地质学	070904	构造地质学	manual_source_verified	manually_verified	high
Geology	1	是			0091-7613			cas:0709	地质学	070904	构造地质学	manual_source_verified	manually_verified	high
Earth and Planetary Science Letters	1	是			0012-821X			cas:0709	地质学	070904	构造地质学	manual_source_verified	manually_verified	high
Journal of Geophysical Research Solid Earth	1	是			2169-9313			cas:0709	地质学	070904	构造地质学	manual_source_verified	manually_verified	high
Precambrian Research	1	是			0301-9268			cas:0709	地质学	070904	构造地质学	manual_source_verified	manually_verified	high
Gondwana Research	1	是			1342-937X			cas:0709	地质学	070904	构造地质学	manual_source_verified	manually_verified	high
Basin Research	1	是			0950-091X			cas:0709	地质学	070904	构造地质学	manual_source_verified	manually_verified	high
Annual Review of Animal Biosciences	1	是			2165-8102			cas:0710	生物学	071002	动物学	manual_source_verified	manually_verified	high
Journal of Animal Ecology	1	是			0021-8790			cas:0710	生物学	071002	动物学	manual_source_verified	manually_verified	high
Mammal Review	1	是			0305-1838			cas:0710	生物学	071002	动物学	manual_source_verified	manually_verified	high
Zoological Journal of the Linnean Society	1	是			0024-4082			cas:0710	生物学	071002	动物学	manual_source_verified	manually_verified	high
Integrative and Comparative Biology	1	是			1540-7063			cas:0710	生物学	071002	动物学	manual_source_verified	manually_verified	high
Journal of Experimental Biology	1	是			0022-0949			cas:0710	生物学	071002	动物学	manual_source_verified	manually_verified	high
Frontiers in Zoology	1	是			1742-9994			cas:0710	生物学	071002	动物学	manual_source_verified	manually_verified	high
Journal of Zoology	1	是			0952-8369			cas:0710	生物学	071002	动物学	manual_source_verified	manually_verified	high
Zoologica Scripta	1	是			0300-3256			cas:0710	生物学	071002	动物学	manual_source_verified	manually_verified	high
Current Zoology	1	是			1674-5507			cas:0710	生物学	071002	动物学	manual_source_verified	manually_verified	high
Annual Review of Plant Biology	1	是			1543-5008			cas:0710	生物学	071001	植物学	manual_source_verified	manually_verified	high
Trends in Plant Science	1	是			1360-1385			cas:0710	生物学	071001	植物学	manual_source_verified	manually_verified	high
Nature Plants	1	是			2055-0278			cas:0710	生物学	071001	植物学	manual_source_verified	manually_verified	high
Molecular Plant	1	是			1674-2052			cas:0710	生物学	071001	植物学	manual_source_verified	manually_verified	high
The Plant Cell	1	是			1040-4651			cas:0710	生物学	071001	植物学	manual_source_verified	manually_verified	high
New Phytologist	1	是			0028-646X			cas:0710	生物学	071001	植物学	manual_source_verified	manually_verified	high
PLANT PHYSIOLOGY	1	是			0032-0889			cas:0710	生物学	071001	植物学	manual_source_verified	manually_verified	high
The Plant Journal	1	是			0960-7412			cas:0710	生物学	071001	植物学	manual_source_verified	manually_verified	high
Journal of Integrative Plant Biology	1	是			1672-9072			cas:0710	生物学	071001	植物学	manual_source_verified	manually_verified	high
Plant Cell & Environment	1	是			0140-7791			cas:0710	生物学	071001	植物学	manual_source_verified	manually_verified	high
Quaternary Research	1	是			0033-5894			cas:0709	地质学	070905	第四纪地质学	manual_source_verified	manually_verified	high
Quaternary International	1	是			1040-6182			cas:0709	地质学	070905	第四纪地质学	manual_source_verified	manually_verified	high
Journal of Quaternary Science	1	是			0267-8179			cas:0709	地质学	070905	第四纪地质学	manual_source_verified	manually_verified	high
The Holocene	1	是			0959-6836			cas:0709	地质学	070905	第四纪地质学	manual_source_verified	manually_verified	high
Boreas	1	是			0300-9483			cas:0709	地质学	070905	第四纪地质学	manual_source_verified	manually_verified	high
Palaeogeography Palaeoclimatology Palaeoecology	1	是			0031-0182			cas:0709	地质学	070905	第四纪地质学	manual_source_verified	manually_verified	high
Global and Planetary Change	1	是			0921-8181			cas:0709	地质学	070905	第四纪地质学	manual_source_verified	manually_verified	high
Climate of the Past	1	是			1814-9332			cas:0709	地质学	070905	第四纪地质学	manual_source_verified	manually_verified	high
Quaternary Geochronology	1	是			1871-1014			cas:0709	地质学	070905	第四纪地质学	manual_source_verified	manually_verified	high
Journal of Paleolimnology	2	否			0921-2728			cas:0709	地质学	070905	第四纪地质学	manual_source_verified	manually_verified	high
Limnology and Oceanography	1	是			0024-3590			cas:0710	生物学	071004	水生生物学	manual_source_verified	manually_verified	high
Freshwater Biology	1	是			0046-5070			cas:0710	生物学	071004	水生生物学	manual_source_verified	manually_verified	high
Journal of Phycology	1	是			0022-3646			cas:0710	生物学	071004	水生生物学	manual_source_verified	manually_verified	high
Harmful Algae	1	是			1568-9883			cas:0710	生物学	071004	水生生物学	manual_source_verified	manually_verified	high
Aquatic Toxicology	1	是			0166-445X			cas:0710	生物学	071004	水生生物学	manual_source_verified	manually_verified	high
Marine Biotechnology	1	是			1436-2228			cas:0710	生物学	071004	水生生物学	manual_source_verified	manually_verified	high
Journal of Plankton Research	2	否			0142-7873			cas:0710	生物学	071004	水生生物学	manual_source_verified	manually_verified	high
Aquatic Microbial Ecology	2	否			0948-3055			cas:0710	生物学	071004	水生生物学	manual_source_verified	manually_verified	high
Hydrobiologia	2	否			0018-8158			cas:0710	生物学	071004	水生生物学	manual_source_verified	manually_verified	high
Journal of Experimental Marine Biology and Ecology	2	否			0022-0981			cas:0710	生物学	071004	水生生物学	manual_source_verified	manually_verified	high
Annual Review of Physiology	1	是			0066-4278			cas:0710	生物学	071003	生理学	manual_source_verified	manually_verified	high
Cell Metabolism	1	是			1550-4131			cas:0710	生物学	071003	生理学	manual_source_verified	manually_verified	high
Nature Metabolism	1	是			2522-5812			cas:0710	生物学	071003	生理学	manual_source_verified	manually_verified	high
The Journal of Physiology	1	是			0022-3751			cas:0710	生物学	071003	生理学	manual_source_verified	manually_verified	high
Acta Physiologica	1	是			1748-1708			cas:0710	生物学	071003	生理学	manual_source_verified	manually_verified	high
AJP Endocrinology and Metabolism	1	是			0193-1849			cas:0710	生物学	071003	生理学	manual_source_verified	manually_verified	high
AJP Cell Physiology	1	是			0363-6143			cas:0710	生物学	071003	生理学	manual_source_verified	manually_verified	high
AJP Regulatory Integrative and Comparative Physiology	1	是			0363-6119			cas:0710	生物学	071003	生理学	manual_source_verified	manually_verified	high
Journal of General Physiology	1	是			0022-1295			cas:0710	生物学	071003	生理学	manual_source_verified	manually_verified	high
Pflügers Archiv - European Journal of Physiology	1	是			0031-6768			cas:0710	生物学	071003	生理学	manual_source_verified	manually_verified	high
Nature Reviews Microbiology	1	是			1740-1526			cas:0710	生物学	071005	微生物学	manual_source_verified	manually_verified	high
Cell Host & Microbe	1	是			1931-3128			cas:0710	生物学	071005	微生物学	manual_source_verified	manually_verified	high
Clinical Microbiology Reviews	1	是			0893-8512			cas:0710	生物学	071005	微生物学	manual_source_verified	manually_verified	high
Microbiology and Molecular Biology Reviews	1	是			1092-2172			cas:0710	生物学	071005	微生物学	manual_source_verified	manually_verified	high
FEMS Microbiology Reviews	1	是			0168-6445			cas:0710	生物学	071005	微生物学	manual_source_verified	manually_verified	high
Annual Review of Microbiology	1	是			0066-4227			cas:0710	生物学	071005	微生物学	manual_source_verified	manually_verified	high
Trends in Microbiology	1	是			0966-842X			cas:0710	生物学	071005	微生物学	manual_source_verified	manually_verified	high
Nature Microbiology	1	是			2058-5276			cas:0710	生物学	071005	微生物学	manual_source_verified	manually_verified	high
The ISME Journal	1	是			1751-7362			cas:0710	生物学	071005	微生物学	manual_source_verified	manually_verified	high
Microbiome	1	是			2049-2618			cas:0710	生物学	071005	微生物学	manual_source_verified	manually_verified	high
Cell	1	是			0092-8674			cas:0710	生物学	071010	生物化学与分子生物学	manual_source_verified	manually_verified	high
Nature	1	是			0028-0836			cas:0710	生物学	071010	生物化学与分子生物学	manual_source_verified	manually_verified	high
Science	1	是			0036-8075			cas:0710	生物学	071010	生物化学与分子生物学	manual_source_verified	manually_verified	high
Nature Reviews Molecular Cell Biology	1	是			1471-0072			cas:0710	生物学	071010	生物化学与分子生物学	manual_source_verified	manually_verified	high
Molecular Cell	1	是			1097-2765			cas:0710	生物学	071010	生物化学与分子生物学	manual_source_verified	manually_verified	high
Nature Structural & Molecular Biology	1	是			1545-9993			cas:0710	生物学	071010	生物化学与分子生物学	manual_source_verified	manually_verified	high
Annual Review of Biochemistry	1	是			0066-4154			cas:0710	生物学	071010	生物化学与分子生物学	manual_source_verified	manually_verified	high
Trends in Biochemical Sciences	1	是			0968-0004			cas:0710	生物学	071010	生物化学与分子生物学	manual_source_verified	manually_verified	high
The EMBO Journal	1	是			0261-4189			cas:0710	生物学	071010	生物化学与分子生物学	manual_source_verified	manually_verified	high
Nucleic Acids Research	1	是			0305-1048			cas:0710	生物学	071010	生物化学与分子生物学	manual_source_verified	manually_verified	high
Nature Reviews Molecular Cell Biology	1	是			1471-0072			cas:0710	生物学	071009	细胞生物学	manual_source_verified	manually_verified	high
Cell	1	是			0092-8674			cas:0710	生物学	071009	细胞生物学	manual_source_verified	manually_verified	high
Nature Cell Biology	1	是			1465-7392			cas:0710	生物学	071009	细胞生物学	manual_source_verified	manually_verified	high
Molecular Cell	1	是			1097-2765			cas:0710	生物学	071009	细胞生物学	manual_source_verified	manually_verified	high
Cell Metabolism	1	是			1550-4131			cas:0710	生物学	071009	细胞生物学	manual_source_verified	manually_verified	high
Cell Stem Cell	1	是			1934-5909			cas:0710	生物学	071009	细胞生物学	manual_source_verified	manually_verified	high
Developmental Cell	1	是			1534-5807			cas:0710	生物学	071009	细胞生物学	manual_source_verified	manually_verified	high
Journal of Cell Biology	1	是			0021-9525			cas:0710	生物学	071009	细胞生物学	manual_source_verified	manually_verified	high
The EMBO Journal	1	是			0261-4189			cas:0710	生物学	071009	细胞生物学	manual_source_verified	manually_verified	high
Current Opinion in Cell Biology	1	是			0955-0674			cas:0710	生物学	071009	细胞生物学	manual_source_verified	manually_verified	high
Nature Genetics	1	是			1061-4036			cas:0710	生物学	071007	遗传学	manual_source_verified	manually_verified	high
Nature Reviews Genetics	1	是			1471-0056			cas:0710	生物学	071007	遗传学	manual_source_verified	manually_verified	high
Cell Genomics	1	是			2666-979X			cas:0710	生物学	071007	遗传学	manual_source_verified	manually_verified	high
Genome Biology	1	是			1474-760X			cas:0710	生物学	071007	遗传学	manual_source_verified	manually_verified	high
Genome Research	1	是			1088-9051			cas:0710	生物学	071007	遗传学	manual_source_verified	manually_verified	high
The American Journal of Human Genetics	1	是			0002-9297			cas:0710	生物学	071007	遗传学	manual_source_verified	manually_verified	high
PLoS Genetics	1	是			1553-7404			cas:0710	生物学	071007	遗传学	manual_source_verified	manually_verified	high
Genetics	1	是			0016-6731			cas:0710	生物学	071007	遗传学	manual_source_verified	manually_verified	high
Human Molecular Genetics	1	是			0964-6906			cas:0710	生物学	071007	遗传学	manual_source_verified	manually_verified	high
Molecular Biology and Evolution	1	是			0737-4038			cas:0710	生物学	071007	遗传学	manual_source_verified	manually_verified	high
Nature Reviews Neuroscience	1	是			1471-003X			cas:0710	生物学	071006	神经生物学	manual_source_verified	manually_verified	high
Nature Neuroscience	1	是			1097-6256			cas:0710	生物学	071006	神经生物学	manual_source_verified	manually_verified	high
Neuron	1	是			0896-6273			cas:0710	生物学	071006	神经生物学	manual_source_verified	manually_verified	high
Trends in Neurosciences	1	是			0166-2236			cas:0710	生物学	071006	神经生物学	manual_source_verified	manually_verified	high
Annual Review of Neuroscience	1	是			0147-006X			cas:0710	生物学	071006	神经生物学	manual_source_verified	manually_verified	high
Molecular Psychiatry	1	是			1359-4184			cas:0710	生物学	071006	神经生物学	manual_source_verified	manually_verified	high
Brain	1	是			0006-8950			cas:0710	生物学	071006	神经生物学	manual_source_verified	manually_verified	high
Annals of Neurology	1	是			0364-5134			cas:0710	生物学	071006	神经生物学	manual_source_verified	manually_verified	high
Progress in Neurobiology	1	是			0301-0082			cas:0710	生物学	071006	神经生物学	manual_source_verified	manually_verified	high
Journal of Neuroscience	1	是			0270-6474			cas:0710	生物学	071006	神经生物学	manual_source_verified	manually_verified	high
Ecology Letters	1	是			1461-023X			cas:0710	生物学	071012	生态学	manual_source_verified	manually_verified	high
Trends in Ecology & Evolution	1	是			0169-5347			cas:0710	生物学	071012	生态学	manual_source_verified	manually_verified	high
Nature Ecology & Evolution	1	是			2397-334X			cas:0710	生物学	071012	生态学	manual_source_verified	manually_verified	high
Annual Review of Ecology Evolution and Systematics	1	是			1543-592X			cas:0710	生物学	071012	生态学	manual_source_verified	manually_verified	high
Ecology	1	是			0012-9658			cas:0710	生物学	071012	生态学	manual_source_verified	manually_verified	high
Journal of Ecology	1	是			0022-0477			cas:0710	生物学	071012	生态学	manual_source_verified	manually_verified	high
Global Ecology and Biogeography	1	是			1466-822X			cas:0710	生物学	071012	生态学	manual_source_verified	manually_verified	high
Ecological Monographs	1	是			0012-9615			cas:0710	生物学	071012	生态学	manual_source_verified	manually_verified	high
Functional Ecology	1	是			0269-8463			cas:0710	生物学	071012	生态学	manual_source_verified	manually_verified	high
Global Change Biology	1	是			1354-1013			cas:0710	生物学	071012	生态学	manual_source_verified	manually_verified	high
Annual Review of Biophysics	1	是			1936-122X			cas:0710	生物学	071011	生物物理学	manual_source_verified	manually_verified	high
Nature Structural & Molecular Biology	1	是			1545-9993			cas:0710	生物学	071011	生物物理学	manual_source_verified	manually_verified	high
Biophysical Journal	1	是			0006-3495			cas:0710	生物学	071011	生物物理学	manual_source_verified	manually_verified	high
Quarterly Reviews of Biophysics	1	是			0033-5835			cas:0710	生物学	071011	生物物理学	manual_source_verified	manually_verified	high
Progress in Biophysics and Molecular Biology	1	是			0079-6107			cas:0710	生物学	071011	生物物理学	manual_source_verified	manually_verified	high
Biochimica et Biophysica Acta (BBA) - Biomembranes	1	是			0005-2736			cas:0710	生物学	071011	生物物理学	manual_source_verified	manually_verified	high
Journal of Molecular Biology	1	是			0022-2836			cas:0710	生物学	071011	生物物理学	manual_source_verified	manually_verified	high
Structure	1	是			0969-2126			cas:0710	生物学	071011	生物物理学	manual_source_verified	manually_verified	high
European Biophysics Journal	2	否			0175-7571			cas:0710	生物学	071011	生物物理学	manual_source_verified	manually_verified	high
Journal of Structural Biology	1	是			1047-8477			cas:0710	生物学	071011	生物物理学	manual_source_verified	manually_verified	high
Annual Review of Cell and Developmental Biology	1	是			1081-0706			cas:0710	生物学	071008	发育生物学	manual_source_verified	manually_verified	high
Developmental Cell	1	是			1534-5807			cas:0710	生物学	071008	发育生物学	manual_source_verified	manually_verified	high
Development	1	是			0950-1991			cas:0710	生物学	071008	发育生物学	manual_source_verified	manually_verified	high
Cell Stem Cell	1	是			1934-5909			cas:0710	生物学	071008	发育生物学	manual_source_verified	manually_verified	high
Nature Cell Biology	1	是			1465-7392			cas:0710	生物学	071008	发育生物学	manual_source_verified	manually_verified	high
Seminars in Cell and Developmental Biology	1	是			1084-9521			cas:0710	生物学	071008	发育生物学	manual_source_verified	manually_verified	high
Stem Cell Reports	1	是			2213-6711			cas:0710	生物学	071008	发育生物学	manual_source_verified	manually_verified	high
Mechanisms of Development	2	否			0925-4773			cas:0710	生物学	071008	发育生物学	manual_source_verified	manually_verified	high
Developmental Biology	1	是			0012-1606			cas:0710	生物学	071008	发育生物学	manual_source_verified	manually_verified	high
The International Journal of Developmental Biology	2	否			0214-6282			cas:0710	生物学	071008	发育生物学	manual_source_verified	manually_verified	high
IEEE Transactions on Systems Man and Cybernetics Systems	1	是			2168-2216			cas:0711	系统科学	071101	系统理论	manual_source_verified	manually_verified	high
Systems Engineering	1	是			1098-1241			cas:0711	系统科学	071101	系统理论	manual_source_verified	manually_verified	high
International Journal of Systems Science	1	是			0020-7721			cas:0711	系统科学	071101	系统理论	manual_source_verified	manually_verified	high
Journal of Systems Science and Complexity	1	是			1009-6124			cas:0711	系统科学	071101	系统理论	manual_source_verified	manually_verified	high
Systems Research and Behavioral Science	2	否			1092-7026			cas:0711	系统科学	071101	系统理论	manual_source_verified	manually_verified	high
Kybernetes	2	否			0368-492X			cas:0711	系统科学	071101	系统理论	manual_source_verified	manually_verified	high
International Journal of General Systems	2	否			0308-1079			cas:0711	系统科学	071101	系统理论	manual_source_verified	manually_verified	high
Mathematical and Computer Modelling of Dynamical Systems	2	否			1387-3954			cas:0711	系统科学	071101	系统理论	manual_source_verified	manually_verified	high
Discrete Event Dynamic Systems	2	否			0924-6703			cas:0711	系统科学	071101	系统理论	manual_source_verified	manually_verified	high
Journal of Systems Science and Systems Engineering	2	否			1004-3756			cas:0711	系统科学	071101	系统理论	manual_source_verified	manually_verified	high
Mechanical Systems and Signal Processing	1	是			0888-3270			cas:0801	力学（可授工学、理学学位）	080101	一般力学与力学基础	manual_source_verified	manually_verified	high
Journal of Sound and Vibration	1	是			0022-460X			cas:0801	力学（可授工学、理学学位）	080101	一般力学与力学基础	manual_source_verified	manually_verified	high
Nonlinear Dynamics	1	是			0924-090X			cas:0801	力学（可授工学、理学学位）	080101	一般力学与力学基础	manual_source_verified	manually_verified	high
International Journal of Non-Linear Mechanics	1	是			0020-7462			cas:0801	力学（可授工学、理学学位）	080101	一般力学与力学基础	manual_source_verified	manually_verified	high
Journal of Vibration and Control	1	是			1077-5463			cas:0801	力学（可授工学、理学学位）	080101	一般力学与力学基础	manual_source_verified	manually_verified	high
Archive of Applied Mechanics	2	否			0939-1533			cas:0801	力学（可授工学、理学学位）	080101	一般力学与力学基础	manual_source_verified	manually_verified	high
Acta Mechanica	2	否			0001-5970			cas:0801	力学（可授工学、理学学位）	080101	一般力学与力学基础	manual_source_verified	manually_verified	high
Multibody System Dynamics	1	是			1384-5640			cas:0801	力学（可授工学、理学学位）	080101	一般力学与力学基础	manual_source_verified	manually_verified	high
Journal of Computational and Nonlinear Dynamics	2	否			1555-1415			cas:0801	力学（可授工学、理学学位）	080101	一般力学与力学基础	manual_source_verified	manually_verified	high
Meccanica	2	否			0025-6455			cas:0801	力学（可授工学、理学学位）	080101	一般力学与力学基础	manual_source_verified	manually_verified	high
Systems & Control Letters	1	是			0167-6911			cas:0711	系统科学	071102	系统分析与集成	manual_source_verified	manually_verified	high
IEEE Transactions on Systems Man and Cybernetics Systems	1	是			2168-2216			cas:0711	系统科学	071102	系统分析与集成	manual_source_verified	manually_verified	high
Systems Engineering	1	是			1098-1241			cas:0711	系统科学	071102	系统分析与集成	manual_source_verified	manually_verified	high
International Journal of Systems Science	1	是			0020-7721			cas:0711	系统科学	071102	系统分析与集成	manual_source_verified	manually_verified	high
Journal of Systems Science and Systems Engineering	2	否			1004-3756			cas:0711	系统科学	071102	系统分析与集成	manual_source_verified	manually_verified	high
Systems Research and Behavioral Science	2	否			1092-7026			cas:0711	系统科学	071102	系统分析与集成	manual_source_verified	manually_verified	high
Kybernetes	2	否			0368-492X			cas:0711	系统科学	071102	系统分析与集成	manual_source_verified	manually_verified	high
International Journal of General Systems	2	否			0308-1079			cas:0711	系统科学	071102	系统分析与集成	manual_source_verified	manually_verified	high
Systems	2	否			2079-8954			cas:0711	系统科学	071102	系统分析与集成	manual_source_verified	manually_verified	high
Journal of Systems Engineering and Electronics	2	否			1004-4132			cas:0711	系统科学	071102	系统分析与集成	manual_source_verified	manually_verified	high
The British Journal for the History of Science	1	是			0007-0874			cas:0712	科学技术史	071200	科学技术史	manual_source_verified	manually_verified	high
Annals of Science	1	是			0003-3790			cas:0712	科学技术史	071200	科学技术史	manual_source_verified	manually_verified	high
History of Science	1	是			0073-2753			cas:0712	科学技术史	071200	科学技术史	manual_source_verified	manually_verified	high
Science in Context	1	是			0269-8897			cas:0712	科学技术史	071200	科学技术史	manual_source_verified	manually_verified	high
Social Studies of Science	1	是			0306-3127			cas:0712	科学技术史	071200	科学技术史	manual_source_verified	manually_verified	high
Technology and Culture	1	是			0040-165X			cas:0712	科学技术史	071200	科学技术史	manual_source_verified	manually_verified	high
Osiris	1	是			0369-7827			cas:0712	科学技术史	071200	科学技术史	manual_source_verified	manually_verified	high
Historical Studies in the Natural Sciences	1	是			1939-1811			cas:0712	科学技术史	071200	科学技术史	manual_source_verified	manually_verified	high
Journal of the History of Biology	1	是			0022-5010			cas:0712	科学技术史	071200	科学技术史	manual_source_verified	manually_verified	high
Studies in History and Philosophy of Science Part A	1	是			0039-3681			cas:0712	科学技术史	071200	科学技术史	manual_source_verified	manually_verified	high
Journal of the Mechanics and Physics of Solids	1	是			0022-5096			cas:0801	力学（可授工学、理学学位）	080102	固体力学	manual_source_verified	manually_verified	high
International Journal of Solids and Structures	1	是			0020-7683			cas:0801	力学（可授工学、理学学位）	080102	固体力学	manual_source_verified	manually_verified	high
Mechanics of Materials	1	是			0167-6636			cas:0801	力学（可授工学、理学学位）	080102	固体力学	manual_source_verified	manually_verified	high
Journal of Applied Mechanics	1	是			0021-8936			cas:0801	力学（可授工学、理学学位）	080102	固体力学	manual_source_verified	manually_verified	high
European Journal of Mechanics - A/Solids	1	是			0997-7538			cas:0801	力学（可授工学、理学学位）	080102	固体力学	manual_source_verified	manually_verified	high
International Journal of Mechanical Sciences	1	是			0020-7403			cas:0801	力学（可授工学、理学学位）	080102	固体力学	manual_source_verified	manually_verified	high
Computational Mechanics	1	是			0178-7675			cas:0801	力学（可授工学、理学学位）	080102	固体力学	manual_source_verified	manually_verified	high
Archive of Applied Mechanics	2	否			0939-1533			cas:0801	力学（可授工学、理学学位）	080102	固体力学	manual_source_verified	manually_verified	high
Acta Mechanica	2	否			0001-5970			cas:0801	力学（可授工学、理学学位）	080102	固体力学	manual_source_verified	manually_verified	high
Journal of Elasticity	2	否			0374-3535			cas:0801	力学（可授工学、理学学位）	080102	固体力学	manual_source_verified	manually_verified	high
Journal of Fluid Mechanics	1	是			0022-1120			cas:0801	力学（可授工学、理学学位）	080103	流体力学	manual_source_verified	manually_verified	high
Physics of Fluids	1	是			1070-6631			cas:0801	力学（可授工学、理学学位）	080103	流体力学	manual_source_verified	manually_verified	high
Physical Review Fluids	1	是			2469-990X			cas:0801	力学（可授工学、理学学位）	080103	流体力学	manual_source_verified	manually_verified	high
Annual Review of Fluid Mechanics	1	是			0066-4189			cas:0801	力学（可授工学、理学学位）	080103	流体力学	manual_source_verified	manually_verified	high
Journal of Non-Newtonian Fluid Mechanics	1	是			0377-0257			cas:0801	力学（可授工学、理学学位）	080103	流体力学	manual_source_verified	manually_verified	high
Experiments in Fluids	1	是			0723-4864			cas:0801	力学（可授工学、理学学位）	080103	流体力学	manual_source_verified	manually_verified	high
International Journal of Multiphase Flow	1	是			0301-9322			cas:0801	力学（可授工学、理学学位）	080103	流体力学	manual_source_verified	manually_verified	high
Computers & Fluids	1	是			0045-7930			cas:0801	力学（可授工学、理学学位）	080103	流体力学	manual_source_verified	manually_verified	high
Journal of Turbulence	2	否			1468-5248			cas:0801	力学（可授工学、理学学位）	080103	流体力学	manual_source_verified	manually_verified	high
Theoretical and Computational Fluid Dynamics	2	否			0935-4964			cas:0801	力学（可授工学、理学学位）	080103	流体力学	manual_source_verified	manually_verified	high
Journal of the Mechanics and Physics of Solids	1	是			0022-5096			cas:0801	力学（可授工学、理学学位）	080104	工程力学	manual_source_verified	manually_verified	high
International Journal of Engineering Science	1	是			0020-7225			cas:0801	力学（可授工学、理学学位）	080104	工程力学	manual_source_verified	manually_verified	high
Computer Methods in Applied Mechanics and Engineering	1	是			0045-7825			cas:0801	力学（可授工学、理学学位）	080104	工程力学	manual_source_verified	manually_verified	high
International Journal for Numerical Methods in Engineering	1	是			0029-5981			cas:0801	力学（可授工学、理学学位）	080104	工程力学	manual_source_verified	manually_verified	high
Mechanics of Materials	1	是			0167-6636			cas:0801	力学（可授工学、理学学位）	080104	工程力学	manual_source_verified	manually_verified	high
International Journal of Solids and Structures	1	是			0020-7683			cas:0801	力学（可授工学、理学学位）	080104	工程力学	manual_source_verified	manually_verified	high
Engineering Fracture Mechanics	1	是			0013-7944			cas:0801	力学（可授工学、理学学位）	080104	工程力学	manual_source_verified	manually_verified	high
Theoretical and Applied Fracture Mechanics	1	是			0167-8442			cas:0801	力学（可授工学、理学学位）	080104	工程力学	manual_source_verified	manually_verified	high
Journal of Engineering Mechanics	2	否			0733-9399			cas:0801	力学（可授工学、理学学位）	080104	工程力学	manual_source_verified	manually_verified	high
Archive of Applied Mechanics	2	否			0939-1533			cas:0801	力学（可授工学、理学学位）	080104	工程力学	manual_source_verified	manually_verified	high
International Journal of Machine Tools and Manufacture	1	是			0890-6955			cas:0802	机械工程	080201	机械制造及其自动化	manual_source_verified	manually_verified	high
CIRP Annals	1	是			0007-8506			cas:0802	机械工程	080201	机械制造及其自动化	manual_source_verified	manually_verified	high
Journal of Manufacturing Science and Engineering	1	是			1087-1357			cas:0802	机械工程	080201	机械制造及其自动化	manual_source_verified	manually_verified	high
Journal of Materials Processing Technology	1	是			0924-0136			cas:0802	机械工程	080201	机械制造及其自动化	manual_source_verified	manually_verified	high
Robotics and Computer-Integrated Manufacturing	1	是			0736-5845			cas:0802	机械工程	080201	机械制造及其自动化	manual_source_verified	manually_verified	high
Precision Engineering	1	是			0141-6359			cas:0802	机械工程	080201	机械制造及其自动化	manual_source_verified	manually_verified	high
Mechanical Systems and Signal Processing	1	是			0888-3270			cas:0802	机械工程	080201	机械制造及其自动化	manual_source_verified	manually_verified	high
The International Journal of Advanced Manufacturing Technology	2	否			0268-3768			cas:0802	机械工程	080201	机械制造及其自动化	manual_source_verified	manually_verified	high
Journal of Manufacturing Processes	1	是			1526-6125			cas:0802	机械工程	080201	机械制造及其自动化	manual_source_verified	manually_verified	high
Machining Science and Technology	2	否			1091-0344			cas:0802	机械工程	080201	机械制造及其自动化	manual_source_verified	manually_verified	high
IEEE/ASME Transactions on Mechatronics	1	是			1083-4435			cas:0802	机械工程	080202	机械电子工程	manual_source_verified	manually_verified	high
Mechanical Systems and Signal Processing	1	是			0888-3270			cas:0802	机械工程	080202	机械电子工程	manual_source_verified	manually_verified	high
Precision Engineering	1	是			0141-6359			cas:0802	机械工程	080202	机械电子工程	manual_source_verified	manually_verified	high
Sensors and Actuators A Physical	1	是			0924-4247			cas:0802	机械工程	080202	机械电子工程	manual_source_verified	manually_verified	high
Robotics and Computer-Integrated Manufacturing	1	是			0736-5845			cas:0802	机械工程	080202	机械电子工程	manual_source_verified	manually_verified	high
International Journal of Machine Tools and Manufacture	1	是			0890-6955			cas:0802	机械工程	080202	机械电子工程	manual_source_verified	manually_verified	high
Journal of Intelligent Manufacturing	1	是			0956-5515			cas:0802	机械工程	080202	机械电子工程	manual_source_verified	manually_verified	high
CIRP Annals	1	是			0007-8506			cas:0802	机械工程	080202	机械电子工程	manual_source_verified	manually_verified	high
Mechatronics	1	是			0957-4158			cas:0802	机械工程	080202	机械电子工程	manual_source_verified	manually_verified	high
Journal of Micromechanics and Microengineering	2	否			0960-1317			cas:0802	机械工程	080202	机械电子工程	manual_source_verified	manually_verified	high
Vehicle System Dynamics	1	是			0042-3114			cas:0802	机械工程	080204	车辆工程	manual_source_verified	manually_verified	high
IEEE Transactions on Vehicular Technology	1	是			0018-9545			cas:0802	机械工程	080204	车辆工程	manual_source_verified	manually_verified	high
Mechanical Systems and Signal Processing	1	是			0888-3270			cas:0802	机械工程	080204	车辆工程	manual_source_verified	manually_verified	high
Journal of Sound and Vibration	1	是			0022-460X			cas:0802	机械工程	080204	车辆工程	manual_source_verified	manually_verified	high
Proceedings of the Institution of Mechanical Engineers Part D Journal of Automobile Engineering	2	否			0954-4070			cas:0802	机械工程	080204	车辆工程	manual_source_verified	manually_verified	high
International Journal of Automotive Technology	2	否			1229-9138			cas:0802	机械工程	080204	车辆工程	manual_source_verified	manually_verified	high
SAE International Journal of Vehicle Dynamics Stability and NVH	2	否			2380-2162			cas:0802	机械工程	080204	车辆工程	manual_source_verified	manually_verified	high
Automotive Innovation	1	是			2096-4250			cas:0802	机械工程	080204	车辆工程	manual_source_verified	manually_verified	high
International Journal of Vehicle Design	3	否			0143-3369			cas:0802	机械工程	080204	车辆工程	manual_source_verified	manually_verified	high
Journal of Terramechanics	2	否			0022-4898			cas:0802	机械工程	080204	车辆工程	manual_source_verified	manually_verified	high
Measurement Science and Technology	1	是			0957-0233			cas:0804	仪器科学与技术	080401	精密仪器及机械	manual_source_verified	manually_verified	high
Precision Engineering	1	是			0141-6359			cas:0804	仪器科学与技术	080401	精密仪器及机械	manual_source_verified	manually_verified	high
Sensors and Actuators A Physical	1	是			0924-4247			cas:0804	仪器科学与技术	080401	精密仪器及机械	manual_source_verified	manually_verified	high
Review of Scientific Instruments	2	否			0034-6748			cas:0804	仪器科学与技术	080401	精密仪器及机械	manual_source_verified	manually_verified	high
Measurement	1	是			0263-2241			cas:0804	仪器科学与技术	080401	精密仪器及机械	manual_source_verified	manually_verified	high
Journal of Micromechanics and Microengineering	2	否			0960-1317			cas:0804	仪器科学与技术	080401	精密仪器及机械	manual_source_verified	manually_verified	high
Microsystem Technologies	2	否			0946-7076			cas:0804	仪器科学与技术	080401	精密仪器及机械	manual_source_verified	manually_verified	high
Journal of Dynamic Systems Measurement and Control	2	否			0022-0434			cas:0804	仪器科学与技术	080401	精密仪器及机械	manual_source_verified	manually_verified	high
IEEE Sensors Journal	1	是			1530-437X			cas:0804	仪器科学与技术	080401	精密仪器及机械	manual_source_verified	manually_verified	high
Optics and Lasers in Engineering	1	是			0143-8166			cas:0804	仪器科学与技术	080401	精密仪器及机械	manual_source_verified	manually_verified	high
Journal of Mechanical Design	1	是			1050-0472			cas:0802	机械工程	080203	机械设计及理论	manual_source_verified	manually_verified	high
Tribology International	1	是			0301-679X			cas:0802	机械工程	080203	机械设计及理论	manual_source_verified	manually_verified	high
Mechanical Systems and Signal Processing	1	是			0888-3270			cas:0802	机械工程	080203	机械设计及理论	manual_source_verified	manually_verified	high
Precision Engineering	1	是			0141-6359			cas:0802	机械工程	080203	机械设计及理论	manual_source_verified	manually_verified	high
Journal of Tribology	2	否			0742-4787			cas:0802	机械工程	080203	机械设计及理论	manual_source_verified	manually_verified	high
Proceedings of the Institution of Mechanical Engineers Part C Journal of Mechanical Engineering Science	2	否			0954-4062			cas:0802	机械工程	080203	机械设计及理论	manual_source_verified	manually_verified	high
Journal of Vibration and Acoustics	2	否			1048-9002			cas:0802	机械工程	080203	机械设计及理论	manual_source_verified	manually_verified	high
Journal of Mechanical Science and Technology	2	否			1738-494X			cas:0802	机械工程	080203	机械设计及理论	manual_source_verified	manually_verified	high
Forschung im Ingenieurwesen	3	否			0015-7899			cas:0802	机械工程	080203	机械设计及理论	manual_source_verified	manually_verified	high
Transactions of the Canadian Society for Mechanical Engineering	3	否			0315-8977			cas:0802	机械工程	080203	机械设计及理论	manual_source_verified	manually_verified	high
Nature Materials	1	是			1476-1122			cas:0805	材料科学与工程	080501	材料物理与化学	manual_source_verified	manually_verified	high
Nature Reviews Materials	1	是			2058-8437			cas:0805	材料科学与工程	080501	材料物理与化学	manual_source_verified	manually_verified	high
Advanced Materials	1	是			0935-9648			cas:0805	材料科学与工程	080501	材料物理与化学	manual_source_verified	manually_verified	high
Advanced Functional Materials	1	是			1616-301X			cas:0805	材料科学与工程	080501	材料物理与化学	manual_source_verified	manually_verified	high
Materials Today	1	是			1369-7021			cas:0805	材料科学与工程	080501	材料物理与化学	manual_source_verified	manually_verified	high
ACS Nano	1	是			1936-0851			cas:0805	材料科学与工程	080501	材料物理与化学	manual_source_verified	manually_verified	high
Nano Letters	1	是			1530-6984			cas:0805	材料科学与工程	080501	材料物理与化学	manual_source_verified	manually_verified	high
Journal of the American Chemical Society	1	是			0002-7863			cas:0805	材料科学与工程	080501	材料物理与化学	manual_source_verified	manually_verified	high
Angewandte Chemie International Edition	1	是			1433-7851			cas:0805	材料科学与工程	080501	材料物理与化学	manual_source_verified	manually_verified	high
Chemistry of Materials	1	是			0897-4756			cas:0805	材料科学与工程	080501	材料物理与化学	manual_source_verified	manually_verified	high
IEEE Transactions on Instrumentation and Measurement	1	是			0018-9456			cas:0804	仪器科学与技术	080402	测试计量技术及仪器	manual_source_verified	manually_verified	high
Measurement Science and Technology	1	是			0957-0233			cas:0804	仪器科学与技术	080402	测试计量技术及仪器	manual_source_verified	manually_verified	high
Sensors and Actuators A Physical	1	是			0924-4247			cas:0804	仪器科学与技术	080402	测试计量技术及仪器	manual_source_verified	manually_verified	high
Review of Scientific Instruments	2	否			0034-6748			cas:0804	仪器科学与技术	080402	测试计量技术及仪器	manual_source_verified	manually_verified	high
Metrologia	1	是			0026-1394			cas:0804	仪器科学与技术	080402	测试计量技术及仪器	manual_source_verified	manually_verified	high
IEEE Sensors Journal	1	是			1530-437X			cas:0804	仪器科学与技术	080402	测试计量技术及仪器	manual_source_verified	manually_verified	high
Journal of Dynamic Systems Measurement and Control	2	否			0022-0434			cas:0804	仪器科学与技术	080402	测试计量技术及仪器	manual_source_verified	manually_verified	high
Flow Measurement and Instrumentation	2	否			0955-5986			cas:0804	仪器科学与技术	080402	测试计量技术及仪器	manual_source_verified	manually_verified	high
Journal of Research of the National Institute of Standards and Technology	3	否			1044-677X			cas:0804	仪器科学与技术	080402	测试计量技术及仪器	manual_source_verified	manually_verified	high
Transactions of the Institute of Measurement and Control	2	否			0142-3312			cas:0804	仪器科学与技术	080402	测试计量技术及仪器	manual_source_verified	manually_verified	high
Nature Photonics	1	是			1749-4885			cas:0803	光学工程	080300	光学工程	manual_source_verified	manually_verified	high
Optica	1	是			2334-2536			cas:0803	光学工程	080300	光学工程	manual_source_verified	manually_verified	high
Laser & Photonics Review	1	是			1863-8880			cas:0803	光学工程	080300	光学工程	manual_source_verified	manually_verified	high
Advanced Optical Materials	1	是			2195-1071			cas:0803	光学工程	080300	光学工程	manual_source_verified	manually_verified	high
ACS Photonics	1	是			2330-4022			cas:0803	光学工程	080300	光学工程	manual_source_verified	manually_verified	high
Photonics Research	1	是			2327-9125			cas:0803	光学工程	080300	光学工程	manual_source_verified	manually_verified	high
Optics Letters	1	是			0146-9592			cas:0803	光学工程	080300	光学工程	manual_source_verified	manually_verified	high
Optics Express	1	是			1094-4087			cas:0803	光学工程	080300	光学工程	manual_source_verified	manually_verified	high
IEEE Journal of Selected Topics in Quantum Electronics	1	是			1077-260X			cas:0803	光学工程	080300	光学工程	manual_source_verified	manually_verified	high
Journal of Lightwave Technology	1	是			0733-8724			cas:0803	光学工程	080300	光学工程	manual_source_verified	manually_verified	high
Nature Reviews Materials	1	是			2058-8437			cas:0805	材料科学与工程	080502	材料学	manual_source_verified	manually_verified	high
Advanced Materials	1	是			0935-9648			cas:0805	材料科学与工程	080502	材料学	manual_source_verified	manually_verified	high
Advanced Functional Materials	1	是			1616-301X			cas:0805	材料科学与工程	080502	材料学	manual_source_verified	manually_verified	high
Materials Today	1	是			1369-7021			cas:0805	材料科学与工程	080502	材料学	manual_source_verified	manually_verified	high
Progress in Materials Science	1	是			0079-6425			cas:0805	材料科学与工程	080502	材料学	manual_source_verified	manually_verified	high
Materials Science and Engineering R Reports	1	是			0927-796X			cas:0805	材料科学与工程	080502	材料学	manual_source_verified	manually_verified	high
Annual Review of Materials Research	1	是			1531-7331			cas:0805	材料科学与工程	080502	材料学	manual_source_verified	manually_verified	high
ACS Nano	1	是			1936-0851			cas:0805	材料科学与工程	080502	材料学	manual_source_verified	manually_verified	high
Nano Letters	1	是			1530-6984			cas:0805	材料科学与工程	080502	材料学	manual_source_verified	manually_verified	high
Journal of Materials Chemistry A	1	是			2050-7488			cas:0805	材料科学与工程	080502	材料学	manual_source_verified	manually_verified	high
Metallurgical and Materials Transactions B	1	是			1073-5615			cas:0806	冶金工程	080601	冶金物理化学	manual_source_verified	manually_verified	high
Journal of Materials Research and Technology	1	是			2238-7854			cas:0806	冶金工程	080601	冶金物理化学	manual_source_verified	manually_verified	high
Hydrometallurgy	1	是			0304-386X			cas:0806	冶金工程	080601	冶金物理化学	manual_source_verified	manually_verified	high
Minerals Engineering	1	是			0892-6875			cas:0806	冶金工程	080601	冶金物理化学	manual_source_verified	manually_verified	high
Journal of Sustainable Metallurgy	1	是			2199-3823			cas:0806	冶金工程	080601	冶金物理化学	manual_source_verified	manually_verified	high
International Journal of Minerals Metallurgy and Materials	1	是			1674-4799			cas:0806	冶金工程	080601	冶金物理化学	manual_source_verified	manually_verified	high
Journal of Mining and Metallurgy Section B Metallurgy	2	否			1450-5339			cas:0806	冶金工程	080601	冶金物理化学	manual_source_verified	manually_verified	high
Mineral Processing and Extractive Metallurgy Review	1	是			0882-7508			cas:0806	冶金工程	080601	冶金物理化学	manual_source_verified	manually_verified	high
Canadian Metallurgical Quarterly	2	否			0008-4433			cas:0806	冶金工程	080601	冶金物理化学	manual_source_verified	manually_verified	high
Metallurgical Research & Technology	2	否			2271-3646			cas:0806	冶金工程	080601	冶金物理化学	manual_source_verified	manually_verified	high
Progress in Energy and Combustion Science	1	是			0360-1285			cas:0807	动力工程及工程热物理	080701	工程热物理	manual_source_verified	manually_verified	high
Combustion and Flame	1	是			0010-2180			cas:0807	动力工程及工程热物理	080701	工程热物理	manual_source_verified	manually_verified	high
International Journal of Heat and Mass Transfer	1	是			0017-9310			cas:0807	动力工程及工程热物理	080701	工程热物理	manual_source_verified	manually_verified	high
Applied Thermal Engineering	1	是			1359-4311			cas:0807	动力工程及工程热物理	080701	工程热物理	manual_source_verified	manually_verified	high
Energy	1	是			0360-5442			cas:0807	动力工程及工程热物理	080701	工程热物理	manual_source_verified	manually_verified	high
Fuel	1	是			0016-2361			cas:0807	动力工程及工程热物理	080701	工程热物理	manual_source_verified	manually_verified	high
International Journal of Thermal Sciences	1	是			1290-0729			cas:0807	动力工程及工程热物理	080701	工程热物理	manual_source_verified	manually_verified	high
Journal of Quantitative Spectroscopy and Radiative Transfer	1	是			0022-4073			cas:0807	动力工程及工程热物理	080701	工程热物理	manual_source_verified	manually_verified	high
Experimental Thermal and Fluid Science	1	是			0894-1777			cas:0807	动力工程及工程热物理	080701	工程热物理	manual_source_verified	manually_verified	high
Journal of Thermophysics and Heat Transfer	2	否			0887-8722			cas:0807	动力工程及工程热物理	080701	工程热物理	manual_source_verified	manually_verified	high
Metallurgical and Materials Transactions B	1	是			1073-5615			cas:0806	冶金工程	080602	钢铁冶金	manual_source_verified	manually_verified	high
ISIJ International	1	是			0915-1559			cas:0806	冶金工程	080602	钢铁冶金	manual_source_verified	manually_verified	high
steel research international	1	是			1611-3683			cas:0806	冶金工程	080602	钢铁冶金	manual_source_verified	manually_verified	high
Ironmaking & Steelmaking Processes Products and Applications	1	是			0301-9233			cas:0806	冶金工程	080602	钢铁冶金	manual_source_verified	manually_verified	high
Journal of Iron and Steel Research International	1	是			1006-706X			cas:0806	冶金工程	080602	钢铁冶金	manual_source_verified	manually_verified	high
Metallurgist	2	否			0026-0894			cas:0806	冶金工程	080602	钢铁冶金	manual_source_verified	manually_verified	high
Journal of Sustainable Metallurgy	1	是			2199-3823			cas:0806	冶金工程	080602	钢铁冶金	manual_source_verified	manually_verified	high
Mineral Processing and Extractive Metallurgy Review	1	是			0882-7508			cas:0806	冶金工程	080602	钢铁冶金	manual_source_verified	manually_verified	high
Canadian Metallurgical Quarterly	2	否			0008-4433			cas:0806	冶金工程	080602	钢铁冶金	manual_source_verified	manually_verified	high
Metals	1	是			2075-4701			cas:0806	冶金工程	080602	钢铁冶金	manual_source_verified	manually_verified	high
International Journal of Machine Tools and Manufacture	1	是			0890-6955			cas:0805	材料科学与工程	080503	材料加工工程	manual_source_verified	manually_verified	high
Additive Manufacturing	1	是			2214-8604			cas:0805	材料科学与工程	080503	材料加工工程	manual_source_verified	manually_verified	high
Materials Science and Engineering A	1	是			0921-5093			cas:0805	材料科学与工程	080503	材料加工工程	manual_source_verified	manually_verified	high
Materials & Design	1	是			0264-1275			cas:0805	材料科学与工程	080503	材料加工工程	manual_source_verified	manually_verified	high
Journal of Manufacturing Processes	1	是			1526-6125			cas:0805	材料科学与工程	080503	材料加工工程	manual_source_verified	manually_verified	high
Materials Characterization	1	是			1044-5803			cas:0805	材料科学与工程	080503	材料加工工程	manual_source_verified	manually_verified	high
Journal of Alloys and Compounds	1	是			0925-8388			cas:0805	材料科学与工程	080503	材料加工工程	manual_source_verified	manually_verified	high
Metallurgical and Materials Transactions A	1	是			1073-5623			cas:0805	材料科学与工程	080503	材料加工工程	manual_source_verified	manually_verified	high
Materials Science and Technology	2	否			0267-0836			cas:0805	材料科学与工程	080503	材料加工工程	manual_source_verified	manually_verified	high
Journal of Materials Engineering and Performance	2	否			1059-9495			cas:0805	材料科学与工程	080503	材料加工工程	manual_source_verified	manually_verified	high
Hydrometallurgy	1	是			0304-386X			cas:0806	冶金工程	080603	有色金属冶金	manual_source_verified	manually_verified	high
Metallurgical and Materials Transactions B	1	是			1073-5615			cas:0806	冶金工程	080603	有色金属冶金	manual_source_verified	manually_verified	high
Minerals Engineering	1	是			0892-6875			cas:0806	冶金工程	080603	有色金属冶金	manual_source_verified	manually_verified	high
Journal of Sustainable Metallurgy	1	是			2199-3823			cas:0806	冶金工程	080603	有色金属冶金	manual_source_verified	manually_verified	high
Transactions of Nonferrous Metals Society of China	1	是			1003-6326			cas:0806	冶金工程	080603	有色金属冶金	manual_source_verified	manually_verified	high
International Journal of Minerals Metallurgy and Materials	1	是			1674-4799			cas:0806	冶金工程	080603	有色金属冶金	manual_source_verified	manually_verified	high
Mineral Processing and Extractive Metallurgy Review	1	是			0882-7508			cas:0806	冶金工程	080603	有色金属冶金	manual_source_verified	manually_verified	high
Canadian Metallurgical Quarterly	2	否			0008-4433			cas:0806	冶金工程	080603	有色金属冶金	manual_source_verified	manually_verified	high
Journal of Mining and Metallurgy Section B Metallurgy	2	否			1450-5339			cas:0806	冶金工程	080603	有色金属冶金	manual_source_verified	manually_verified	high
Metals	2	否			2075-4701			cas:0806	冶金工程	080603	有色金属冶金	manual_source_verified	manually_verified	high
Progress in Energy and Combustion Science	1	是			0360-1285			cas:0807	动力工程及工程热物理	080702	热能工程	manual_source_verified	manually_verified	high
Energy Conversion and Management	1	是			0196-8904			cas:0807	动力工程及工程热物理	080702	热能工程	manual_source_verified	manually_verified	high
Applied Thermal Engineering	1	是			1359-4311			cas:0807	动力工程及工程热物理	080702	热能工程	manual_source_verified	manually_verified	high
International Journal of Heat and Mass Transfer	1	是			0017-9310			cas:0807	动力工程及工程热物理	080702	热能工程	manual_source_verified	manually_verified	high
Combustion and Flame	1	是			0010-2180			cas:0807	动力工程及工程热物理	080702	热能工程	manual_source_verified	manually_verified	high
Fuel	1	是			0016-2361			cas:0807	动力工程及工程热物理	080702	热能工程	manual_source_verified	manually_verified	high
Energy	1	是			0360-5442			cas:0807	动力工程及工程热物理	080702	热能工程	manual_source_verified	manually_verified	high
Renewable Energy	1	是			0960-1481			cas:0807	动力工程及工程热物理	080702	热能工程	manual_source_verified	manually_verified	high
International Journal of Thermal Sciences	1	是			1290-0729			cas:0807	动力工程及工程热物理	080702	热能工程	manual_source_verified	manually_verified	high
Journal of Quantitative Spectroscopy and Radiative Transfer	1	是			0022-4073			cas:0807	动力工程及工程热物理	080702	热能工程	manual_source_verified	manually_verified	high
Journal of Fluid Mechanics	1	是			0022-1120			cas:0807	动力工程及工程热物理	080704	流体机械及工程	manual_source_verified	manually_verified	high
Physics of Fluids	1	是			1070-6631			cas:0807	动力工程及工程热物理	080704	流体机械及工程	manual_source_verified	manually_verified	high
Journal of Fluids Engineering	2	否			0098-2202			cas:0807	动力工程及工程热物理	080704	流体机械及工程	manual_source_verified	manually_verified	high
International Journal of Heat and Fluid Flow	1	是			0142-727X			cas:0807	动力工程及工程热物理	080704	流体机械及工程	manual_source_verified	manually_verified	high
Experimental Thermal and Fluid Science	1	是			0894-1777			cas:0807	动力工程及工程热物理	080704	流体机械及工程	manual_source_verified	manually_verified	high
Flow Turbulence and Combustion	1	是			1386-6184			cas:0807	动力工程及工程热物理	080704	流体机械及工程	manual_source_verified	manually_verified	high
Journal of Turbomachinery	2	否			0889-504X			cas:0807	动力工程及工程热物理	080704	流体机械及工程	manual_source_verified	manually_verified	high
International Journal of Turbomachinery Propulsion and Power	2	否			2504-186X			cas:0807	动力工程及工程热物理	080704	流体机械及工程	manual_source_verified	manually_verified	high
Journal of Hydraulic Research	2	否			0022-1686			cas:0807	动力工程及工程热物理	080704	流体机械及工程	manual_source_verified	manually_verified	high
Journal of Fluids and Structures	1	是			0889-9746			cas:0807	动力工程及工程热物理	080704	流体机械及工程	manual_source_verified	manually_verified	high
Progress in Energy and Combustion Science	1	是			0360-1285			cas:0807	动力工程及工程热物理	080703	动力机械及工程	manual_source_verified	manually_verified	high
Applied Energy	1	是			0306-2619			cas:0807	动力工程及工程热物理	080703	动力机械及工程	manual_source_verified	manually_verified	high
Energy Conversion and Management	1	是			0196-8904			cas:0807	动力工程及工程热物理	080703	动力机械及工程	manual_source_verified	manually_verified	high
Fuel	1	是			0016-2361			cas:0807	动力工程及工程热物理	080703	动力机械及工程	manual_source_verified	manually_verified	high
Combustion and Flame	1	是			0010-2180			cas:0807	动力工程及工程热物理	080703	动力机械及工程	manual_source_verified	manually_verified	high
International Journal of Engine Research	1	是			1468-0874			cas:0807	动力工程及工程热物理	080703	动力机械及工程	manual_source_verified	manually_verified	high
Energy	1	是			0360-5442			cas:0807	动力工程及工程热物理	080703	动力机械及工程	manual_source_verified	manually_verified	high
Applied Thermal Engineering	1	是			1359-4311			cas:0807	动力工程及工程热物理	080703	动力机械及工程	manual_source_verified	manually_verified	high
Journal of Engineering for Gas Turbines and Power	2	否			0742-4795			cas:0807	动力工程及工程热物理	080703	动力机械及工程	manual_source_verified	manually_verified	high
SAE International Journal of Engines	2	否			1946-3936			cas:0807	动力工程及工程热物理	080703	动力机械及工程	manual_source_verified	manually_verified	high
International Journal of Refrigeration	1	是			0140-7007			cas:0807	动力工程及工程热物理	080705	制冷及低温工程	manual_source_verified	manually_verified	high
Applied Thermal Engineering	1	是			1359-4311			cas:0807	动力工程及工程热物理	080705	制冷及低温工程	manual_source_verified	manually_verified	high
Cryogenics	2	否			0011-2275			cas:0807	动力工程及工程热物理	080705	制冷及低温工程	manual_source_verified	manually_verified	high
International Journal of Heat and Mass Transfer	1	是			0017-9310			cas:0807	动力工程及工程热物理	080705	制冷及低温工程	manual_source_verified	manually_verified	high
Energy Conversion and Management	1	是			0196-8904			cas:0807	动力工程及工程热物理	080705	制冷及低温工程	manual_source_verified	manually_verified	high
Energy	1	是			0360-5442			cas:0807	动力工程及工程热物理	080705	制冷及低温工程	manual_source_verified	manually_verified	high
Applied Energy	1	是			0306-2619			cas:0807	动力工程及工程热物理	080705	制冷及低温工程	manual_source_verified	manually_verified	high
Journal of Thermal Science and Engineering Applications	2	否			1948-5085			cas:0807	动力工程及工程热物理	080705	制冷及低温工程	manual_source_verified	manually_verified	high
Heat Transfer Engineering	2	否			0145-7632			cas:0807	动力工程及工程热物理	080705	制冷及低温工程	manual_source_verified	manually_verified	high
International Journal of Thermal Sciences	1	是			1290-0729			cas:0807	动力工程及工程热物理	080705	制冷及低温工程	manual_source_verified	manually_verified	high
IEEE Transactions on Dielectrics and Electrical Insulation	1	是			1070-9878			cas:0808	电气工程	080803	高电压与绝缘技术	manual_source_verified	manually_verified	high
IEEE Transactions on Power Delivery	1	是			0885-8977			cas:0808	电气工程	080803	高电压与绝缘技术	manual_source_verified	manually_verified	high
High Voltage	1	是			2397-7264			cas:0808	电气工程	080803	高电压与绝缘技术	manual_source_verified	manually_verified	high
Electric Power Systems Research	1	是			0378-7796			cas:0808	电气工程	080803	高电压与绝缘技术	manual_source_verified	manually_verified	high
IET Generation Transmission & Distribution	1	是			1751-8687			cas:0808	电气工程	080803	高电压与绝缘技术	manual_source_verified	manually_verified	high
IEEE Transactions on Electromagnetic Compatibility	1	是			0018-9375			cas:0808	电气工程	080803	高电压与绝缘技术	manual_source_verified	manually_verified	high
Journal of Electrostatics	2	否			0304-3886			cas:0808	电气工程	080803	高电压与绝缘技术	manual_source_verified	manually_verified	high
IEEE Electrical Insulation Magazine	2	否			0883-7554			cas:0808	电气工程	080803	高电压与绝缘技术	manual_source_verified	manually_verified	high
CSEE Journal of Power and Energy Systems	1	是			2096-0042			cas:0808	电气工程	080803	高电压与绝缘技术	manual_source_verified	manually_verified	high
International Journal of Electrical Power & Energy Systems	1	是			0142-0615			cas:0808	电气工程	080803	高电压与绝缘技术	manual_source_verified	manually_verified	high
IEEE Transactions on Power Systems	1	是			0885-8950			cas:0808	电气工程	080802	电力系统及其自动化	manual_source_verified	manually_verified	high
IEEE Transactions on Smart Grid	1	是			1949-3053			cas:0808	电气工程	080802	电力系统及其自动化	manual_source_verified	manually_verified	high
IEEE Transactions on Power Delivery	1	是			0885-8977			cas:0808	电气工程	080802	电力系统及其自动化	manual_source_verified	manually_verified	high
IEEE Transactions on Energy Conversion	1	是			0885-8969			cas:0808	电气工程	080802	电力系统及其自动化	manual_source_verified	manually_verified	high
Electric Power Systems Research	1	是			0378-7796			cas:0808	电气工程	080802	电力系统及其自动化	manual_source_verified	manually_verified	high
International Journal of Electrical Power & Energy Systems	1	是			0142-0615			cas:0808	电气工程	080802	电力系统及其自动化	manual_source_verified	manually_verified	high
IET Generation Transmission & Distribution	1	是			1751-8687			cas:0808	电气工程	080802	电力系统及其自动化	manual_source_verified	manually_verified	high
IEEE Transactions on Sustainable Energy	1	是			1949-3029			cas:0808	电气工程	080802	电力系统及其自动化	manual_source_verified	manually_verified	high
CSEE Journal of Power and Energy Systems	1	是			2096-0042			cas:0808	电气工程	080802	电力系统及其自动化	manual_source_verified	manually_verified	high
Journal of Modern Power Systems and Clean Energy	1	是			2196-5625			cas:0808	电气工程	080802	电力系统及其自动化	manual_source_verified	manually_verified	high
Industrial & Engineering Chemistry Research	1	是			0888-5885			cas:0807	动力工程及工程热物理	080706	化工过程机械	manual_source_verified	manually_verified	high
Chemical Engineering Journal	1	是			1385-8947			cas:0807	动力工程及工程热物理	080706	化工过程机械	manual_source_verified	manually_verified	high
Powder Technology	1	是			0032-5910			cas:0807	动力工程及工程热物理	080706	化工过程机械	manual_source_verified	manually_verified	high
Separation and Purification Technology	1	是			1383-5866			cas:0807	动力工程及工程热物理	080706	化工过程机械	manual_source_verified	manually_verified	high
Journal of Membrane Science	1	是			0376-7388			cas:0807	动力工程及工程热物理	080706	化工过程机械	manual_source_verified	manually_verified	high
Chemical Engineering and Processing - Process Intensification	1	是			0255-2701			cas:0807	动力工程及工程热物理	080706	化工过程机械	manual_source_verified	manually_verified	high
International Journal of Heat and Mass Transfer	1	是			0017-9310			cas:0807	动力工程及工程热物理	080706	化工过程机械	manual_source_verified	manually_verified	high
Applied Thermal Engineering	1	是			1359-4311			cas:0807	动力工程及工程热物理	080706	化工过程机械	manual_source_verified	manually_verified	high
International Journal of Pressure Vessels and Piping	2	否			0308-0161			cas:0807	动力工程及工程热物理	080706	化工过程机械	manual_source_verified	manually_verified	high
Journal of Loss Prevention in the Process Industries	2	否			0950-4230			cas:0807	动力工程及工程热物理	080706	化工过程机械	manual_source_verified	manually_verified	high
IEEE Transactions on Industrial Electronics	1	是			0278-0046			cas:0808	电气工程	080801	电机与电器	manual_source_verified	manually_verified	high
IEEE Transactions on Energy Conversion	1	是			0885-8969			cas:0808	电气工程	080801	电机与电器	manual_source_verified	manually_verified	high
IEEE Transactions on Industry Applications	1	是			0093-9994			cas:0808	电气工程	080801	电机与电器	manual_source_verified	manually_verified	high
IEEE Transactions on Magnetics	2	否			0018-9464			cas:0808	电气工程	080801	电机与电器	manual_source_verified	manually_verified	high
IET Electric Power Applications	2	否			1751-8660			cas:0808	电气工程	080801	电机与电器	manual_source_verified	manually_verified	high
Electric Power Systems Research	1	是			0378-7796			cas:0808	电气工程	080801	电机与电器	manual_source_verified	manually_verified	high
International Journal of Electrical Power & Energy Systems	1	是			0142-0615			cas:0808	电气工程	080801	电机与电器	manual_source_verified	manually_verified	high
IEEE Transactions on Applied Superconductivity	2	否			1051-8223			cas:0808	电气工程	080801	电机与电器	manual_source_verified	manually_verified	high
Electrical Engineering	2	否			0948-7921			cas:0808	电气工程	080801	电机与电器	manual_source_verified	manually_verified	high
Journal of Electrical Engineering and Technology	3	否			1975-0102			cas:0808	电气工程	080801	电机与电器	manual_source_verified	manually_verified	high
IEEE Transactions on Power Electronics	1	是			0885-8993			cas:0808	电气工程	080804	电力电子与电力传动	manual_source_verified	manually_verified	high
IEEE Transactions on Power Delivery	1	是			0885-8977			cas:0808	电气工程	080804	电力电子与电力传动	manual_source_verified	manually_verified	high
IEEE Transactions on Energy Conversion	1	是			0885-8969			cas:0808	电气工程	080804	电力电子与电力传动	manual_source_verified	manually_verified	high
IEEE Transactions on Industry Applications	1	是			0093-9994			cas:0808	电气工程	080804	电力电子与电力传动	manual_source_verified	manually_verified	high
IEEE Journal of Emerging and Selected Topics in Power Electronics	1	是			2168-6777			cas:0808	电气工程	080804	电力电子与电力传动	manual_source_verified	manually_verified	high
IET Power Electronics	2	否			1755-4535			cas:0808	电气工程	080804	电力电子与电力传动	manual_source_verified	manually_verified	high
IEEE Transactions on Transportation Electrification	1	是			2332-7782			cas:0808	电气工程	080804	电力电子与电力传动	manual_source_verified	manually_verified	high
Electric Power Systems Research	1	是			0378-7796			cas:0808	电气工程	080804	电力电子与电力传动	manual_source_verified	manually_verified	high
International Journal of Electrical Power & Energy Systems	1	是			0142-0615			cas:0808	电气工程	080804	电力电子与电力传动	manual_source_verified	manually_verified	high
Journal of Power Electronics	3	否			1598-2092			cas:0808	电气工程	080804	电力电子与电力传动	manual_source_verified	manually_verified	high
IEEE Transactions on Power Delivery	1	是			0885-8977			cas:0808	电气工程	080805	电工理论与新技术	manual_source_verified	manually_verified	high
IEEE Transactions on Power Systems	1	是			0885-8950			cas:0808	电气工程	080805	电工理论与新技术	manual_source_verified	manually_verified	high
IEEE Transactions on Industrial Electronics	1	是			0278-0046			cas:0808	电气工程	080805	电工理论与新技术	manual_source_verified	manually_verified	high
IEEE Transactions on Smart Grid	1	是			1949-3053			cas:0808	电气工程	080805	电工理论与新技术	manual_source_verified	manually_verified	high
International Journal of Electrical Power & Energy Systems	1	是			0142-0615			cas:0808	电气工程	080805	电工理论与新技术	manual_source_verified	manually_verified	high
Electric Power Systems Research	1	是			0378-7796			cas:0808	电气工程	080805	电工理论与新技术	manual_source_verified	manually_verified	high
IET Generation Transmission & Distribution	1	是			1751-8687			cas:0808	电气工程	080805	电工理论与新技术	manual_source_verified	manually_verified	high
IEEE Transactions on Applied Superconductivity	2	否			1051-8223			cas:0808	电气工程	080805	电工理论与新技术	manual_source_verified	manually_verified	high
Journal of Modern Power Systems and Clean Energy	1	是			2196-5625			cas:0808	电气工程	080805	电工理论与新技术	manual_source_verified	manually_verified	high
CSEE Journal of Power and Energy Systems	1	是			2096-0042			cas:0808	电气工程	080805	电工理论与新技术	manual_source_verified	manually_verified	high
IEEE Transactions on Circuits and Systems I Regular Papers	1	是			1549-8328			cas:0809	电子科学与技术	080902	电路与系统	manual_source_verified	manually_verified	high
IEEE Transactions on Circuits & Systems II Express Briefs	1	是			1549-7747			cas:0809	电子科学与技术	080902	电路与系统	manual_source_verified	manually_verified	high
IEEE Journal of Solid-State Circuits	1	是			0018-9200			cas:0809	电子科学与技术	080902	电路与系统	manual_source_verified	manually_verified	high
IEEE Transactions on Very Large Scale Integration (VLSI) Systems	1	是			1063-8210			cas:0809	电子科学与技术	080902	电路与系统	manual_source_verified	manually_verified	high
IEEE Transactions on Computer-Aided Design of Integrated Circuits and Systems	1	是			0278-0070			cas:0809	电子科学与技术	080902	电路与系统	manual_source_verified	manually_verified	high
IEEE Transactions on Biomedical Circuits and Systems	1	是			1932-4545			cas:0809	电子科学与技术	080902	电路与系统	manual_source_verified	manually_verified	high
IEEE Solid-State Circuits Letters	1	是			2573-9603			cas:0809	电子科学与技术	080902	电路与系统	manual_source_verified	manually_verified	high
IEEE Transactions on Emerging Topics in Computing	1	是			2168-6750			cas:0809	电子科学与技术	080902	电路与系统	manual_source_verified	manually_verified	high
IEEE Transactions on Circuits and Systems for Video Technology	1	是			1051-8215			cas:0809	电子科学与技术	080902	电路与系统	manual_source_verified	manually_verified	high
IEEE Transactions on Signal Processing	1	是			1053-587X			cas:0809	电子科学与技术	080902	电路与系统	manual_source_verified	manually_verified	high
IEEE Electron Device Letters	1	是			0741-3106			cas:0809	电子科学与技术	080903	微电子学与固体电子学	manual_source_verified	manually_verified	high
IEEE Transactions on Electron Devices	1	是			0018-9383			cas:0809	电子科学与技术	080903	微电子学与固体电子学	manual_source_verified	manually_verified	high
Nature Electronics	1	是			2520-1131			cas:0809	电子科学与技术	080903	微电子学与固体电子学	manual_source_verified	manually_verified	high
Advanced Functional Materials	1	是			1616-301X			cas:0809	电子科学与技术	080903	微电子学与固体电子学	manual_source_verified	manually_verified	high
ACS Applied Materials & Interfaces	1	是			1944-8244			cas:0809	电子科学与技术	080903	微电子学与固体电子学	manual_source_verified	manually_verified	high
Journal of Applied Physics	2	否			0021-8979			cas:0809	电子科学与技术	080903	微电子学与固体电子学	manual_source_verified	manually_verified	high
Applied Physics Letters	1	是			0003-6951			cas:0809	电子科学与技术	080903	微电子学与固体电子学	manual_source_verified	manually_verified	high
Semiconductor Science and Technology	2	否			0268-1242			cas:0809	电子科学与技术	080903	微电子学与固体电子学	manual_source_verified	manually_verified	high
Solid-State Electronics	2	否			0038-1101			cas:0809	电子科学与技术	080903	微电子学与固体电子学	manual_source_verified	manually_verified	high
Microelectronics Reliability	2	否			0026-2714			cas:0809	电子科学与技术	080903	微电子学与固体电子学	manual_source_verified	manually_verified	high
Nature Photonics	1	是			1749-4885			cas:0809	电子科学与技术	080901	物理电子学	manual_source_verified	manually_verified	high
ACS Photonics	1	是			2330-4022			cas:0809	电子科学与技术	080901	物理电子学	manual_source_verified	manually_verified	high
Laser & Photonics Review	1	是			1863-8880			cas:0809	电子科学与技术	080901	物理电子学	manual_source_verified	manually_verified	high
Optica	1	是			2334-2536			cas:0809	电子科学与技术	080901	物理电子学	manual_source_verified	manually_verified	high
Advanced Optical Materials	1	是			2195-1071			cas:0809	电子科学与技术	080901	物理电子学	manual_source_verified	manually_verified	high
Physical Review Applied	1	是			2331-7019			cas:0809	电子科学与技术	080901	物理电子学	manual_source_verified	manually_verified	high
Applied Physics Letters	1	是			0003-6951			cas:0809	电子科学与技术	080901	物理电子学	manual_source_verified	manually_verified	high
Optics Letters	1	是			0146-9592			cas:0809	电子科学与技术	080901	物理电子学	manual_source_verified	manually_verified	high
Optics Express	1	是			1094-4087			cas:0809	电子科学与技术	080901	物理电子学	manual_source_verified	manually_verified	high
IEEE Electron Device Letters	1	是			0741-3106			cas:0809	电子科学与技术	080901	物理电子学	manual_source_verified	manually_verified	high
IEEE Journal on Selected Areas in Communications	1	是			0733-8716			cas:0810	信息与通信工程	081001	通信与信息系统	manual_source_verified	manually_verified	high
IEEE Transactions on Communications	1	是			0090-6778			cas:0810	信息与通信工程	081001	通信与信息系统	manual_source_verified	manually_verified	high
IEEE Transactions on Wireless Communications	1	是			1536-1276			cas:0810	信息与通信工程	081001	通信与信息系统	manual_source_verified	manually_verified	high
IEEE Communications Magazine	1	是			0163-6804			cas:0810	信息与通信工程	081001	通信与信息系统	manual_source_verified	manually_verified	high
IEEE Network	1	是			0890-8044			cas:0810	信息与通信工程	081001	通信与信息系统	manual_source_verified	manually_verified	high
IEEE Transactions on Vehicular Technology	1	是			0018-9545			cas:0810	信息与通信工程	081001	通信与信息系统	manual_source_verified	manually_verified	high
IEEE Internet of Things Journal	1	是			2327-4662			cas:0810	信息与通信工程	081001	通信与信息系统	manual_source_verified	manually_verified	high
IEEE Transactions on Cognitive Communications and Networking	1	是			2332-7731			cas:0810	信息与通信工程	081001	通信与信息系统	manual_source_verified	manually_verified	high
IEEE Wireless Communications Letters	1	是			2162-2337			cas:0810	信息与通信工程	081001	通信与信息系统	manual_source_verified	manually_verified	high
Computer Networks	1	是			1389-1286			cas:0810	信息与通信工程	081001	通信与信息系统	manual_source_verified	manually_verified	high
IEEE Transactions on Microwave Theory and Techniques	1	是			0018-9480			cas:0809	电子科学与技术	080904	电磁场与微波技术	manual_source_verified	manually_verified	high
IEEE Transactions on Antennas and Propagation	1	是			0018-926X			cas:0809	电子科学与技术	080904	电磁场与微波技术	manual_source_verified	manually_verified	high
IEEE Antennas and Wireless Propagation Letters	1	是			1536-1225			cas:0809	电子科学与技术	080904	电磁场与微波技术	manual_source_verified	manually_verified	high
IEEE Microwave and Wireless Components Letters	1	是			1531-1309			cas:0809	电子科学与技术	080904	电磁场与微波技术	manual_source_verified	manually_verified	high
IEEE Transactions on Terahertz Science and Technology	1	是			2156-342X			cas:0809	电子科学与技术	080904	电磁场与微波技术	manual_source_verified	manually_verified	high
IEEE Transactions on Electromagnetic Compatibility	1	是			0018-9375			cas:0809	电子科学与技术	080904	电磁场与微波技术	manual_source_verified	manually_verified	high
Journal of Electromagnetic Waves and Applications	2	否			0920-5071			cas:0809	电子科学与技术	080904	电磁场与微波技术	manual_source_verified	manually_verified	high
IET Microwaves Antennas & Propagation	2	否			1751-8725			cas:0809	电子科学与技术	080904	电磁场与微波技术	manual_source_verified	manually_verified	high
International Journal of RF and Microwave Computer-Aided Engineering	2	否			1096-4290			cas:0809	电子科学与技术	080904	电磁场与微波技术	manual_source_verified	manually_verified	high
Microwave and Optical Technology Letters	2	否			0895-2477			cas:0809	电子科学与技术	080904	电磁场与微波技术	manual_source_verified	manually_verified	high
IEEE Transactions on Automatic Control	1	是			0018-9286			cas:0811	控制科学与工程	081101	控制理论与控制工程	manual_source_verified	manually_verified	high
IEEE Transactions on Control Systems Technology	1	是			1063-6536			cas:0811	控制科学与工程	081101	控制理论与控制工程	manual_source_verified	manually_verified	high
IEEE Transactions on Cybernetics	1	是			2168-2267			cas:0811	控制科学与工程	081101	控制理论与控制工程	manual_source_verified	manually_verified	high
IEEE Transactions on Industrial Electronics	1	是			0278-0046			cas:0811	控制科学与工程	081101	控制理论与控制工程	manual_source_verified	manually_verified	high
IEEE Transactions on Industrial Informatics	1	是			1551-3203			cas:0811	控制科学与工程	081101	控制理论与控制工程	manual_source_verified	manually_verified	high
IEEE Transactions on Systems Man and Cybernetics Systems	1	是			2168-2216			cas:0811	控制科学与工程	081101	控制理论与控制工程	manual_source_verified	manually_verified	high
Control Engineering Practice	1	是			0967-0661			cas:0811	控制科学与工程	081101	控制理论与控制工程	manual_source_verified	manually_verified	high
International Journal of Robust and Nonlinear Control	1	是			1049-8923			cas:0811	控制科学与工程	081101	控制理论与控制工程	manual_source_verified	manually_verified	high
Journal of Process Control	1	是			0959-1524			cas:0811	控制科学与工程	081101	控制理论与控制工程	manual_source_verified	manually_verified	high
Systems & Control Letters	1	是			0167-6911			cas:0811	控制科学与工程	081101	控制理论与控制工程	manual_source_verified	manually_verified	high
IEEE Transactions on Systems Man and Cybernetics Systems	1	是			2168-2216			cas:0811	控制科学与工程	081103	系统工程	manual_source_verified	manually_verified	high
Systems & Control Letters	1	是			0167-6911			cas:0811	控制科学与工程	081103	系统工程	manual_source_verified	manually_verified	high
IEEE Transactions on Control Systems Technology	1	是			1063-6536			cas:0811	控制科学与工程	081103	系统工程	manual_source_verified	manually_verified	high
Automatica	1	是			0005-1098			cas:0811	控制科学与工程	081103	系统工程	manual_source_verified	manually_verified	high
IEEE Transactions on Automatic Control	1	是			0018-9286			cas:0811	控制科学与工程	081103	系统工程	manual_source_verified	manually_verified	high
International Journal of Systems Science	1	是			0020-7721			cas:0811	控制科学与工程	081103	系统工程	manual_source_verified	manually_verified	high
Systems Engineering	1	是			1098-1241			cas:0811	控制科学与工程	081103	系统工程	manual_source_verified	manually_verified	high
IEEE Systems Journal	1	是			1932-8184			cas:0811	控制科学与工程	081103	系统工程	manual_source_verified	manually_verified	high
Journal of Systems Engineering and Electronics	2	否			1004-4132			cas:0811	控制科学与工程	081103	系统工程	manual_source_verified	manually_verified	high
International Journal of General Systems	2	否			0308-1079			cas:0811	控制科学与工程	081103	系统工程	manual_source_verified	manually_verified	high
IEEE Signal Processing Magazine	1	是			1053-5888			cas:0810	信息与通信工程	081002	信号与信息处理	manual_source_verified	manually_verified	high
IEEE Transactions on Signal Processing	1	是			1053-587X			cas:0810	信息与通信工程	081002	信号与信息处理	manual_source_verified	manually_verified	high
IEEE Journal of Selected Topics in Signal Processing	1	是			1932-4553			cas:0810	信息与通信工程	081002	信号与信息处理	manual_source_verified	manually_verified	high
IEEE Transactions on Multimedia	1	是			1520-9210			cas:0810	信息与通信工程	081002	信号与信息处理	manual_source_verified	manually_verified	high
Signal Processing	1	是			0165-1684			cas:0810	信息与通信工程	081002	信号与信息处理	manual_source_verified	manually_verified	high
IEEE Transactions on Signal and Information Processing over Networks	1	是			2373-776X			cas:0810	信息与通信工程	081002	信号与信息处理	manual_source_verified	manually_verified	high
Digital Signal Processing	1	是			1051-2004			cas:0810	信息与通信工程	081002	信号与信息处理	manual_source_verified	manually_verified	high
IEEE Signal Processing Letters	1	是			1070-9908			cas:0810	信息与通信工程	081002	信号与信息处理	manual_source_verified	manually_verified	high
Signal Processing Image Communication	1	是			0923-5965			cas:0810	信息与通信工程	081002	信号与信息处理	manual_source_verified	manually_verified	high
IEEE Transactions on Circuits and Systems for Video Technology	1	是			1051-8215			cas:0810	信息与通信工程	081002	信号与信息处理	manual_source_verified	manually_verified	high
IEEE Transactions on Instrumentation and Measurement	1	是			0018-9456			cas:0811	控制科学与工程	081102	检测技术与自动化装置	manual_source_verified	manually_verified	high
Sensors and Actuators A Physical	1	是			0924-4247			cas:0811	控制科学与工程	081102	检测技术与自动化装置	manual_source_verified	manually_verified	high
Measurement	1	是			0263-2241			cas:0811	控制科学与工程	081102	检测技术与自动化装置	manual_source_verified	manually_verified	high
ISA Transactions	1	是			0019-0578			cas:0811	控制科学与工程	081102	检测技术与自动化装置	manual_source_verified	manually_verified	high
IEEE Sensors Journal	1	是			1530-437X			cas:0811	控制科学与工程	081102	检测技术与自动化装置	manual_source_verified	manually_verified	high
Measurement Science and Technology	2	否			0957-0233			cas:0811	控制科学与工程	081102	检测技术与自动化装置	manual_source_verified	manually_verified	high
Review of Scientific Instruments	2	否			0034-6748			cas:0811	控制科学与工程	081102	检测技术与自动化装置	manual_source_verified	manually_verified	high
Journal of Sensors	2	否			1687-725X			cas:0811	控制科学与工程	081102	检测技术与自动化装置	manual_source_verified	manually_verified	high
Transactions of the Institute of Measurement and Control	2	否			0142-3312			cas:0811	控制科学与工程	081102	检测技术与自动化装置	manual_source_verified	manually_verified	high
IET Science Measurement & Technology	2	否			1751-8822			cas:0811	控制科学与工程	081102	检测技术与自动化装置	manual_source_verified	manually_verified	high
IEEE Transactions on Neural Networks and Learning Systems	1	是			2162-237X			cas:0811	控制科学与工程	081104	模式识别与智能系统	manual_source_verified	manually_verified	high
IEEE Transactions on Cybernetics	1	是			2168-2267			cas:0811	控制科学与工程	081104	模式识别与智能系统	manual_source_verified	manually_verified	high
IEEE Transactions on Systems Man and Cybernetics Systems	1	是			2168-2216			cas:0811	控制科学与工程	081104	模式识别与智能系统	manual_source_verified	manually_verified	high
Pattern Recognition	1	是			0031-3203			cas:0811	控制科学与工程	081104	模式识别与智能系统	manual_source_verified	manually_verified	high
Neural Networks	1	是			0893-6080			cas:0811	控制科学与工程	081104	模式识别与智能系统	manual_source_verified	manually_verified	high
International Journal of Computer Vision	1	是			0920-5691			cas:0811	控制科学与工程	081104	模式识别与智能系统	manual_source_verified	manually_verified	high
IEEE Transactions on Image Processing	1	是			1057-7149			cas:0811	控制科学与工程	081104	模式识别与智能系统	manual_source_verified	manually_verified	high
Pattern Recognition Letters	2	否			0167-8655			cas:0811	控制科学与工程	081104	模式识别与智能系统	manual_source_verified	manually_verified	high
Machine Vision and Applications	2	否			0932-8092			cas:0811	控制科学与工程	081104	模式识别与智能系统	manual_source_verified	manually_verified	high
Image and Vision Computing	2	否			0262-8856			cas:0811	控制科学与工程	081104	模式识别与智能系统	manual_source_verified	manually_verified	high
ACM Transactions on Programming Languages and Systems	1	是			0164-0925			cas:0812	计算机科学与技术	081202	计算机软件与理论	manual_source_verified	manually_verified	high
IEEE Transactions on Software Engineering	1	是			0098-5589			cas:0812	计算机科学与技术	081202	计算机软件与理论	manual_source_verified	manually_verified	high
ACM Transactions on Software Engineering and Methodology	1	是			1049-331X			cas:0812	计算机科学与技术	081202	计算机软件与理论	manual_source_verified	manually_verified	high
Formal Methods in System Design	1	是			0925-9856			cas:0812	计算机科学与技术	081202	计算机软件与理论	manual_source_verified	manually_verified	high
Journal of Automated Reasoning	1	是			0168-7433			cas:0812	计算机科学与技术	081202	计算机软件与理论	manual_source_verified	manually_verified	high
Theoretical Computer Science	2	否			0304-3975			cas:0812	计算机科学与技术	081202	计算机软件与理论	manual_source_verified	manually_verified	high
Information and Computation	2	否			0890-5401			cas:0812	计算机科学与技术	081202	计算机软件与理论	manual_source_verified	manually_verified	high
Journal of Computer and System Sciences	1	是			0022-0000			cas:0812	计算机科学与技术	081202	计算机软件与理论	manual_source_verified	manually_verified	high
ACM Transactions on Computational Logic	1	是			1529-3785			cas:0812	计算机科学与技术	081202	计算机软件与理论	manual_source_verified	manually_verified	high
Logical Methods in Computer Science	1	是			1860-5974			cas:0812	计算机科学与技术	081202	计算机软件与理论	manual_source_verified	manually_verified	high
IEEE Transactions on Automatic Control	1	是			0018-9286			cas:0811	控制科学与工程	081105	导航、制导与控制	manual_source_verified	manually_verified	high
Automatica	1	是			0005-1098			cas:0811	控制科学与工程	081105	导航、制导与控制	manual_source_verified	manually_verified	high
Journal of Guidance Control and Dynamics	1	是			0731-5090			cas:0811	控制科学与工程	081105	导航、制导与控制	manual_source_verified	manually_verified	high
Control Engineering Practice	1	是			0967-0661			cas:0811	控制科学与工程	081105	导航、制导与控制	manual_source_verified	manually_verified	high
IEEE Transactions on Control Systems Technology	1	是			1063-6536			cas:0811	控制科学与工程	081105	导航、制导与控制	manual_source_verified	manually_verified	high
International Journal of Robust and Nonlinear Control	1	是			1049-8923			cas:0811	控制科学与工程	081105	导航、制导与控制	manual_source_verified	manually_verified	high
Aerospace Science and Technology	1	是			1270-9638			cas:0811	控制科学与工程	081105	导航、制导与控制	manual_source_verified	manually_verified	high
Journal of the Franklin Institute	1	是			0016-0032			cas:0811	控制科学与工程	081105	导航、制导与控制	manual_source_verified	manually_verified	high
IET Control Theory and Applications	2	否			1751-8644			cas:0811	控制科学与工程	081105	导航、制导与控制	manual_source_verified	manually_verified	high
Proceedings of the Institution of Mechanical Engineers Part G Journal of Aerospace Engineering	2	否			0954-4100			cas:0811	控制科学与工程	081105	导航、制导与控制	manual_source_verified	manually_verified	high
IEEE Transactions on Computers	1	是			0018-9340			cas:0812	计算机科学与技术	081201	计算机系统结构	manual_source_verified	manually_verified	high
ACM Transactions on Computer Systems	1	是			0734-2071			cas:0812	计算机科学与技术	081201	计算机系统结构	manual_source_verified	manually_verified	high
Journal of Parallel and Distributed Computing	1	是			0743-7315			cas:0812	计算机科学与技术	081201	计算机系统结构	manual_source_verified	manually_verified	high
Parallel Computing	2	否			0167-8191			cas:0812	计算机科学与技术	081201	计算机系统结构	manual_source_verified	manually_verified	high
Concurrency and Computation Practice and Experience	2	否			1532-0626			cas:0812	计算机科学与技术	081201	计算机系统结构	manual_source_verified	manually_verified	high
Cluster Computing	1	是			1386-7857			cas:0812	计算机科学与技术	081201	计算机系统结构	manual_source_verified	manually_verified	high
Future Generation Computer Systems	1	是			0167-739X			cas:0812	计算机科学与技术	081201	计算机系统结构	manual_source_verified	manually_verified	high
Journal of Systems Architecture	1	是			1383-7621			cas:0812	计算机科学与技术	081201	计算机系统结构	manual_source_verified	manually_verified	high
Microprocessors and Microsystems	2	否			0141-9331			cas:0812	计算机科学与技术	081201	计算机系统结构	manual_source_verified	manually_verified	high
ACM Transactions on Architecture and Code Optimization	1	是			1544-3566			cas:0812	计算机科学与技术	081201	计算机系统结构	manual_source_verified	manually_verified	high
IEEE Transactions on Pattern Analysis and Machine Intelligence	1	是			0162-8828			cas:0812	计算机科学与技术	081203	计算机应用技术	manual_source_verified	manually_verified	high
IEEE Transactions on Image Processing	1	是			1057-7149			cas:0812	计算机科学与技术	081203	计算机应用技术	manual_source_verified	manually_verified	high
IEEE Transactions on Neural Networks and Learning Systems	1	是			2162-237X			cas:0812	计算机科学与技术	081203	计算机应用技术	manual_source_verified	manually_verified	high
IEEE Transactions on Multimedia	1	是			1520-9210			cas:0812	计算机科学与技术	081203	计算机应用技术	manual_source_verified	manually_verified	high
Pattern Recognition	1	是			0031-3203			cas:0812	计算机科学与技术	081203	计算机应用技术	manual_source_verified	manually_verified	high
Computer Vision and Image Understanding	1	是			1077-3142			cas:0812	计算机科学与技术	081203	计算机应用技术	manual_source_verified	manually_verified	high
Journal of Machine Learning Research	1	是			1532-4435			cas:0812	计算机科学与技术	081203	计算机应用技术	manual_source_verified	manually_verified	high
ACM Transactions on Graphics	1	是			0730-0301			cas:0812	计算机科学与技术	081203	计算机应用技术	manual_source_verified	manually_verified	high
IEEE Transactions on Visualization and Computer Graphics	1	是			1077-2626			cas:0812	计算机科学与技术	081203	计算机应用技术	manual_source_verified	manually_verified	high
Information Sciences	1	是			0020-0255			cas:0812	计算机科学与技术	081203	计算机应用技术	manual_source_verified	manually_verified	high
Journal of the Society of Architectural Historians	1	是			0037-9808			cas:0813	建筑学	081301	建筑历史与理论	manual_source_verified	manually_verified	high
The Journal of Architecture	1	是			1360-2365			cas:0813	建筑学	081301	建筑历史与理论	manual_source_verified	manually_verified	high
Architectural History	1	是			0066-622X			cas:0813	建筑学	081301	建筑历史与理论	manual_source_verified	manually_verified	high
Journal of Architectural Education	2	否			1046-4883			cas:0813	建筑学	081301	建筑历史与理论	manual_source_verified	manually_verified	high
Architectural Research Quarterly	2	否			1359-1355			cas:0813	建筑学	081301	建筑历史与理论	manual_source_verified	manually_verified	high
International Journal of Architectural Heritage	1	是			1558-3058			cas:0813	建筑学	081301	建筑历史与理论	manual_source_verified	manually_verified	high
Frontiers of Architectural Research	1	是			2095-2635			cas:0813	建筑学	081301	建筑历史与理论	manual_source_verified	manually_verified	high
Journal of Asian Architecture and Building Engineering	2	否			1346-7581			cas:0813	建筑学	081301	建筑历史与理论	manual_source_verified	manually_verified	high
Architectural Science Review	2	否			0003-8628			cas:0813	建筑学	081301	建筑历史与理论	manual_source_verified	manually_verified	high
Journal of Urban History	1	是			0096-1442			cas:0813	建筑学	081301	建筑历史与理论	manual_source_verified	manually_verified	high
Building and Environment	1	是			0360-1323			cas:0813	建筑学	081302	建筑设计及其理论	manual_source_verified	manually_verified	high
Energy and Buildings	1	是			0378-7788			cas:0813	建筑学	081302	建筑设计及其理论	manual_source_verified	manually_verified	high
Journal of Building Performance Simulation	1	是			1940-1493			cas:0813	建筑学	081302	建筑设计及其理论	manual_source_verified	manually_verified	high
Architectural Science Review	1	是			0003-8628			cas:0813	建筑学	081302	建筑设计及其理论	manual_source_verified	manually_verified	high
Frontiers of Architectural Research	1	是			2095-2635			cas:0813	建筑学	081302	建筑设计及其理论	manual_source_verified	manually_verified	high
Journal of Asian Architecture and Building Engineering	2	否			1346-7581			cas:0813	建筑学	081302	建筑设计及其理论	manual_source_verified	manually_verified	high
International Journal of Architectural Heritage	1	是			1558-3058			cas:0813	建筑学	081302	建筑设计及其理论	manual_source_verified	manually_verified	high
Archnet-IJAR International Journal of Architectural Research	1	是			2631-6862			cas:0813	建筑学	081302	建筑设计及其理论	manual_source_verified	manually_verified	high
The Journal of Architecture	1	是			1360-2365			cas:0813	建筑学	081302	建筑设计及其理论	manual_source_verified	manually_verified	high
Architectural Engineering and Design Management	2	否			1745-2007			cas:0813	建筑学	081302	建筑设计及其理论	manual_source_verified	manually_verified	high
Landscape and Urban Planning	1	是			0169-2046			cas:0813	建筑学	081303	城市规划与设计	manual_source_verified	manually_verified	high
Cities	1	是			0264-2751			cas:0813	建筑学	081303	城市规划与设计	manual_source_verified	manually_verified	high
Urban Studies	1	是			0042-0980			cas:0813	建筑学	081303	城市规划与设计	manual_source_verified	manually_verified	high
Journal of Urban Planning and Development	2	否			0733-9488			cas:0813	建筑学	081303	城市规划与设计	manual_source_verified	manually_verified	high
International Journal of Urban and Regional Research	1	是			0309-1317			cas:0813	建筑学	081303	城市规划与设计	manual_source_verified	manually_verified	high
Journal of Urban Design	2	否			1357-4809			cas:0813	建筑学	081303	城市规划与设计	manual_source_verified	manually_verified	high
URBAN DESIGN International	2	否			1357-5317			cas:0813	建筑学	081303	城市规划与设计	manual_source_verified	manually_verified	high
Planning Theory	1	是			1473-0952			cas:0813	建筑学	081303	城市规划与设计	manual_source_verified	manually_verified	high
Journal of Planning Education and Research	1	是			0739-456X			cas:0813	建筑学	081303	城市规划与设计	manual_source_verified	manually_verified	high
Environment and Planning B Urban Analytics and City Science	1	是			2399-8083			cas:0813	建筑学	081303	城市规划与设计	manual_source_verified	manually_verified	high
Energy and Buildings	1	是			0378-7788			cas:0813	建筑学	081304	建筑技术科学	manual_source_verified	manually_verified	high
Applied Acoustics	1	是			0003-682X			cas:0813	建筑学	081304	建筑技术科学	manual_source_verified	manually_verified	high
Building Research & Information	1	是			0961-3218			cas:0813	建筑学	081304	建筑技术科学	manual_source_verified	manually_verified	high
Construction and Building Materials	1	是			0950-0618			cas:0813	建筑学	081304	建筑技术科学	manual_source_verified	manually_verified	high
Journal of Building Performance Simulation	1	是			1940-1493			cas:0813	建筑学	081304	建筑技术科学	manual_source_verified	manually_verified	high
Indoor Air	1	是			0905-6947			cas:0813	建筑学	081304	建筑技术科学	manual_source_verified	manually_verified	high
Building Simulation	1	是			1996-3599			cas:0813	建筑学	081304	建筑技术科学	manual_source_verified	manually_verified	high
Journal of Building Engineering	1	是			2352-7102			cas:0813	建筑学	081304	建筑技术科学	manual_source_verified	manually_verified	high
Architectural Science Review	2	否			0003-8628			cas:0813	建筑学	081304	建筑技术科学	manual_source_verified	manually_verified	high
Journal of Architectural Engineering	2	否			1076-0431			cas:0813	建筑学	081304	建筑技术科学	manual_source_verified	manually_verified	high
Engineering Structures	1	是			0141-0296			cas:0814	土木工程	081402	结构工程	manual_source_verified	manually_verified	high
Journal of Structural Engineering	1	是			0733-9445			cas:0814	土木工程	081402	结构工程	manual_source_verified	manually_verified	high
Thin-Walled Structures	1	是			0263-8231			cas:0814	土木工程	081402	结构工程	manual_source_verified	manually_verified	high
Journal of Constructional Steel Research	1	是			0143-974X			cas:0814	土木工程	081402	结构工程	manual_source_verified	manually_verified	high
Structural Safety	1	是			0167-4730			cas:0814	土木工程	081402	结构工程	manual_source_verified	manually_verified	high
Computers & Structures	1	是			0045-7949			cas:0814	土木工程	081402	结构工程	manual_source_verified	manually_verified	high
Earthquake Engineering & Structural Dynamics	1	是			0098-8847			cas:0814	土木工程	081402	结构工程	manual_source_verified	manually_verified	high
Structural Control and Health Monitoring	1	是			1545-2255			cas:0814	土木工程	081402	结构工程	manual_source_verified	manually_verified	high
Journal of Composites for Construction	1	是			1090-0268			cas:0814	土木工程	081402	结构工程	manual_source_verified	manually_verified	high
Structure and Infrastructure Engineering	1	是			1573-2479			cas:0814	土木工程	081402	结构工程	manual_source_verified	manually_verified	high
Géotechnique	1	是			0016-8505			cas:0814	土木工程	081401	岩土工程	manual_source_verified	manually_verified	high
Journal of Geotechnical and Geoenvironmental Engineering	1	是			1090-0241			cas:0814	土木工程	081401	岩土工程	manual_source_verified	manually_verified	high
Canadian Geotechnical Journal	1	是			0008-3674			cas:0814	土木工程	081401	岩土工程	manual_source_verified	manually_verified	high
Computers and Geotechnics	1	是			0266-352X			cas:0814	土木工程	081401	岩土工程	manual_source_verified	manually_verified	high
International Journal of Rock Mechanics and Mining Sciences	1	是			1365-1609			cas:0814	土木工程	081401	岩土工程	manual_source_verified	manually_verified	high
Rock Mechanics and Rock Engineering	1	是			0723-2632			cas:0814	土木工程	081401	岩土工程	manual_source_verified	manually_verified	high
Acta Geotechnica	1	是			1861-1125			cas:0814	土木工程	081401	岩土工程	manual_source_verified	manually_verified	high
SOILS AND FOUNDATIONS	1	是			0038-0806			cas:0814	土木工程	081401	岩土工程	manual_source_verified	manually_verified	high
Geotechnical and Geological Engineering	2	否			0960-3182			cas:0814	土木工程	081401	岩土工程	manual_source_verified	manually_verified	high
International Journal of Geomechanics	1	是			1532-3641			cas:0814	土木工程	081401	岩土工程	manual_source_verified	manually_verified	high
Water Resources Research	1	是			0043-1397			cas:0814	土木工程	081403	市政工程	manual_source_verified	manually_verified	high
Journal of Hydrology	1	是			0022-1694			cas:0814	土木工程	081403	市政工程	manual_source_verified	manually_verified	high
Journal of Environmental Management	1	是			0301-4797			cas:0814	土木工程	081403	市政工程	manual_source_verified	manually_verified	high
Environmental Science & Technology	1	是			0013-936X			cas:0814	土木工程	081403	市政工程	manual_source_verified	manually_verified	high
Journal of Cleaner Production	1	是			0959-6526			cas:0814	土木工程	081403	市政工程	manual_source_verified	manually_verified	high
Construction and Building Materials	1	是			0950-0618			cas:0814	土木工程	081403	市政工程	manual_source_verified	manually_verified	high
Journal of Water Resources Planning and Management	2	否			0733-9496			cas:0814	土木工程	081403	市政工程	manual_source_verified	manually_verified	high
Urban Water Journal	2	否			1573-062X			cas:0814	土木工程	081403	市政工程	manual_source_verified	manually_verified	high
Water Science & Technology Water Supply	2	否			0273-1223			cas:0814	土木工程	081403	市政工程	manual_source_verified	manually_verified	high
Journal of Environmental Engineering	2	否			0733-9372			cas:0814	土木工程	081403	市政工程	manual_source_verified	manually_verified	high
Building and Environment	1	是			0360-1323			cas:0814	土木工程	081404	供热、供燃气、通风及空调工程	manual_source_verified	manually_verified	high
Applied Thermal Engineering	1	是			1359-4311			cas:0814	土木工程	081404	供热、供燃气、通风及空调工程	manual_source_verified	manually_verified	high
Indoor Air	1	是			0905-6947			cas:0814	土木工程	081404	供热、供燃气、通风及空调工程	manual_source_verified	manually_verified	high
International Journal of Refrigeration	1	是			0140-7007			cas:0814	土木工程	081404	供热、供燃气、通风及空调工程	manual_source_verified	manually_verified	high
HVAC&R Research	2	否			1078-9669			cas:0814	土木工程	081404	供热、供燃气、通风及空调工程	manual_source_verified	manually_verified	high
Science and Technology for the Built Environment	2	否			2374-4731			cas:0814	土木工程	081404	供热、供燃气、通风及空调工程	manual_source_verified	manually_verified	high
Building Simulation	1	是			1996-3599			cas:0814	土木工程	081404	供热、供燃气、通风及空调工程	manual_source_verified	manually_verified	high
Journal of Building Performance Simulation	2	否			1940-1493			cas:0814	土木工程	081404	供热、供燃气、通风及空调工程	manual_source_verified	manually_verified	high
Energy	1	是			0360-5442			cas:0814	土木工程	081404	供热、供燃气、通风及空调工程	manual_source_verified	manually_verified	high
Renewable Energy	1	是			0960-1481			cas:0814	土木工程	081404	供热、供燃气、通风及空调工程	manual_source_verified	manually_verified	high
Computer-Aided Civil and Infrastructure Engineering	1	是			1093-9687			cas:0814	土木工程	081406	桥梁与隧道工程	manual_source_verified	manually_verified	high
Tunnelling and Underground Space Technology	1	是			0886-7798			cas:0814	土木工程	081406	桥梁与隧道工程	manual_source_verified	manually_verified	high
Engineering Structures	1	是			0141-0296			cas:0814	土木工程	081406	桥梁与隧道工程	manual_source_verified	manually_verified	high
Journal of Bridge Engineering	1	是			1084-0702			cas:0814	土木工程	081406	桥梁与隧道工程	manual_source_verified	manually_verified	high
Structure and Infrastructure Engineering	1	是			1573-2479			cas:0814	土木工程	081406	桥梁与隧道工程	manual_source_verified	manually_verified	high
Journal of Constructional Steel Research	1	是			0143-974X			cas:0814	土木工程	081406	桥梁与隧道工程	manual_source_verified	manually_verified	high
Structural Control and Health Monitoring	1	是			1545-2255			cas:0814	土木工程	081406	桥梁与隧道工程	manual_source_verified	manually_verified	high
International Journal of Steel Structures	2	否			1598-2351			cas:0814	土木工程	081406	桥梁与隧道工程	manual_source_verified	manually_verified	high
Advances in Structural Engineering	2	否			1369-4332			cas:0814	土木工程	081406	桥梁与隧道工程	manual_source_verified	manually_verified	high
Journal of Performance of Constructed Facilities	2	否			0887-3828			cas:0814	土木工程	081406	桥梁与隧道工程	manual_source_verified	manually_verified	high
Earthquake Engineering & Structural Dynamics	1	是			0098-8847			cas:0814	土木工程	081405	防灾减灾工程及防护工程	manual_source_verified	manually_verified	high
Engineering Structures	1	是			0141-0296			cas:0814	土木工程	081405	防灾减灾工程及防护工程	manual_source_verified	manually_verified	high
Structural Safety	1	是			0167-4730			cas:0814	土木工程	081405	防灾减灾工程及防护工程	manual_source_verified	manually_verified	high
Reliability Engineering & System Safety	1	是			0951-8320			cas:0814	土木工程	081405	防灾减灾工程及防护工程	manual_source_verified	manually_verified	high
Journal of Structural Engineering	1	是			0733-9445			cas:0814	土木工程	081405	防灾减灾工程及防护工程	manual_source_verified	manually_verified	high
Soil Dynamics and Earthquake Engineering	1	是			0267-7261			cas:0814	土木工程	081405	防灾减灾工程及防护工程	manual_source_verified	manually_verified	high
Bulletin of Earthquake Engineering	1	是			1570-761X			cas:0814	土木工程	081405	防灾减灾工程及防护工程	manual_source_verified	manually_verified	high
Natural Hazards	2	否			0921-030X			cas:0814	土木工程	081405	防灾减灾工程及防护工程	manual_source_verified	manually_verified	high
International Journal of Disaster Risk Reduction	1	是			2212-4209			cas:0814	土木工程	081405	防灾减灾工程及防护工程	manual_source_verified	manually_verified	high
Journal of Earthquake Engineering	2	否			1363-2469			cas:0814	土木工程	081405	防灾减灾工程及防护工程	manual_source_verified	manually_verified	high
Journal of Hydraulic Research	2	否			0022-1686			cas:0815	水利工程	081502	水力学及河流动力学	manual_source_verified	manually_verified	high
Journal of Hydraulic Engineering	2	否			0733-9429			cas:0815	水利工程	081502	水力学及河流动力学	manual_source_verified	manually_verified	high
Journal of Hydrology	1	是			0022-1694			cas:0815	水利工程	081502	水力学及河流动力学	manual_source_verified	manually_verified	high
Advances in Water Resources	1	是			0309-1708			cas:0815	水利工程	081502	水力学及河流动力学	manual_source_verified	manually_verified	high
Water Resources Research	1	是			0043-1397			cas:0815	水利工程	081502	水力学及河流动力学	manual_source_verified	manually_verified	high
Hydrology and Earth System Sciences	1	是			1607-7938			cas:0815	水利工程	081502	水力学及河流动力学	manual_source_verified	manually_verified	high
Journal of Hydro-environment Research	2	否			1570-6443			cas:0815	水利工程	081502	水力学及河流动力学	manual_source_verified	manually_verified	high
International Journal of Sediment Research	1	是			1001-6279			cas:0815	水利工程	081502	水力学及河流动力学	manual_source_verified	manually_verified	high
Journal of Flood Risk Management	2	否			1753-318X			cas:0815	水利工程	081502	水力学及河流动力学	manual_source_verified	manually_verified	high
River Research and Applications	2	否			1535-1459			cas:0815	水利工程	081502	水力学及河流动力学	manual_source_verified	manually_verified	high
Journal of Geodesy	1	是			0949-7714			cas:0816	测绘科学与技术	081601	大地测量学与测量工程	manual_source_verified	manually_verified	high
Remote Sensing of Environment	1	是			0034-4257			cas:0816	测绘科学与技术	081601	大地测量学与测量工程	manual_source_verified	manually_verified	high
ISPRS Journal of Photogrammetry and Remote Sensing	1	是			0924-2716			cas:0816	测绘科学与技术	081601	大地测量学与测量工程	manual_source_verified	manually_verified	high
IEEE Transactions on Geoscience and Remote Sensing	1	是			0196-2892			cas:0816	测绘科学与技术	081601	大地测量学与测量工程	manual_source_verified	manually_verified	high
Survey Review	2	否			0039-6265			cas:0816	测绘科学与技术	081601	大地测量学与测量工程	manual_source_verified	manually_verified	high
Journal of Surveying Engineering	2	否			0733-9453			cas:0816	测绘科学与技术	081601	大地测量学与测量工程	manual_source_verified	manually_verified	high
Marine Geodesy	2	否			0149-0419			cas:0816	测绘科学与技术	081601	大地测量学与测量工程	manual_source_verified	manually_verified	high
Studia Geophysica et Geodaetica	3	否			0039-3169			cas:0816	测绘科学与技术	081601	大地测量学与测量工程	manual_source_verified	manually_verified	high
Geodesy and Cartography	3	否			2029-6991			cas:0816	测绘科学与技术	081601	大地测量学与测量工程	manual_source_verified	manually_verified	high
Journal of Spatial Science	2	否			1449-8596			cas:0816	测绘科学与技术	081601	大地测量学与测量工程	manual_source_verified	manually_verified	high
ISPRS Journal of Photogrammetry and Remote Sensing	1	是			0924-2716			cas:0816	测绘科学与技术	081602	摄影测量与遥感	manual_source_verified	manually_verified	high
Remote Sensing of Environment	1	是			0034-4257			cas:0816	测绘科学与技术	081602	摄影测量与遥感	manual_source_verified	manually_verified	high
IEEE Transactions on Geoscience and Remote Sensing	1	是			0196-2892			cas:0816	测绘科学与技术	081602	摄影测量与遥感	manual_source_verified	manually_verified	high
International Journal of Applied Earth Observation and Geoinformation	1	是			1569-8432			cas:0816	测绘科学与技术	081602	摄影测量与遥感	manual_source_verified	manually_verified	high
Remote Sensing	1	是			2072-4292			cas:0816	测绘科学与技术	081602	摄影测量与遥感	manual_source_verified	manually_verified	high
GIScience & Remote Sensing	1	是			1548-1603			cas:0816	测绘科学与技术	081602	摄影测量与遥感	manual_source_verified	manually_verified	high
Photogrammetric Engineering & Remote Sensing	2	否			0099-1112			cas:0816	测绘科学与技术	081602	摄影测量与遥感	manual_source_verified	manually_verified	high
IEEE Journal of Selected Topics in Applied Earth Observations and Remote Sensing	1	是			1939-1404			cas:0816	测绘科学与技术	081602	摄影测量与遥感	manual_source_verified	manually_verified	high
International Journal of Remote Sensing	2	否			0143-1161			cas:0816	测绘科学与技术	081602	摄影测量与遥感	manual_source_verified	manually_verified	high
Canadian Journal of Remote Sensing	3	否			0703-8992			cas:0816	测绘科学与技术	081602	摄影测量与遥感	manual_source_verified	manually_verified	high
Chemical Engineering Journal	1	是			1385-8947			cas:0817	化学工程与技术	081701	化学工程	manual_source_verified	manually_verified	high
AIChE Journal	1	是			0001-1541			cas:0817	化学工程与技术	081701	化学工程	manual_source_verified	manually_verified	high
Chemical Engineering Science	1	是			0009-2509			cas:0817	化学工程与技术	081701	化学工程	manual_source_verified	manually_verified	high
Industrial & Engineering Chemistry Research	1	是			0888-5885			cas:0817	化学工程与技术	081701	化学工程	manual_source_verified	manually_verified	high
Reviews in Chemical Engineering	1	是			0167-8299			cas:0817	化学工程与技术	081701	化学工程	manual_source_verified	manually_verified	high
Journal of Membrane Science	1	是			0376-7388			cas:0817	化学工程与技术	081701	化学工程	manual_source_verified	manually_verified	high
Separation and Purification Technology	1	是			1383-5866			cas:0817	化学工程与技术	081701	化学工程	manual_source_verified	manually_verified	high
Chemical Engineering and Processing - Process Intensification	1	是			0255-2701			cas:0817	化学工程与技术	081701	化学工程	manual_source_verified	manually_verified	high
Chemical Engineering Research and Design	1	是			0263-8762			cas:0817	化学工程与技术	081701	化学工程	manual_source_verified	manually_verified	high
Journal of the Taiwan Institute of Chemical Engineers	1	是			1876-1070			cas:0817	化学工程与技术	081701	化学工程	manual_source_verified	manually_verified	high
ISPRS Journal of Photogrammetry and Remote Sensing	1	是			0924-2716			cas:0816	测绘科学与技术	081603	地图制图学与地理信息工程	manual_source_verified	manually_verified	high
Cartography and Geographic Information Science	1	是			1523-0406			cas:0816	测绘科学与技术	081603	地图制图学与地理信息工程	manual_source_verified	manually_verified	high
Computers & Geosciences	1	是			0098-3004			cas:0816	测绘科学与技术	081603	地图制图学与地理信息工程	manual_source_verified	manually_verified	high
Transactions in GIS	1	是			1361-1682			cas:0816	测绘科学与技术	081603	地图制图学与地理信息工程	manual_source_verified	manually_verified	high
GeoInformatica	2	否			1384-6175			cas:0816	测绘科学与技术	081603	地图制图学与地理信息工程	manual_source_verified	manually_verified	high
Journal of Geodesy	1	是			0949-7714			cas:0816	测绘科学与技术	081603	地图制图学与地理信息工程	manual_source_verified	manually_verified	high
IEEE Journal of Selected Topics in Applied Earth Observations and Remote Sensing	1	是			1939-1404			cas:0816	测绘科学与技术	081603	地图制图学与地理信息工程	manual_source_verified	manually_verified	high
International Journal of Digital Earth	1	是			1753-8947			cas:0816	测绘科学与技术	081603	地图制图学与地理信息工程	manual_source_verified	manually_verified	high
Journal of Spatial Information Science	2	否			1948-660X			cas:0816	测绘科学与技术	081603	地图制图学与地理信息工程	manual_source_verified	manually_verified	high
Survey Review	2	否			0039-6265			cas:0816	测绘科学与技术	081603	地图制图学与地理信息工程	manual_source_verified	manually_verified	high
Chemical Engineering Journal	1	是			1385-8947			cas:0817	化学工程与技术	081702	化学工艺	manual_source_verified	manually_verified	high
Industrial & Engineering Chemistry Research	1	是			0888-5885			cas:0817	化学工程与技术	081702	化学工艺	manual_source_verified	manually_verified	high
Chemical Engineering Science	1	是			0009-2509			cas:0817	化学工程与技术	081702	化学工艺	manual_source_verified	manually_verified	high
Fuel Processing Technology	1	是			0378-3820			cas:0817	化学工程与技术	081702	化学工艺	manual_source_verified	manually_verified	high
Separation and Purification Technology	1	是			1383-5866			cas:0817	化学工程与技术	081702	化学工艺	manual_source_verified	manually_verified	high
Chemical Engineering and Processing - Process Intensification	1	是			0255-2701			cas:0817	化学工程与技术	081702	化学工艺	manual_source_verified	manually_verified	high
Journal of Chemical Technology & Biotechnology	1	是			0268-2575			cas:0817	化学工程与技术	081702	化学工艺	manual_source_verified	manually_verified	high
Chemical Engineering Research and Design	1	是			0263-8762			cas:0817	化学工程与技术	081702	化学工艺	manual_source_verified	manually_verified	high
Process Safety and Environmental Protection	1	是			0957-5820			cas:0817	化学工程与技术	081702	化学工艺	manual_source_verified	manually_verified	high
Catalysis Today	1	是			0920-5861			cas:0817	化学工程与技术	081702	化学工艺	manual_source_verified	manually_verified	high
Biotechnology and Bioengineering	1	是			0006-3592			cas:0817	化学工程与技术	081703	生物化工	manual_source_verified	manually_verified	high
Biotechnology Advances	1	是			0734-9750			cas:0817	化学工程与技术	081703	生物化工	manual_source_verified	manually_verified	high
Trends in Biotechnology	1	是			0167-7799			cas:0817	化学工程与技术	081703	生物化工	manual_source_verified	manually_verified	high
Metabolic Engineering	1	是			1096-7176			cas:0817	化学工程与技术	081703	生物化工	manual_source_verified	manually_verified	high
ACS Synthetic Biology	1	是			2161-5063			cas:0817	化学工程与技术	081703	生物化工	manual_source_verified	manually_verified	high
Biochemical Engineering Journal	2	否			1369-703X			cas:0817	化学工程与技术	081703	生物化工	manual_source_verified	manually_verified	high
Journal of Bioscience and Bioengineering	2	否			1389-1723			cas:0817	化学工程与技术	081703	生物化工	manual_source_verified	manually_verified	high
Applied Biochemistry and Biotechnology	2	否			0273-2289			cas:0817	化学工程与技术	081703	生物化工	manual_source_verified	manually_verified	high
Bioprocess and Biosystems Engineering	2	否			1615-7591			cas:0817	化学工程与技术	081703	生物化工	manual_source_verified	manually_verified	high
Journal of Chemical Technology & Biotechnology	2	否			0268-2575			cas:0817	化学工程与技术	081703	生物化工	manual_source_verified	manually_verified	high
Journal of Catalysis	1	是			0021-9517			cas:0817	化学工程与技术	081705	工业催化	manual_source_verified	manually_verified	high
ACS Catalysis	1	是			2155-5435			cas:0817	化学工程与技术	081705	工业催化	manual_source_verified	manually_verified	high
Applied Catalysis B Environment and Energy	1	是			0926-3373			cas:0817	化学工程与技术	081705	工业催化	manual_source_verified	manually_verified	high
Catalysis Science & Technology	1	是			2044-4753			cas:0817	化学工程与技术	081705	工业催化	manual_source_verified	manually_verified	high
Chemical Engineering Journal	1	是			1385-8947			cas:0817	化学工程与技术	081705	工业催化	manual_source_verified	manually_verified	high
Industrial & Engineering Chemistry Research	1	是			0888-5885			cas:0817	化学工程与技术	081705	工业催化	manual_source_verified	manually_verified	high
Catalysis Today	1	是			0920-5861			cas:0817	化学工程与技术	081705	工业催化	manual_source_verified	manually_verified	high
Applied Catalysis A General	1	是			0926-860X			cas:0817	化学工程与技术	081705	工业催化	manual_source_verified	manually_verified	high
Catalysis Reviews	1	是			0161-4940			cas:0817	化学工程与技术	081705	工业催化	manual_source_verified	manually_verified	high
Molecular Catalysis	1	是			2468-8231			cas:0817	化学工程与技术	081705	工业催化	manual_source_verified	manually_verified	high
Nature Catalysis	1	是			2520-1158			cas:0817	化学工程与技术	081704	应用化学	manual_source_verified	manually_verified	high
Applied Catalysis B Environment and Energy	1	是			0926-3373			cas:0817	化学工程与技术	081704	应用化学	manual_source_verified	manually_verified	high
Chemical Engineering Journal	1	是			1385-8947			cas:0817	化学工程与技术	081704	应用化学	manual_source_verified	manually_verified	high
Journal of Materials Chemistry A	1	是			2050-7488			cas:0817	化学工程与技术	081704	应用化学	manual_source_verified	manually_verified	high
ACS Applied Materials & Interfaces	1	是			1944-8244			cas:0817	化学工程与技术	081704	应用化学	manual_source_verified	manually_verified	high
Journal of Catalysis	1	是			0021-9517			cas:0817	化学工程与技术	081704	应用化学	manual_source_verified	manually_verified	high
Catalysis Science & Technology	1	是			2044-4753			cas:0817	化学工程与技术	081704	应用化学	manual_source_verified	manually_verified	high
Industrial & Engineering Chemistry Research	2	否			0888-5885			cas:0817	化学工程与技术	081704	应用化学	manual_source_verified	manually_verified	high
Journal of Applied Polymer Science	2	否			0021-8995			cas:0817	化学工程与技术	081704	应用化学	manual_source_verified	manually_verified	high
Dyes and Pigments	1	是			0143-7208			cas:0817	化学工程与技术	081704	应用化学	manual_source_verified	manually_verified	high
Ore Geology Reviews	1	是			0169-1368			cas:0818	地质资源与地质工程	081801	矿产普查与勘探	manual_source_verified	manually_verified	high
Mineralium Deposita	1	是			0026-4598			cas:0818	地质资源与地质工程	081801	矿产普查与勘探	manual_source_verified	manually_verified	high
Journal of Geochemical Exploration	1	是			0375-6742			cas:0818	地质资源与地质工程	081801	矿产普查与勘探	manual_source_verified	manually_verified	high
Applied Geochemistry	1	是			0883-2927			cas:0818	地质资源与地质工程	081801	矿产普查与勘探	manual_source_verified	manually_verified	high
Geophysics	1	是			0016-8033			cas:0818	地质资源与地质工程	081801	矿产普查与勘探	manual_source_verified	manually_verified	high
Geophysical Prospecting	1	是			0016-8025			cas:0818	地质资源与地质工程	081801	矿产普查与勘探	manual_source_verified	manually_verified	high
Journal of Petroleum Science and Engineering	1	是			0920-4105			cas:0818	地质资源与地质工程	081801	矿产普查与勘探	manual_source_verified	manually_verified	high
Marine and Petroleum Geology	1	是			0264-8172			cas:0818	地质资源与地质工程	081801	矿产普查与勘探	manual_source_verified	manually_verified	high
AAPG Bulletin	1	是			0149-1423			cas:0818	地质资源与地质工程	081801	矿产普查与勘探	manual_source_verified	manually_verified	high
Petroleum Exploration and Development	1	是			1876-3804			cas:0818	地质资源与地质工程	081801	矿产普查与勘探	manual_source_verified	manually_verified	high
International Journal of Rock Mechanics and Mining Sciences	1	是			1365-1609			cas:0819	矿业工程	081901	采矿工程	manual_source_verified	manually_verified	high
Minerals Engineering	1	是			0892-6875			cas:0819	矿业工程	081901	采矿工程	manual_source_verified	manually_verified	high
International Journal of Mining Science and Technology	1	是			2095-2686			cas:0819	矿业工程	081901	采矿工程	manual_source_verified	manually_verified	high
Rock Mechanics and Rock Engineering	1	是			0723-2632			cas:0819	矿业工程	081901	采矿工程	manual_source_verified	manually_verified	high
Mining Metallurgy & Exploration	2	否			2524-3462			cas:0819	矿业工程	081901	采矿工程	manual_source_verified	manually_verified	high
Journal of Sustainable Mining	2	否			2300-3960			cas:0819	矿业工程	081901	采矿工程	manual_source_verified	manually_verified	high
Archives of Mining Sciences	2	否			0860-7001			cas:0819	矿业工程	081901	采矿工程	manual_source_verified	manually_verified	high
Journal of the Southern African Institute of Mining and Metallurgy	2	否			2225-6253			cas:0819	矿业工程	081901	采矿工程	manual_source_verified	manually_verified	high
International Journal of Mining Reclamation and Environment	2	否			1748-0930			cas:0819	矿业工程	081901	采矿工程	manual_source_verified	manually_verified	high
Gospodarka Surowcami Mineralnymi - Mineral Resources Management	3	否			0860-0953			cas:0819	矿业工程	081901	采矿工程	manual_source_verified	manually_verified	high
Landslides	1	是			1612-510X			cas:0818	地质资源与地质工程	081803	地质工程	manual_source_verified	manually_verified	high
Rock Mechanics and Rock Engineering	1	是			0723-2632			cas:0818	地质资源与地质工程	081803	地质工程	manual_source_verified	manually_verified	high
International Journal of Rock Mechanics and Mining Sciences	1	是			1365-1609			cas:0818	地质资源与地质工程	081803	地质工程	manual_source_verified	manually_verified	high
Journal of Geotechnical and Geoenvironmental Engineering	1	是			1090-0241			cas:0818	地质资源与地质工程	081803	地质工程	manual_source_verified	manually_verified	high
Canadian Geotechnical Journal	1	是			0008-3674			cas:0818	地质资源与地质工程	081803	地质工程	manual_source_verified	manually_verified	high
Geotechnical and Geological Engineering	2	否			0960-3182			cas:0818	地质资源与地质工程	081803	地质工程	manual_source_verified	manually_verified	high
Quarterly Journal of Engineering Geology and Hydrogeology	2	否			1470-9236			cas:0818	地质资源与地质工程	081803	地质工程	manual_source_verified	manually_verified	high
Bulletin of Engineering Geology and the Environment	1	是			1435-9529			cas:0818	地质资源与地质工程	081803	地质工程	manual_source_verified	manually_verified	high
Environmental and Engineering Geoscience	3	否			1078-7275			cas:0818	地质资源与地质工程	081803	地质工程	manual_source_verified	manually_verified	high
Journal of Earth Science	2	否			1674-487X			cas:0818	地质资源与地质工程	081803	地质工程	manual_source_verified	manually_verified	high
Geophysics	1	是			0016-8033			cas:0818	地质资源与地质工程	081802	地球探测与信息技术	manual_source_verified	manually_verified	high
Remote Sensing of Environment	1	是			0034-4257			cas:0818	地质资源与地质工程	081802	地球探测与信息技术	manual_source_verified	manually_verified	high
Journal of Applied Geophysics	2	否			0926-9851			cas:0818	地质资源与地质工程	081802	地球探测与信息技术	manual_source_verified	manually_verified	high
Geophysical Prospecting	2	否			0016-8025			cas:0818	地质资源与地质工程	081802	地球探测与信息技术	manual_source_verified	manually_verified	high
Near Surface Geophysics	2	否			1569-4445			cas:0818	地质资源与地质工程	081802	地球探测与信息技术	manual_source_verified	manually_verified	high
Exploration Geophysics	3	否			0812-3985			cas:0818	地质资源与地质工程	081802	地球探测与信息技术	manual_source_verified	manually_verified	high
Journal of Environmental and Engineering Geophysics	3	否			1083-1363			cas:0818	地质资源与地质工程	081802	地球探测与信息技术	manual_source_verified	manually_verified	high
Interpretation	2	否			2324-8858			cas:0818	地质资源与地质工程	081802	地球探测与信息技术	manual_source_verified	manually_verified	high
First Break	3	否			0263-5046			cas:0818	地质资源与地质工程	081802	地球探测与信息技术	manual_source_verified	manually_verified	high
Geoscientific Instrumentation Methods and Data Systems	2	否			2193-0864			cas:0818	地质资源与地质工程	081802	地球探测与信息技术	manual_source_verified	manually_verified	high
International Journal of Mineral Processing	1	是			0301-7516			cas:0819	矿业工程	081902	矿物加工工程	manual_source_verified	manually_verified	high
Powder Technology	1	是			0032-5910			cas:0819	矿业工程	081902	矿物加工工程	manual_source_verified	manually_verified	high
Minerals	1	是			2075-163X			cas:0819	矿业工程	081902	矿物加工工程	manual_source_verified	manually_verified	high
Mineral Processing and Extractive Metallurgy Review	1	是			0882-7508			cas:0819	矿业工程	081902	矿物加工工程	manual_source_verified	manually_verified	high
Physicochemical Problems of Mineral Processing	2	否			1643-1049			cas:0819	矿业工程	081902	矿物加工工程	manual_source_verified	manually_verified	high
Separation and Purification Technology	1	是			1383-5866			cas:0819	矿业工程	081902	矿物加工工程	manual_source_verified	manually_verified	high
Advanced Powder Technology	1	是			0921-8831			cas:0819	矿业工程	081902	矿物加工工程	manual_source_verified	manually_verified	high
Canadian Metallurgical Quarterly	2	否			0008-4433			cas:0819	矿业工程	081902	矿物加工工程	manual_source_verified	manually_verified	high
International Journal of Coal Preparation and Utilization	2	否			1939-2699			cas:0819	矿业工程	081902	矿物加工工程	manual_source_verified	manually_verified	high
Particulate Science And Technology	2	否			0272-6351			cas:0819	矿业工程	081902	矿物加工工程	manual_source_verified	manually_verified	high
SPE Journal	1	是			1086-055X			cas:0820	石油与天然气工程	082002	油气田开发工程	manual_source_verified	manually_verified	high
SPE Production & Operations	2	否			1930-1855			cas:0820	石油与天然气工程	082002	油气田开发工程	manual_source_verified	manually_verified	high
SPE Reservoir Evaluation & Engineering	1	是			1094-6470			cas:0820	石油与天然气工程	082002	油气田开发工程	manual_source_verified	manually_verified	high
Journal of Petroleum Science and Engineering	1	是			0920-4105			cas:0820	石油与天然气工程	082002	油气田开发工程	manual_source_verified	manually_verified	high
Petroleum Science	1	是			1672-5107			cas:0820	石油与天然气工程	082002	油气田开发工程	manual_source_verified	manually_verified	high
Journal of Natural Gas Science and Engineering	1	是			1875-5100			cas:0820	石油与天然气工程	082002	油气田开发工程	manual_source_verified	manually_verified	high
Fuel	1	是			0016-2361			cas:0820	石油与天然气工程	082002	油气田开发工程	manual_source_verified	manually_verified	high
Energy & Fuels	1	是			0887-0624			cas:0820	石油与天然气工程	082002	油气田开发工程	manual_source_verified	manually_verified	high
Marine and Petroleum Geology	1	是			0264-8172			cas:0820	石油与天然气工程	082002	油气田开发工程	manual_source_verified	manually_verified	high
Petroleum Exploration and Development	1	是			1876-3804			cas:0820	石油与天然气工程	082002	油气田开发工程	manual_source_verified	manually_verified	high
Process Safety and Environmental Protection	1	是			0957-5820			cas:0819	矿业工程	081903	安全技术及工程	manual_source_verified	manually_verified	high
Journal of Loss Prevention in the Process Industries	1	是			0950-4230			cas:0819	矿业工程	081903	安全技术及工程	manual_source_verified	manually_verified	high
Reliability Engineering & System Safety	1	是			0951-8320			cas:0819	矿业工程	081903	安全技术及工程	manual_source_verified	manually_verified	high
International Journal of Mining Science and Technology	1	是			2095-2686			cas:0819	矿业工程	081903	安全技术及工程	manual_source_verified	manually_verified	high
Mining Metallurgy & Exploration	2	否			2524-3462			cas:0819	矿业工程	081903	安全技术及工程	manual_source_verified	manually_verified	high
International Journal of Mining Reclamation and Environment	2	否			1748-0930			cas:0819	矿业工程	081903	安全技术及工程	manual_source_verified	manually_verified	high
Journal of Safety Research	1	是			0022-4375			cas:0819	矿业工程	081903	安全技术及工程	manual_source_verified	manually_verified	high
Fire Safety Journal	1	是			0379-7112			cas:0819	矿业工程	081903	安全技术及工程	manual_source_verified	manually_verified	high
Tunnelling and Underground Space Technology	1	是			0886-7798			cas:0819	矿业工程	081903	安全技术及工程	manual_source_verified	manually_verified	high
International Journal of Rock Mechanics and Mining Sciences	1	是			1365-1609			cas:0819	矿业工程	081903	安全技术及工程	manual_source_verified	manually_verified	high
SPE Journal	1	是			1086-055X			cas:0820	石油与天然气工程	082001	油气井工程	manual_source_verified	manually_verified	high
Journal of Petroleum Science and Engineering	1	是			0920-4105			cas:0820	石油与天然气工程	082001	油气井工程	manual_source_verified	manually_verified	high
Petroleum Science	1	是			1672-5107			cas:0820	石油与天然气工程	082001	油气井工程	manual_source_verified	manually_verified	high
Journal of Natural Gas Science and Engineering	1	是			1875-5100			cas:0820	石油与天然气工程	082001	油气井工程	manual_source_verified	manually_verified	high
SPE Drilling & Completion	2	否			1064-6671			cas:0820	石油与天然气工程	082001	油气井工程	manual_source_verified	manually_verified	high
Journal of Energy Resources Technology	2	否			0195-0738			cas:0820	石油与天然气工程	082001	油气井工程	manual_source_verified	manually_verified	high
Petroleum Exploration and Development	1	是			1876-3804			cas:0820	石油与天然气工程	082001	油气井工程	manual_source_verified	manually_verified	high
Energy & Fuels	1	是			0887-0624			cas:0820	石油与天然气工程	082001	油气井工程	manual_source_verified	manually_verified	high
Journal of Canadian Petroleum Technology	2	否			0021-9487			cas:0820	石油与天然气工程	082001	油气井工程	manual_source_verified	manually_verified	high
Petroleum Science and Technology	3	否			1091-6466			cas:0820	石油与天然气工程	082001	油气井工程	manual_source_verified	manually_verified	high
Journal of Pipeline Science and Engineering	1	是			2667-1433			cas:0820	石油与天然气工程	082003	油气储运工程	manual_source_verified	manually_verified	high
International Journal of Pressure Vessels and Piping	1	是			0308-0161			cas:0820	石油与天然气工程	082003	油气储运工程	manual_source_verified	manually_verified	high
Journal of Natural Gas Science and Engineering	1	是			1875-5100			cas:0820	石油与天然气工程	082003	油气储运工程	manual_source_verified	manually_verified	high
Petroleum Science	1	是			1672-5107			cas:0820	石油与天然气工程	082003	油气储运工程	manual_source_verified	manually_verified	high
Energy & Fuels	1	是			0887-0624			cas:0820	石油与天然气工程	082003	油气储运工程	manual_source_verified	manually_verified	high
Fuel	1	是			0016-2361			cas:0820	石油与天然气工程	082003	油气储运工程	manual_source_verified	manually_verified	high
Journal of Petroleum Science and Engineering	1	是			0920-4105			cas:0820	石油与天然气工程	082003	油气储运工程	manual_source_verified	manually_verified	high
SPE Journal	1	是			1086-055X			cas:0820	石油与天然气工程	082003	油气储运工程	manual_source_verified	manually_verified	high
Petroleum Exploration and Development	1	是			1876-3804			cas:0820	石油与天然气工程	082003	油气储运工程	manual_source_verified	manually_verified	high
Oil & Gas Science and Technology – Revue d’IFP Energies nouvelles	2	否			1294-4475			cas:0820	石油与天然气工程	082003	油气储运工程	manual_source_verified	manually_verified	high
Textile Research Journal	1	是			0040-5175			cas:0821	纺织科学与工程	082101	纺织工程	manual_source_verified	manually_verified	high
Journal of Industrial Textiles	1	是			1528-0837			cas:0821	纺织科学与工程	082101	纺织工程	manual_source_verified	manually_verified	high
Cellulose	1	是			0969-0239			cas:0821	纺织科学与工程	082101	纺织工程	manual_source_verified	manually_verified	high
Dyes and Pigments	1	是			0143-7208			cas:0821	纺织科学与工程	082101	纺织工程	manual_source_verified	manually_verified	high
Fibers and Polymers	2	否			1229-9197			cas:0821	纺织科学与工程	082101	纺织工程	manual_source_verified	manually_verified	high
Journal of the Textile Institute	2	否			0040-5000			cas:0821	纺织科学与工程	082101	纺织工程	manual_source_verified	manually_verified	high
Textile Progress	1	是			0040-5167			cas:0821	纺织科学与工程	082101	纺织工程	manual_source_verified	manually_verified	high
Journal of Engineered Fibers and Fabrics	2	否			1558-9250			cas:0821	纺织科学与工程	082101	纺织工程	manual_source_verified	manually_verified	high
AATCC Journal of Research	3	否			2330-5517			cas:0821	纺织科学与工程	082101	纺织工程	manual_source_verified	manually_verified	high
International Journal of Clothing Science and Technology	2	否			0955-6222			cas:0821	纺织科学与工程	082101	纺织工程	manual_source_verified	manually_verified	high
Textile Research Journal	1	是			0040-5175			cas:0821	纺织科学与工程	082102	纺织材料与纺织品设计	manual_source_verified	manually_verified	high
Journal of Industrial Textiles	1	是			1528-0837			cas:0821	纺织科学与工程	082102	纺织材料与纺织品设计	manual_source_verified	manually_verified	high
Cellulose	1	是			0969-0239			cas:0821	纺织科学与工程	082102	纺织材料与纺织品设计	manual_source_verified	manually_verified	high
Dyes and Pigments	1	是			0143-7208			cas:0821	纺织科学与工程	082102	纺织材料与纺织品设计	manual_source_verified	manually_verified	high
Fibers and Polymers	2	否			1229-9197			cas:0821	纺织科学与工程	082102	纺织材料与纺织品设计	manual_source_verified	manually_verified	high
Journal of the Textile Institute	2	否			0040-5000			cas:0821	纺织科学与工程	082102	纺织材料与纺织品设计	manual_source_verified	manually_verified	high
Coloration Technology	2	否			1472-3581			cas:0821	纺织科学与工程	082102	纺织材料与纺织品设计	manual_source_verified	manually_verified	high
AATCC Journal of Research	3	否			2330-5517			cas:0821	纺织科学与工程	082102	纺织材料与纺织品设计	manual_source_verified	manually_verified	high
International Journal of Clothing Science and Technology	3	否			0955-6222			cas:0821	纺织科学与工程	082102	纺织材料与纺织品设计	manual_source_verified	manually_verified	high
Journal of Engineered Fibers and Fabrics	3	否			1558-9250			cas:0821	纺织科学与工程	082102	纺织材料与纺织品设计	manual_source_verified	manually_verified	high
Textile Research Journal	1	是			0040-5175			cas:0821	纺织科学与工程	082103	纺织化学与染整工程	manual_source_verified	manually_verified	high
Cellulose	1	是			0969-0239			cas:0821	纺织科学与工程	082103	纺织化学与染整工程	manual_source_verified	manually_verified	high
Carbohydrate Polymers	1	是			0144-8617			cas:0821	纺织科学与工程	082103	纺织化学与染整工程	manual_source_verified	manually_verified	high
Journal of Industrial Textiles	2	否			1528-0837			cas:0821	纺织科学与工程	082103	纺织化学与染整工程	manual_source_verified	manually_verified	high
Coloration Technology	2	否			1472-3581			cas:0821	纺织科学与工程	082103	纺织化学与染整工程	manual_source_verified	manually_verified	high
Fibers and Polymers	2	否			1229-9197			cas:0821	纺织科学与工程	082103	纺织化学与染整工程	manual_source_verified	manually_verified	high
Journal of the Textile Institute	2	否			0040-5000			cas:0821	纺织科学与工程	082103	纺织化学与染整工程	manual_source_verified	manually_verified	high
AATCC Journal of Research	3	否			2330-5517			cas:0821	纺织科学与工程	082103	纺织化学与染整工程	manual_source_verified	manually_verified	high
Indian Journal of Fibre & Textile Research	3	否			0971-0426			cas:0821	纺织科学与工程	082103	纺织化学与染整工程	manual_source_verified	manually_verified	high
Journal of Engineered Fibers and Fabrics	3	否			1558-9250			cas:0821	纺织科学与工程	082103	纺织化学与染整工程	manual_source_verified	manually_verified	high
Textile Research Journal	1	是			0040-5175			cas:0821	纺织科学与工程	082104	服装设计与工程	manual_source_verified	manually_verified	high
International Journal of Clothing Science and Technology	2	否			0955-6222			cas:0821	纺织科学与工程	082104	服装设计与工程	manual_source_verified	manually_verified	high
Fashion and Textiles	1	是			2198-0802			cas:0821	纺织科学与工程	082104	服装设计与工程	manual_source_verified	manually_verified	high
Journal of Engineered Fibers and Fabrics	2	否			1558-9250			cas:0821	纺织科学与工程	082104	服装设计与工程	manual_source_verified	manually_verified	high
Autex Research Journal	2	否			1470-9589			cas:0821	纺织科学与工程	082104	服装设计与工程	manual_source_verified	manually_verified	high
Fibres and Textiles in Eastern Europe	3	否			1230-3666			cas:0821	纺织科学与工程	082104	服装设计与工程	manual_source_verified	manually_verified	high
Journal of Industrial Textiles	1	是			1528-0837			cas:0821	纺织科学与工程	082104	服装设计与工程	manual_source_verified	manually_verified	high
Journal of the Textile Institute	1	是			0040-5000			cas:0821	纺织科学与工程	082104	服装设计与工程	manual_source_verified	manually_verified	high
Textile Progress	1	是			0040-5167			cas:0821	纺织科学与工程	082104	服装设计与工程	manual_source_verified	manually_verified	high
Journal of Fashion Marketing and Management An International Journal	2	否			1361-2026			cas:0821	纺织科学与工程	082104	服装设计与工程	manual_source_verified	manually_verified	high
Sugar Tech	2	否			0972-1525			cas:0822	轻工技术与工程	082202	制糖工程	manual_source_verified	manually_verified	high
Sugar Industry	3	否			0344-8657			cas:0822	轻工技术与工程	082202	制糖工程	manual_source_verified	manually_verified	high
Journal of Food Engineering	1	是			0260-8774			cas:0822	轻工技术与工程	082202	制糖工程	manual_source_verified	manually_verified	high
Journal of Food Science	2	否			0022-1147			cas:0822	轻工技术与工程	082202	制糖工程	manual_source_verified	manually_verified	high
LWT	1	是			0023-6438			cas:0822	轻工技术与工程	082202	制糖工程	manual_source_verified	manually_verified	high
Journal of Food Process Engineering	2	否			0145-8876			cas:0822	轻工技术与工程	082202	制糖工程	manual_source_verified	manually_verified	high
Food and Bioproducts Processing	1	是			0960-3085			cas:0822	轻工技术与工程	082202	制糖工程	manual_source_verified	manually_verified	high
Journal of the Science of Food and Agriculture	1	是			0022-5142			cas:0822	轻工技术与工程	082202	制糖工程	manual_source_verified	manually_verified	high
Bioresource Technology	1	是			0960-8524			cas:0822	轻工技术与工程	082202	制糖工程	manual_source_verified	manually_verified	high
Transportation Research Part C Emerging Technologies	1	是			0968-090X			cas:0823	交通运输工程	082302	交通信息工程及控制	manual_source_verified	manually_verified	high
IEEE Transactions on Vehicular Technology	1	是			0018-9545			cas:0823	交通运输工程	082302	交通信息工程及控制	manual_source_verified	manually_verified	high
Transportation Research Part B Methodological	1	是			0191-2615			cas:0823	交通运输工程	082302	交通信息工程及控制	manual_source_verified	manually_verified	high
Computer-Aided Civil and Infrastructure Engineering	1	是			1093-9687			cas:0823	交通运输工程	082302	交通信息工程及控制	manual_source_verified	manually_verified	high
Journal of Intelligent Transportation Systems	1	是			1547-2450			cas:0823	交通运输工程	082302	交通信息工程及控制	manual_source_verified	manually_verified	high
IET Intelligent Transport Systems	2	否			1751-956X			cas:0823	交通运输工程	082302	交通信息工程及控制	manual_source_verified	manually_verified	high
Transportation Research Record Journal of the Transportation Research Board	2	否			0361-1981			cas:0823	交通运输工程	082302	交通信息工程及控制	manual_source_verified	manually_verified	high
Journal of Advanced Transportation	2	否			0197-6729			cas:0823	交通运输工程	082302	交通信息工程及控制	manual_source_verified	manually_verified	high
International Journal of Rail Transportation	2	否			2324-8378			cas:0823	交通运输工程	082302	交通信息工程及控制	manual_source_verified	manually_verified	high
European Journal of Transport and Infrastructure Research	2	否			1567-7141			cas:0823	交通运输工程	082302	交通信息工程及控制	manual_source_verified	manually_verified	high
Transportation Research Part C Emerging Technologies	1	是			0968-090X			cas:0823	交通运输工程	082301	道路与铁道工程	manual_source_verified	manually_verified	high
Transportation Research Part B Methodological	1	是			0191-2615			cas:0823	交通运输工程	082301	道路与铁道工程	manual_source_verified	manually_verified	high
Computer-Aided Civil and Infrastructure Engineering	1	是			1093-9687			cas:0823	交通运输工程	082301	道路与铁道工程	manual_source_verified	manually_verified	high
Automation in Construction	1	是			0926-5805			cas:0823	交通运输工程	082301	道路与铁道工程	manual_source_verified	manually_verified	high
Journal of Cleaner Production	1	是			0959-6526			cas:0823	交通运输工程	082301	道路与铁道工程	manual_source_verified	manually_verified	high
Transportation Research Part D Transport and Environment	1	是			1361-9209			cas:0823	交通运输工程	082301	道路与铁道工程	manual_source_verified	manually_verified	high
International Journal of Pavement Engineering	1	是			1029-8436			cas:0823	交通运输工程	082301	道路与铁道工程	manual_source_verified	manually_verified	high
Road Materials and Pavement Design	1	是			1468-0629			cas:0823	交通运输工程	082301	道路与铁道工程	manual_source_verified	manually_verified	high
Journal of Transportation Engineering Part A Systems	2	否			2473-2907			cas:0823	交通运输工程	082301	道路与铁道工程	manual_source_verified	manually_verified	high
Journal of Transportation Engineering Part B Pavements	2	否			2573-5438			cas:0823	交通运输工程	082301	道路与铁道工程	manual_source_verified	manually_verified	high
Transportation Research Part B Methodological	1	是			0191-2615			cas:0823	交通运输工程	082303	交通运输规划与管理	manual_source_verified	manually_verified	high
Transportation Research Part A Policy and Practice	1	是			0965-8564			cas:0823	交通运输工程	082303	交通运输规划与管理	manual_source_verified	manually_verified	high
Transportation Research Part C Emerging Technologies	1	是			0968-090X			cas:0823	交通运输工程	082303	交通运输规划与管理	manual_source_verified	manually_verified	high
Transportation Research Part E Logistics and Transportation Review	1	是			1366-5545			cas:0823	交通运输工程	082303	交通运输规划与管理	manual_source_verified	manually_verified	high
Transportation Science	1	是			0041-1655			cas:0823	交通运输工程	082303	交通运输规划与管理	manual_source_verified	manually_verified	high
Transport Reviews	1	是			0144-1647			cas:0823	交通运输工程	082303	交通运输规划与管理	manual_source_verified	manually_verified	high
Journal of Transport Geography	1	是			0966-6923			cas:0823	交通运输工程	082303	交通运输规划与管理	manual_source_verified	manually_verified	high
Transport Policy	1	是			0967-070X			cas:0823	交通运输工程	082303	交通运输规划与管理	manual_source_verified	manually_verified	high
IEEE Transactions on Intelligent Transportation Systems	1	是			1524-9050			cas:0823	交通运输工程	082303	交通运输规划与管理	manual_source_verified	manually_verified	high
Transportation	1	是			0049-4488			cas:0823	交通运输工程	082303	交通运输规划与管理	manual_source_verified	manually_verified	high
Biotechnology and Bioengineering	1	是			0006-3592			cas:0822	轻工技术与工程	082203	发酵工程	manual_source_verified	manually_verified	high
Applied Microbiology and Biotechnology	1	是			0175-7598			cas:0822	轻工技术与工程	082203	发酵工程	manual_source_verified	manually_verified	high
Microbial Cell Factories	1	是			1475-2859			cas:0822	轻工技术与工程	082203	发酵工程	manual_source_verified	manually_verified	high
Journal of Biotechnology	1	是			0168-1656			cas:0822	轻工技术与工程	082203	发酵工程	manual_source_verified	manually_verified	high
Biochemical Engineering Journal	1	是			1369-703X			cas:0822	轻工技术与工程	082203	发酵工程	manual_source_verified	manually_verified	high
Process Biochemistry	1	是			1359-5113			cas:0822	轻工技术与工程	082203	发酵工程	manual_source_verified	manually_verified	high
Enzyme and Microbial Technology	2	否			0141-0229			cas:0822	轻工技术与工程	082203	发酵工程	manual_source_verified	manually_verified	high
Journal of Industrial Microbiology & Biotechnology	2	否			1367-5435			cas:0822	轻工技术与工程	082203	发酵工程	manual_source_verified	manually_verified	high
Biotechnology Letters	2	否			0141-5492			cas:0822	轻工技术与工程	082203	发酵工程	manual_source_verified	manually_verified	high
World Journal of Microbiology and Biotechnology	2	否			0959-3993			cas:0822	轻工技术与工程	082203	发酵工程	manual_source_verified	manually_verified	high
Journal of Leather Science and Engineering	2	否			2524-7859			cas:0822	轻工技术与工程	082204	皮革化学与工程	manual_source_verified	manually_verified	high
Collagen and Leather	1	是			2097-1419			cas:0822	轻工技术与工程	082204	皮革化学与工程	manual_source_verified	manually_verified	high
Journal of Cleaner Production	1	是			0959-6526			cas:0822	轻工技术与工程	082204	皮革化学与工程	manual_source_verified	manually_verified	high
Waste Management	1	是			0956-053X			cas:0822	轻工技术与工程	082204	皮革化学与工程	manual_source_verified	manually_verified	high
Journal of Hazardous Materials	1	是			0304-3894			cas:0822	轻工技术与工程	082204	皮革化学与工程	manual_source_verified	manually_verified	high
Chemical Engineering Journal	1	是			1385-8947			cas:0822	轻工技术与工程	082204	皮革化学与工程	manual_source_verified	manually_verified	high
Bioresource Technology	1	是			0960-8524			cas:0822	轻工技术与工程	082204	皮革化学与工程	manual_source_verified	manually_verified	high
International Journal of Biological Macromolecules	1	是			0141-8130			cas:0822	轻工技术与工程	082204	皮革化学与工程	manual_source_verified	manually_verified	high
Materials Chemistry and Physics	2	否			0254-0584			cas:0822	轻工技术与工程	082204	皮革化学与工程	manual_source_verified	manually_verified	high
Journal of Applied Polymer Science	2	否			0021-8995			cas:0822	轻工技术与工程	082204	皮革化学与工程	manual_source_verified	manually_verified	high
IEEE Transactions on Intelligent Transportation Systems	1	是			1524-9050			cas:0823	交通运输工程	082304	载运工具运用工程	manual_source_verified	manually_verified	high
Transportation Research Part C Emerging Technologies	1	是			0968-090X			cas:0823	交通运输工程	082304	载运工具运用工程	manual_source_verified	manually_verified	high
Mechanical Systems and Signal Processing	1	是			0888-3270			cas:0823	交通运输工程	082304	载运工具运用工程	manual_source_verified	manually_verified	high
Vehicle System Dynamics	1	是			0042-3114			cas:0823	交通运输工程	082304	载运工具运用工程	manual_source_verified	manually_verified	high
Proceedings of the Institution of Mechanical Engineers Part D Journal of Automobile Engineering	2	否			0954-4070			cas:0823	交通运输工程	082304	载运工具运用工程	manual_source_verified	manually_verified	high
International Journal of Heavy Vehicle Systems	3	否			1744-232X			cas:0823	交通运输工程	082304	载运工具运用工程	manual_source_verified	manually_verified	high
Journal of Rail Transport Planning & Management	2	否			2210-9706			cas:0823	交通运输工程	082304	载运工具运用工程	manual_source_verified	manually_verified	high
Proceedings of the Institution of Mechanical Engineers Part F Journal of Rail and Rapid Transit	2	否			0954-4097			cas:0823	交通运输工程	082304	载运工具运用工程	manual_source_verified	manually_verified	high
International Journal of Rail Transportation	1	是			2324-8378			cas:0823	交通运输工程	082304	载运工具运用工程	manual_source_verified	manually_verified	high
Journal of Transportation Engineering Part A Systems	2	否			2473-2907			cas:0823	交通运输工程	082304	载运工具运用工程	manual_source_verified	manually_verified	high
Ocean Engineering	1	是			0029-8018			cas:0824	船舶与海洋工程	082402	轮机工程	manual_source_verified	manually_verified	high
Marine Structures	1	是			0951-8339			cas:0824	船舶与海洋工程	082402	轮机工程	manual_source_verified	manually_verified	high
Ships and Offshore Structures	1	是			1744-5302			cas:0824	船舶与海洋工程	082402	轮机工程	manual_source_verified	manually_verified	high
Journal of Marine Science and Engineering	1	是			2077-1312			cas:0824	船舶与海洋工程	082402	轮机工程	manual_source_verified	manually_verified	high
International Journal of Naval Architecture and Ocean Engineering	1	是			2092-6782			cas:0824	船舶与海洋工程	082402	轮机工程	manual_source_verified	manually_verified	high
Journal of Offshore Mechanics and Arctic Engineering	2	否			0892-7219			cas:0824	船舶与海洋工程	082402	轮机工程	manual_source_verified	manually_verified	high
Proceedings of the Institution of Mechanical Engineers Part M Journal of Engineering for the Maritime Environment	2	否			1475-0902			cas:0824	船舶与海洋工程	082402	轮机工程	manual_source_verified	manually_verified	high
Journal of Marine Science and Technology	2	否			0948-4280			cas:0824	船舶与海洋工程	082402	轮机工程	manual_source_verified	manually_verified	high
Brodogradnja	2	否			0007-215X			cas:0824	船舶与海洋工程	082402	轮机工程	manual_source_verified	manually_verified	high
Journal of Ship Research	2	否			0022-4502			cas:0824	船舶与海洋工程	082402	轮机工程	manual_source_verified	manually_verified	high
Progress in Aerospace Sciences	1	是			0376-0421			cas:0825	航空宇航科学与技术	082501	飞行器设计	manual_source_verified	manually_verified	high
Aerospace Science and Technology	1	是			1270-9638			cas:0825	航空宇航科学与技术	082501	飞行器设计	manual_source_verified	manually_verified	high
Journal of Guidance Control and Dynamics	1	是			0731-5090			cas:0825	航空宇航科学与技术	082501	飞行器设计	manual_source_verified	manually_verified	high
Journal of Aircraft	2	否			0021-8669			cas:0825	航空宇航科学与技术	082501	飞行器设计	manual_source_verified	manually_verified	high
Journal of Spacecraft and Rockets	2	否			0022-4650			cas:0825	航空宇航科学与技术	082501	飞行器设计	manual_source_verified	manually_verified	high
Acta Astronautica	1	是			0094-5765			cas:0825	航空宇航科学与技术	082501	飞行器设计	manual_source_verified	manually_verified	high
Chinese Journal of Aeronautics	1	是			1000-9361			cas:0825	航空宇航科学与技术	082501	飞行器设计	manual_source_verified	manually_verified	high
The Aeronautical Journal	2	否			0001-9240			cas:0825	航空宇航科学与技术	082501	飞行器设计	manual_source_verified	manually_verified	high
Journal of Aerospace Engineering	2	否			0893-1321			cas:0825	航空宇航科学与技术	082501	飞行器设计	manual_source_verified	manually_verified	high
Proceedings of the Institution of Mechanical Engineers Part G Journal of Aerospace Engineering	2	否			0954-4100			cas:0825	航空宇航科学与技术	082501	飞行器设计	manual_source_verified	manually_verified	high
IEEE Journal of Oceanic Engineering	1	是			0364-9059			cas:0824	船舶与海洋工程	082403	水声工程	manual_source_verified	manually_verified	high
The Journal of the Acoustical Society of America	1	是			0001-4966			cas:0824	船舶与海洋工程	082403	水声工程	manual_source_verified	manually_verified	high
Applied Acoustics	1	是			0003-682X			cas:0824	船舶与海洋工程	082403	水声工程	manual_source_verified	manually_verified	high
Ocean Engineering	1	是			0029-8018			cas:0824	船舶与海洋工程	082403	水声工程	manual_source_verified	manually_verified	high
Marine Structures	1	是			0951-8339			cas:0824	船舶与海洋工程	082403	水声工程	manual_source_verified	manually_verified	high
Ships and Offshore Structures	2	否			1744-5302			cas:0824	船舶与海洋工程	082403	水声工程	manual_source_verified	manually_verified	high
Journal of Marine Science and Engineering	1	是			2077-1312			cas:0824	船舶与海洋工程	082403	水声工程	manual_source_verified	manually_verified	high
IEEE Sensors Journal	1	是			1530-437X			cas:0824	船舶与海洋工程	082403	水声工程	manual_source_verified	manually_verified	high
Journal of Sound and Vibration	1	是			0022-460X			cas:0824	船舶与海洋工程	082403	水声工程	manual_source_verified	manually_verified	high
Ultrasonics	1	是			0041-624X			cas:0824	船舶与海洋工程	082403	水声工程	manual_source_verified	manually_verified	high
Progress in Aerospace Sciences	1	是			0376-0421			cas:0825	航空宇航科学与技术	082502	航空宇航推进理论与工程	manual_source_verified	manually_verified	high
Journal of Propulsion and Power	1	是			0748-4658			cas:0825	航空宇航科学与技术	082502	航空宇航推进理论与工程	manual_source_verified	manually_verified	high
Aerospace Science and Technology	1	是			1270-9638			cas:0825	航空宇航科学与技术	082502	航空宇航推进理论与工程	manual_source_verified	manually_verified	high
Proceedings of the Combustion Institute	1	是			1540-7489			cas:0825	航空宇航科学与技术	082502	航空宇航推进理论与工程	manual_source_verified	manually_verified	high
Journal of Engineering for Gas Turbines and Power	2	否			0742-4795			cas:0825	航空宇航科学与技术	082502	航空宇航推进理论与工程	manual_source_verified	manually_verified	high
International Journal of Turbo and Jet Engines	3	否			0334-0082			cas:0825	航空宇航科学与技术	082502	航空宇航推进理论与工程	manual_source_verified	manually_verified	high
Journal of the Korean Society of Propulsion Engineers	3	否			1226-6027			cas:0825	航空宇航科学与技术	082502	航空宇航推进理论与工程	manual_source_verified	manually_verified	high
Propulsion and Power Research	1	是			2212-540X			cas:0825	航空宇航科学与技术	082502	航空宇航推进理论与工程	manual_source_verified	manually_verified	high
Acta Astronautica	1	是			0094-5765			cas:0825	航空宇航科学与技术	082502	航空宇航推进理论与工程	manual_source_verified	manually_verified	high
Chinese Journal of Aeronautics	1	是			1000-9361			cas:0825	航空宇航科学与技术	082502	航空宇航推进理论与工程	manual_source_verified	manually_verified	high
TAPPI Journal	3	否			0734-1415			cas:0822	轻工技术与工程	082201	制浆造纸工程	manual_source_verified	manually_verified	high
BioResources	2	否			1930-2126			cas:0822	轻工技术与工程	082201	制浆造纸工程	manual_source_verified	manually_verified	high
Cellulose	1	是			0969-0239			cas:0822	轻工技术与工程	082201	制浆造纸工程	manual_source_verified	manually_verified	high
Nordic Pulp & Paper Research Journal	3	否			0283-2631			cas:0822	轻工技术与工程	082201	制浆造纸工程	manual_source_verified	manually_verified	high
Journal of Korea Technical Association of The Pulp and Paper Industry	3	否			0253-3200			cas:0822	轻工技术与工程	082201	制浆造纸工程	manual_source_verified	manually_verified	high
Journal of Bioresources and Bioproducts	1	是			2369-9698			cas:0822	轻工技术与工程	082201	制浆造纸工程	manual_source_verified	manually_verified	high
Industrial Crops and Products	1	是			0926-6690			cas:0822	轻工技术与工程	082201	制浆造纸工程	manual_source_verified	manually_verified	high
Carbohydrate Polymers	1	是			0144-8617			cas:0822	轻工技术与工程	082201	制浆造纸工程	manual_source_verified	manually_verified	high
Marine Structures	1	是			0951-8339			cas:0824	船舶与海洋工程	082401	船舶与海洋结构物设计制造	manual_source_verified	manually_verified	high
Ships and Offshore Structures	2	否			1744-5302			cas:0824	船舶与海洋工程	082401	船舶与海洋结构物设计制造	manual_source_verified	manually_verified	high
Journal of Ship Research	2	否			0022-4502			cas:0824	船舶与海洋工程	082401	船舶与海洋结构物设计制造	manual_source_verified	manually_verified	high
International Journal of Naval Architecture and Ocean Engineering	2	否			2092-6782			cas:0824	船舶与海洋工程	082401	船舶与海洋结构物设计制造	manual_source_verified	manually_verified	high
Journal of Marine Science and Engineering	1	是			2077-1312			cas:0824	船舶与海洋工程	082401	船舶与海洋结构物设计制造	manual_source_verified	manually_verified	high
Applied Ocean Research	1	是			0141-1187			cas:0824	船舶与海洋工程	082401	船舶与海洋结构物设计制造	manual_source_verified	manually_verified	high
Journal of Offshore Mechanics and Arctic Engineering	2	否			0892-7219			cas:0824	船舶与海洋工程	082401	船舶与海洋结构物设计制造	manual_source_verified	manually_verified	high
International Journal of Offshore and Polar Engineering	3	否			1053-5381			cas:0824	船舶与海洋工程	082401	船舶与海洋结构物设计制造	manual_source_verified	manually_verified	high
Journal of Marine Science and Technology	2	否			0948-4280			cas:0824	船舶与海洋工程	082401	船舶与海洋结构物设计制造	manual_source_verified	manually_verified	high
Brodogradnja	3	否			0007-215X			cas:0824	船舶与海洋工程	082401	船舶与海洋结构物设计制造	manual_source_verified	manually_verified	high
Progress in Aerospace Sciences	1	是			0376-0421			cas:0825	航空宇航科学与技术	082503	航空宇航制造工程	manual_source_verified	manually_verified	high
Aerospace Science and Technology	1	是			1270-9638			cas:0825	航空宇航科学与技术	082503	航空宇航制造工程	manual_source_verified	manually_verified	high
Chinese Journal of Aeronautics	1	是			1000-9361			cas:0825	航空宇航科学与技术	082503	航空宇航制造工程	manual_source_verified	manually_verified	high
Journal of Aerospace Engineering	2	否			0893-1321			cas:0825	航空宇航科学与技术	082503	航空宇航制造工程	manual_source_verified	manually_verified	high
Proceedings of the Institution of Mechanical Engineers Part G Journal of Aerospace Engineering	2	否			0954-4100			cas:0825	航空宇航科学与技术	082503	航空宇航制造工程	manual_source_verified	manually_verified	high
The International Journal of Advanced Manufacturing Technology	2	否			0268-3768			cas:0825	航空宇航科学与技术	082503	航空宇航制造工程	manual_source_verified	manually_verified	high
Journal of Manufacturing Processes	1	是			1526-6125			cas:0825	航空宇航科学与技术	082503	航空宇航制造工程	manual_source_verified	manually_verified	high
Robotics and Computer-Integrated Manufacturing	1	是			0736-5845			cas:0825	航空宇航科学与技术	082503	航空宇航制造工程	manual_source_verified	manually_verified	high
CIRP Annals	1	是			0007-8506			cas:0825	航空宇航科学与技术	082503	航空宇航制造工程	manual_source_verified	manually_verified	high
Journal of Materials Processing Technology	1	是			0924-0136			cas:0825	航空宇航科学与技术	082503	航空宇航制造工程	manual_source_verified	manually_verified	high
Aerospace Science and Technology	1	是			1270-9638			cas:0825	航空宇航科学与技术	082504	人机与环境工程	manual_source_verified	manually_verified	high
Acta Astronautica	1	是			0094-5765			cas:0825	航空宇航科学与技术	082504	人机与环境工程	manual_source_verified	manually_verified	high
Applied Ergonomics	1	是			0003-6870			cas:0825	航空宇航科学与技术	082504	人机与环境工程	manual_source_verified	manually_verified	high
Aviation Space and Environmental Medicine	2	否			0095-6562			cas:0825	航空宇航科学与技术	082504	人机与环境工程	manual_source_verified	manually_verified	high
Ergonomics	2	否			0014-0139			cas:0825	航空宇航科学与技术	082504	人机与环境工程	manual_source_verified	manually_verified	high
Human Factors The Journal of the Human Factors and Ergonomics Society	1	是			0018-7208			cas:0825	航空宇航科学与技术	082504	人机与环境工程	manual_source_verified	manually_verified	high
Indoor Air	1	是			0905-6947			cas:0825	航空宇航科学与技术	082504	人机与环境工程	manual_source_verified	manually_verified	high
Journal of Aircraft	2	否			0021-8669			cas:0825	航空宇航科学与技术	082504	人机与环境工程	manual_source_verified	manually_verified	high
Journal of Spacecraft and Rockets	2	否			0022-4650			cas:0825	航空宇航科学与技术	082504	人机与环境工程	manual_source_verified	manually_verified	high
Life Sciences in Space Research	2	否			2214-5524			cas:0825	航空宇航科学与技术	082504	人机与环境工程	manual_source_verified	manually_verified	high
IEEE Transactions on Aerospace and Electronic Systems	1	是			0018-9251			cas:0826	兵器科学与技术	082601	武器系统与运用工程	manual_source_verified	manually_verified	high
Journal of Guidance Control and Dynamics	1	是			0731-5090			cas:0826	兵器科学与技术	082601	武器系统与运用工程	manual_source_verified	manually_verified	high
Propellants Explosives Pyrotechnics	2	否			0721-3115			cas:0826	兵器科学与技术	082601	武器系统与运用工程	manual_source_verified	manually_verified	high
International Journal of Impact Engineering	1	是			0734-743X			cas:0826	兵器科学与技术	082601	武器系统与运用工程	manual_source_verified	manually_verified	high
Aerospace Science and Technology	1	是			1270-9638			cas:0826	兵器科学与技术	082601	武器系统与运用工程	manual_source_verified	manually_verified	high
Journal of Energetic Materials	2	否			0737-0652			cas:0826	兵器科学与技术	082601	武器系统与运用工程	manual_source_verified	manually_verified	high
Shock and Vibration	2	否			1070-9622			cas:0826	兵器科学与技术	082601	武器系统与运用工程	manual_source_verified	manually_verified	high
The Journal of Defense Modeling and Simulation Applications Methodology Technology	3	否			1548-5129			cas:0826	兵器科学与技术	082601	武器系统与运用工程	manual_source_verified	manually_verified	high
Journal of Applied Mechanics and Technical Physics	3	否			0021-8944			cas:0826	兵器科学与技术	082601	武器系统与运用工程	manual_source_verified	manually_verified	high
Combustion Explosion and Shock Waves	3	否			0010-5082			cas:0826	兵器科学与技术	082601	武器系统与运用工程	manual_source_verified	manually_verified	high
Defence Technology	1	是			2214-9147			cas:0826	兵器科学与技术	082602	兵器发射理论与技术	manual_source_verified	manually_verified	high
Propellants Explosives Pyrotechnics	2	否			0721-3115			cas:0826	兵器科学与技术	082602	兵器发射理论与技术	manual_source_verified	manually_verified	high
Journal of Propulsion and Power	1	是			0748-4658			cas:0826	兵器科学与技术	082602	兵器发射理论与技术	manual_source_verified	manually_verified	high
Aerospace Science and Technology	1	是			1270-9638			cas:0826	兵器科学与技术	082602	兵器发射理论与技术	manual_source_verified	manually_verified	high
Journal of Spacecraft and Rockets	2	否			0022-4650			cas:0826	兵器科学与技术	082602	兵器发射理论与技术	manual_source_verified	manually_verified	high
IEEE Transactions on Aerospace and Electronic Systems	1	是			0018-9251			cas:0826	兵器科学与技术	082602	兵器发射理论与技术	manual_source_verified	manually_verified	high
Journal of Energetic Materials	2	否			0737-0652			cas:0826	兵器科学与技术	082602	兵器发射理论与技术	manual_source_verified	manually_verified	high
Combustion and Flame	1	是			0010-2180			cas:0826	兵器科学与技术	082602	兵器发射理论与技术	manual_source_verified	manually_verified	high
Shock and Vibration	2	否			1070-9622			cas:0826	兵器科学与技术	082602	兵器发射理论与技术	manual_source_verified	manually_verified	high
Journal of Mechanical Science and Technology	2	否			1738-494X			cas:0826	兵器科学与技术	082602	兵器发射理论与技术	manual_source_verified	manually_verified	high
Progress in Nuclear Energy	1	是			0149-1970			cas:0827	核科学与技术	082701	核能科学与工程	manual_source_verified	manually_verified	high
Annals of Nuclear Energy	1	是			0306-4549			cas:0827	核科学与技术	082701	核能科学与工程	manual_source_verified	manually_verified	high
Nuclear Engineering and Design	1	是			0029-5493			cas:0827	核科学与技术	082701	核能科学与工程	manual_source_verified	manually_verified	high
Nuclear Engineering and Technology	1	是			1738-5733			cas:0827	核科学与技术	082701	核能科学与工程	manual_source_verified	manually_verified	high
Fusion Engineering and Design	1	是			0920-3796			cas:0827	核科学与技术	082701	核能科学与工程	manual_source_verified	manually_verified	high
IEEE Transactions on Nuclear Science	1	是			0018-9499			cas:0827	核科学与技术	082701	核能科学与工程	manual_source_verified	manually_verified	high
Nuclear Fusion	1	是			0029-5515			cas:0827	核科学与技术	082701	核能科学与工程	manual_source_verified	manually_verified	high
Plasma Physics and Controlled Fusion	1	是			0741-3335			cas:0827	核科学与技术	082701	核能科学与工程	manual_source_verified	manually_verified	high
Journal of Nuclear Science and Technology	2	否			0022-3131			cas:0827	核科学与技术	082701	核能科学与工程	manual_source_verified	manually_verified	high
Nuclear Technology	2	否			0029-5450			cas:0827	核科学与技术	082701	核能科学与工程	manual_source_verified	manually_verified	high
Defence Technology	1	是			2214-9147			cas:0826	兵器科学与技术	082603	火炮、自动武器与弹药工程	manual_source_verified	manually_verified	high
International Journal of Impact Engineering	1	是			0734-743X			cas:0826	兵器科学与技术	082603	火炮、自动武器与弹药工程	manual_source_verified	manually_verified	high
Journal of Energetic Materials	2	否			0737-0652			cas:0826	兵器科学与技术	082603	火炮、自动武器与弹药工程	manual_source_verified	manually_verified	high
IEEE Transactions on Aerospace and Electronic Systems	1	是			0018-9251			cas:0826	兵器科学与技术	082603	火炮、自动武器与弹药工程	manual_source_verified	manually_verified	high
Journal of Applied Mechanics	2	否			0021-8936			cas:0826	兵器科学与技术	082603	火炮、自动武器与弹药工程	manual_source_verified	manually_verified	high
Journal of Mechanical Science and Technology	2	否			1738-494X			cas:0826	兵器科学与技术	082603	火炮、自动武器与弹药工程	manual_source_verified	manually_verified	high
Shock and Vibration	3	否			1070-9622			cas:0826	兵器科学与技术	082603	火炮、自动武器与弹药工程	manual_source_verified	manually_verified	high
Journal of Vibration and Control	2	否			1077-5463			cas:0826	兵器科学与技术	082603	火炮、自动武器与弹药工程	manual_source_verified	manually_verified	high
Journal of Pressure Vessel Technology	3	否			0094-9930			cas:0826	兵器科学与技术	082603	火炮、自动武器与弹药工程	manual_source_verified	manually_verified	high
Journal of Dynamic Behavior of Materials	2	否			2199-7446			cas:0826	兵器科学与技术	082603	火炮、自动武器与弹药工程	manual_source_verified	manually_verified	high
Nuclear Instruments and Methods in Physics Research Section A Accelerators Spectrometers Detectors and Associated Equipment	1	是			0168-9002			cas:0827	核科学与技术	082703	核技术及应用	manual_source_verified	manually_verified	high
Nuclear Instruments and Methods in Physics Research Section B Beam Interactions with Materials and Atoms	2	否			0168-583X			cas:0827	核科学与技术	082703	核技术及应用	manual_source_verified	manually_verified	high
IEEE Transactions on Nuclear Science	1	是			0018-9499			cas:0827	核科学与技术	082703	核技术及应用	manual_source_verified	manually_verified	high
Journal of Nuclear Science and Technology	2	否			0022-3131			cas:0827	核科学与技术	082703	核技术及应用	manual_source_verified	manually_verified	high
Nuclear Engineering and Technology	1	是			1738-5733			cas:0827	核科学与技术	082703	核技术及应用	manual_source_verified	manually_verified	high
Applied Radiation and Isotopes	2	否			0969-8043			cas:0827	核科学与技术	082703	核技术及应用	manual_source_verified	manually_verified	high
Radiation Physics and Chemistry	1	是			0969-806X			cas:0827	核科学与技术	082703	核技术及应用	manual_source_verified	manually_verified	high
Journal of Radioanalytical and Nuclear Chemistry	2	否			0236-5731			cas:0827	核科学与技术	082703	核技术及应用	manual_source_verified	manually_verified	high
Nuclear Technology	2	否			0029-5450			cas:0827	核科学与技术	082703	核技术及应用	manual_source_verified	manually_verified	high
Annals of Nuclear Energy	1	是			0306-4549			cas:0827	核科学与技术	082703	核技术及应用	manual_source_verified	manually_verified	high
Propellants Explosives Pyrotechnics	2	否			0721-3115			cas:0826	兵器科学与技术	082604	军事化学与烟火技术	manual_source_verified	manually_verified	high
Journal of Energetic Materials	2	否			0737-0652			cas:0826	兵器科学与技术	082604	军事化学与烟火技术	manual_source_verified	manually_verified	high
Defence Technology	1	是			2214-9147			cas:0826	兵器科学与技术	082604	军事化学与烟火技术	manual_source_verified	manually_verified	high
Central European Journal of Energetic Materials	3	否			1733-7178			cas:0826	兵器科学与技术	082604	军事化学与烟火技术	manual_source_verified	manually_verified	high
FirePhysChem	2	否			2667-1344			cas:0826	兵器科学与技术	082604	军事化学与烟火技术	manual_source_verified	manually_verified	high
Journal of Thermal Analysis and Calorimetry	2	否			1388-6150			cas:0826	兵器科学与技术	082604	军事化学与烟火技术	manual_source_verified	manually_verified	high
Thermochimica Acta	2	否			0040-6031			cas:0826	兵器科学与技术	082604	军事化学与烟火技术	manual_source_verified	manually_verified	high
Journal of Hazardous Materials	1	是			0304-3894			cas:0826	兵器科学与技术	082604	军事化学与烟火技术	manual_source_verified	manually_verified	high
Journal of Analytical and Applied Pyrolysis	1	是			0165-2370			cas:0826	兵器科学与技术	082604	军事化学与烟火技术	manual_source_verified	manually_verified	high
International Journal of Energetic Materials and Chemical Propulsion	3	否			2150-766X			cas:0826	兵器科学与技术	082604	军事化学与烟火技术	manual_source_verified	manually_verified	high
Journal of Nuclear Materials	1	是			0022-3115			cas:0827	核科学与技术	082702	核燃料循环与材料	manual_source_verified	manually_verified	high
Nuclear Engineering and Design	1	是			0029-5493			cas:0827	核科学与技术	082702	核燃料循环与材料	manual_source_verified	manually_verified	high
Annals of Nuclear Energy	1	是			0306-4549			cas:0827	核科学与技术	082702	核燃料循环与材料	manual_source_verified	manually_verified	high
Progress in Nuclear Energy	1	是			0149-1970			cas:0827	核科学与技术	082702	核燃料循环与材料	manual_source_verified	manually_verified	high
Nuclear Technology	2	否			0029-5450			cas:0827	核科学与技术	082702	核燃料循环与材料	manual_source_verified	manually_verified	high
Journal of Radioanalytical and Nuclear Chemistry	2	否			0236-5731			cas:0827	核科学与技术	082702	核燃料循环与材料	manual_source_verified	manually_verified	high
Nuclear Materials and Energy	2	否			2352-1791			cas:0827	核科学与技术	082702	核燃料循环与材料	manual_source_verified	manually_verified	high
Journal of Nuclear Science and Technology	2	否			0022-3131			cas:0827	核科学与技术	082702	核燃料循环与材料	manual_source_verified	manually_verified	high
Nuclear Science and Engineering	2	否			0029-5639			cas:0827	核科学与技术	082702	核燃料循环与材料	manual_source_verified	manually_verified	high
Fusion Engineering and Design	1	是			0920-3796			cas:0827	核科学与技术	082702	核燃料循环与材料	manual_source_verified	manually_verified	high
Journal of Radiological Protection	2	否			0952-4746			cas:0827	核科学与技术	082704	辐射防护及环境保护	manual_source_verified	manually_verified	high
Radiation Protection Dosimetry	3	否			0144-8420			cas:0827	核科学与技术	082704	辐射防护及环境保护	manual_source_verified	manually_verified	high
Health Physics	2	否			0017-9078			cas:0827	核科学与技术	082704	辐射防护及环境保护	manual_source_verified	manually_verified	high
Radiation and Environmental Biophysics	2	否			0301-634X			cas:0827	核科学与技术	082704	辐射防护及环境保护	manual_source_verified	manually_verified	high
Journal of Environmental Radioactivity	1	是			0265-931X			cas:0827	核科学与技术	082704	辐射防护及环境保护	manual_source_verified	manually_verified	high
Annals of the ICRP	2	否			0146-6453			cas:0827	核科学与技术	082704	辐射防护及环境保护	manual_source_verified	manually_verified	high
Radiation Measurements	2	否			1350-4487			cas:0827	核科学与技术	082704	辐射防护及环境保护	manual_source_verified	manually_verified	high
Nuclear Engineering and Technology	1	是			1738-5733			cas:0827	核科学与技术	082704	辐射防护及环境保护	manual_source_verified	manually_verified	high
Progress in Nuclear Energy	1	是			0149-1970			cas:0827	核科学与技术	082704	辐射防护及环境保护	manual_source_verified	manually_verified	high
Nuclear Technology	2	否			0029-5450			cas:0827	核科学与技术	082704	辐射防护及环境保护	manual_source_verified	manually_verified	high
Bioresource Technology	1	是			0960-8524			cas:0828	农业工程	082803	农业生物环境与能源工程	manual_source_verified	manually_verified	high
Renewable and Sustainable Energy Reviews	1	是			1364-0321			cas:0828	农业工程	082803	农业生物环境与能源工程	manual_source_verified	manually_verified	high
Applied Energy	1	是			0306-2619			cas:0828	农业工程	082803	农业生物环境与能源工程	manual_source_verified	manually_verified	high
Renewable Energy	1	是			0960-1481			cas:0828	农业工程	082803	农业生物环境与能源工程	manual_source_verified	manually_verified	high
Biomass and Bioenergy	1	是			0961-9534			cas:0828	农业工程	082803	农业生物环境与能源工程	manual_source_verified	manually_verified	high
Biosystems Engineering	1	是			1537-5110			cas:0828	农业工程	082803	农业生物环境与能源工程	manual_source_verified	manually_verified	high
Energy	1	是			0360-5442			cas:0828	农业工程	082803	农业生物环境与能源工程	manual_source_verified	manually_verified	high
Journal of Cleaner Production	1	是			0959-6526			cas:0828	农业工程	082803	农业生物环境与能源工程	manual_source_verified	manually_verified	high
Waste Management	1	是			0956-053X			cas:0828	农业工程	082803	农业生物环境与能源工程	manual_source_verified	manually_verified	high
Environmental Technology & Innovation	1	是			2352-1864			cas:0828	农业工程	082803	农业生物环境与能源工程	manual_source_verified	manually_verified	high
Biosystems Engineering	1	是			1537-5110			cas:0828	农业工程	082804	农业电气化与自动化	manual_source_verified	manually_verified	high
Precision Agriculture	1	是			1385-2256			cas:0828	农业工程	082804	农业电气化与自动化	manual_source_verified	manually_verified	high
IEEE Transactions on AgriFood Electronics	1	是			2771-9529			cas:0828	农业工程	082804	农业电气化与自动化	manual_source_verified	manually_verified	high
Agricultural Systems	1	是			0308-521X			cas:0828	农业工程	082804	农业电气化与自动化	manual_source_verified	manually_verified	high
Journal of the ASABE	2	否			2769-3295			cas:0828	农业工程	082804	农业电气化与自动化	manual_source_verified	manually_verified	high
Applied Engineering in Agriculture	3	否			0883-8542			cas:0828	农业工程	082804	农业电气化与自动化	manual_source_verified	manually_verified	high
Information Processing in Agriculture	1	是			2214-3173			cas:0828	农业工程	082804	农业电气化与自动化	manual_source_verified	manually_verified	high
Smart Agricultural Technology	1	是			2772-3755			cas:0828	农业工程	082804	农业电气化与自动化	manual_source_verified	manually_verified	high
AgriEngineering	2	否			2624-7402			cas:0828	农业工程	082804	农业电气化与自动化	manual_source_verified	manually_verified	high
Journal of Agricultural Engineering	2	否			1974-7071			cas:0828	农业工程	082804	农业电气化与自动化	manual_source_verified	manually_verified	high
International Journal of Forest Engineering	2	否			1494-2119			cas:0829	林业工程	082901	森林工程	manual_source_verified	manually_verified	high
Croatian journal of forest engineering	2	否			1845-5719			cas:0829	林业工程	082901	森林工程	manual_source_verified	manually_verified	high
Forest Products Journal	3	否			0015-7473			cas:0829	林业工程	082901	森林工程	manual_source_verified	manually_verified	high
European Journal of Wood and Wood Products	2	否			0018-3768			cas:0829	林业工程	082901	森林工程	manual_source_verified	manually_verified	high
Wood Science and Technology	1	是			0043-7719			cas:0829	林业工程	082901	森林工程	manual_source_verified	manually_verified	high
Holzforschung	1	是			0018-3830			cas:0829	林业工程	082901	森林工程	manual_source_verified	manually_verified	high
BioResources	2	否			1930-2126			cas:0829	林业工程	082901	森林工程	manual_source_verified	manually_verified	high
Journal of Forest Research	2	否			1341-6979			cas:0829	林业工程	082901	森林工程	manual_source_verified	manually_verified	high
Scandinavian Journal of Forest Research	2	否			0282-7581			cas:0829	林业工程	082901	森林工程	manual_source_verified	manually_verified	high
Forest Science	2	否			0015-749X			cas:0829	林业工程	082901	森林工程	manual_source_verified	manually_verified	high
Irrigation Science	1	是			0342-7188			cas:0828	农业工程	082802	农业水土工程	manual_source_verified	manually_verified	high
Journal of Irrigation and Drainage Engineering	2	否			0733-9437			cas:0828	农业工程	082802	农业水土工程	manual_source_verified	manually_verified	high
Vadose Zone Journal	1	是			1539-1663			cas:0828	农业工程	082802	农业水土工程	manual_source_verified	manually_verified	high
Soil and Tillage Research	1	是			0167-1987			cas:0828	农业工程	082802	农业水土工程	manual_source_verified	manually_verified	high
Journal of Hydrology	1	是			0022-1694			cas:0828	农业工程	082802	农业水土工程	manual_source_verified	manually_verified	high
Hydrological Processes	2	否			0885-6087			cas:0828	农业工程	082802	农业水土工程	manual_source_verified	manually_verified	high
Water Resources Research	1	是			0043-1397			cas:0828	农业工程	082802	农业水土工程	manual_source_verified	manually_verified	high
Journal of Soil and Water Conservation	2	否			0022-4561			cas:0828	农业工程	082802	农业水土工程	manual_source_verified	manually_verified	high
Paddy and Water Environment	2	否			1611-2490			cas:0828	农业工程	082802	农业水土工程	manual_source_verified	manually_verified	high
Irrigation and Drainage	2	否			1531-0353			cas:0828	农业工程	082802	农业水土工程	manual_source_verified	manually_verified	high
Nature Climate Change	1	是			1758-678X			cas:0830	环境科学与工程	083001	环境科学	manual_source_verified	manually_verified	high
Energy & Environmental Science	1	是			1754-5692			cas:0830	环境科学与工程	083001	环境科学	manual_source_verified	manually_verified	high
Environmental Science & Technology	1	是			0013-936X			cas:0830	环境科学与工程	083001	环境科学	manual_source_verified	manually_verified	high
Water Research	1	是			0043-1354			cas:0830	环境科学与工程	083001	环境科学	manual_source_verified	manually_verified	high
Global Change Biology	1	是			1354-1013			cas:0830	环境科学与工程	083001	环境科学	manual_source_verified	manually_verified	high
Environment International	1	是			0160-4120			cas:0830	环境科学与工程	083001	环境科学	manual_source_verified	manually_verified	high
Journal of Hazardous Materials	1	是			0304-3894			cas:0830	环境科学与工程	083001	环境科学	manual_source_verified	manually_verified	high
The Science of The Total Environment	1	是			0048-9697			cas:0830	环境科学与工程	083001	环境科学	manual_source_verified	manually_verified	high
Environmental Pollution	1	是			0269-7491			cas:0830	环境科学与工程	083001	环境科学	manual_source_verified	manually_verified	high
Chemosphere	1	是			0045-6535			cas:0830	环境科学与工程	083001	环境科学	manual_source_verified	manually_verified	high
Green Chemistry	1	是			1463-9262			cas:0829	林业工程	082903	林产化学加工工程	manual_source_verified	manually_verified	high
ChemSusChem	1	是			1864-5631			cas:0829	林业工程	082903	林产化学加工工程	manual_source_verified	manually_verified	high
Industrial Crops and Products	1	是			0926-6690			cas:0829	林业工程	082903	林产化学加工工程	manual_source_verified	manually_verified	high
ACS Sustainable Chemistry & Engineering	1	是			2168-0485			cas:0829	林业工程	082903	林产化学加工工程	manual_source_verified	manually_verified	high
Journal of Analytical and Applied Pyrolysis	1	是			0165-2370			cas:0829	林业工程	082903	林产化学加工工程	manual_source_verified	manually_verified	high
Wood Science and Technology	2	否			0043-7719			cas:0829	林业工程	082903	林产化学加工工程	manual_source_verified	manually_verified	high
Holzforschung	2	否			0018-3830			cas:0829	林业工程	082903	林产化学加工工程	manual_source_verified	manually_verified	high
Journal of Wood Chemistry and Technology	2	否			0277-3813			cas:0829	林业工程	082903	林产化学加工工程	manual_source_verified	manually_verified	high
Cellulose	1	是			0969-0239			cas:0829	林业工程	082903	林产化学加工工程	manual_source_verified	manually_verified	high
Biomass Conversion and Biorefinery	2	否			2190-6815			cas:0829	林业工程	082903	林产化学加工工程	manual_source_verified	manually_verified	high
Holzforschung	1	是			0018-3830			cas:0829	林业工程	082902	木材科学与技术	manual_source_verified	manually_verified	high
European Journal of Wood and Wood Products	1	是			0018-3768			cas:0829	林业工程	082902	木材科学与技术	manual_source_verified	manually_verified	high
BioResources	1	是			1930-2126			cas:0829	林业工程	082902	木材科学与技术	manual_source_verified	manually_verified	high
Journal of Wood Science	1	是			1435-0211			cas:0829	林业工程	082902	木材科学与技术	manual_source_verified	manually_verified	high
Forest Products Journal	2	否			0015-7473			cas:0829	林业工程	082902	木材科学与技术	manual_source_verified	manually_verified	high
Wood Material Science and Engineering	1	是			1748-0272			cas:0829	林业工程	082902	木材科学与技术	manual_source_verified	manually_verified	high
Maderas Ciencia y tecnología	2	否			0717-3644			cas:0829	林业工程	082902	木材科学与技术	manual_source_verified	manually_verified	high
Journal of Wood Chemistry and Technology	2	否			0277-3813			cas:0829	林业工程	082902	木材科学与技术	manual_source_verified	manually_verified	high
International Wood Products Journal	2	否			2042-6445			cas:0829	林业工程	082902	木材科学与技术	manual_source_verified	manually_verified	high
Wood and Fiber Science	2	否			0735-6161			cas:0829	林业工程	082902	木材科学与技术	manual_source_verified	manually_verified	high
Computers and Electronics in Agriculture	1	是			0168-1699			cas:0828	农业工程	082801	农业机械化工程	manual_source_verified	manually_verified	high
Precision Agriculture	1	是			1385-2256			cas:0828	农业工程	082801	农业机械化工程	manual_source_verified	manually_verified	high
Transactions of the ASABE	2	否			2151-0032			cas:0828	农业工程	082801	农业机械化工程	manual_source_verified	manually_verified	high
Journal of Agricultural Engineering Research	2	否			0021-8634			cas:0828	农业工程	082801	农业机械化工程	manual_source_verified	manually_verified	high
Applied Engineering in Agriculture	2	否			0883-8542			cas:0828	农业工程	082801	农业机械化工程	manual_source_verified	manually_verified	high
Journal of Biosystems Engineering	2	否			1738-1266			cas:0828	农业工程	082801	农业机械化工程	manual_source_verified	manually_verified	high
Spanish Journal of Agricultural Research	2	否			1695-971X			cas:0828	农业工程	082801	农业机械化工程	manual_source_verified	manually_verified	high
Engenharia Agrícola	3	否			0100-6916			cas:0828	农业工程	082801	农业机械化工程	manual_source_verified	manually_verified	high
INMATEH Agricultural Engineering	3	否			2068-4215			cas:0828	农业工程	082801	农业机械化工程	manual_source_verified	manually_verified	high
Environmental Science & Technology	1	是			0013-936X			cas:0830	环境科学与工程	083002	环境工程	manual_source_verified	manually_verified	high
Water Research	1	是			0043-1354			cas:0830	环境科学与工程	083002	环境工程	manual_source_verified	manually_verified	high
Applied Catalysis B Environment and Energy	1	是			0926-3373			cas:0830	环境科学与工程	083002	环境工程	manual_source_verified	manually_verified	high
Bioresource Technology	1	是			0960-8524			cas:0830	环境科学与工程	083002	环境工程	manual_source_verified	manually_verified	high
Journal of Hazardous Materials	1	是			0304-3894			cas:0830	环境科学与工程	083002	环境工程	manual_source_verified	manually_verified	high
Chemical Engineering Journal	1	是			1385-8947			cas:0830	环境科学与工程	083002	环境工程	manual_source_verified	manually_verified	high
Environmental Pollution	1	是			0269-7491			cas:0830	环境科学与工程	083002	环境工程	manual_source_verified	manually_verified	high
The Science of The Total Environment	1	是			0048-9697			cas:0830	环境科学与工程	083002	环境工程	manual_source_verified	manually_verified	high
Chemosphere	1	是			0045-6535			cas:0830	环境科学与工程	083002	环境工程	manual_source_verified	manually_verified	high
Journal of Cleaner Production	1	是			0959-6526			cas:0830	环境科学与工程	083002	环境工程	manual_source_verified	manually_verified	high
Crop Science	1	是			0011-183X			cas:0905	畜牧学	090503	草业科学	manual_source_verified	manually_verified	high
Agronomy Journal	1	是			0002-1962			cas:0905	畜牧学	090503	草业科学	manual_source_verified	manually_verified	high
Field Crops Research	1	是			0378-4290			cas:0905	畜牧学	090503	草业科学	manual_source_verified	manually_verified	high
Rangeland Ecology & Management	1	是			1550-7424			cas:0905	畜牧学	090503	草业科学	manual_source_verified	manually_verified	high
Journal of Agronomy and Crop Science	1	是			0931-2250			cas:0905	畜牧学	090503	草业科学	manual_source_verified	manually_verified	high
Grassland Science	2	否			1744-6961			cas:0905	畜牧学	090503	草业科学	manual_source_verified	manually_verified	high
African Journal of Range and Forage Science	2	否			1022-0119			cas:0905	畜牧学	090503	草业科学	manual_source_verified	manually_verified	high
Australian Journal of Agricultural Research	2	否			1836-0947			cas:0905	畜牧学	090503	草业科学	manual_source_verified	manually_verified	high
New Zealand Journal of Agricultural Research	2	否			0028-8233			cas:0905	畜牧学	090503	草业科学	manual_source_verified	manually_verified	high
Tropical Grasslands - Forrajes Tropicales	2	否			2346-3775			cas:0905	畜牧学	090503	草业科学	manual_source_verified	manually_verified	high
Comprehensive Reviews in Food Science and Food Safety	1	是			1541-4337			cas:0832	食品科学与工程	083204	水产品加工及贮藏工程	manual_source_verified	manually_verified	high
Trends in Food Science & Technology	1	是			0924-2244			cas:0832	食品科学与工程	083204	水产品加工及贮藏工程	manual_source_verified	manually_verified	high
Critical Reviews in Food Science and Nutrition	1	是			1040-8398			cas:0832	食品科学与工程	083204	水产品加工及贮藏工程	manual_source_verified	manually_verified	high
Food Hydrocolloids	1	是			0268-005X			cas:0832	食品科学与工程	083204	水产品加工及贮藏工程	manual_source_verified	manually_verified	high
Food Chemistry	1	是			0308-8146			cas:0832	食品科学与工程	083204	水产品加工及贮藏工程	manual_source_verified	manually_verified	high
Journal of Agricultural and Food Chemistry	1	是			0021-8561			cas:0832	食品科学与工程	083204	水产品加工及贮藏工程	manual_source_verified	manually_verified	high
LWT	1	是			0023-6438			cas:0832	食品科学与工程	083204	水产品加工及贮藏工程	manual_source_verified	manually_verified	high
Food Research International	1	是			0963-9969			cas:0832	食品科学与工程	083204	水产品加工及贮藏工程	manual_source_verified	manually_verified	high
Journal of Food Engineering	1	是			0260-8774			cas:0832	食品科学与工程	083204	水产品加工及贮藏工程	manual_source_verified	manually_verified	high
Innovative Food Science & Emerging Technologies	1	是			1466-8564			cas:0832	食品科学与工程	083204	水产品加工及贮藏工程	manual_source_verified	manually_verified	high
Nature Biomedical Engineering	1	是			2157-846X			cas:0831	生物医学工程	083100	生物医学工程	manual_source_verified	manually_verified	high
Biosensors and Bioelectronics	1	是			0956-5663			cas:0831	生物医学工程	083100	生物医学工程	manual_source_verified	manually_verified	high
IEEE Transactions on Medical Imaging	1	是			0278-0062			cas:0831	生物医学工程	083100	生物医学工程	manual_source_verified	manually_verified	high
Medical Image Analysis	1	是			1361-8415			cas:0831	生物医学工程	083100	生物医学工程	manual_source_verified	manually_verified	high
Acta Biomaterialia	1	是			1742-7061			cas:0831	生物医学工程	083100	生物医学工程	manual_source_verified	manually_verified	high
Biofabrication	1	是			1758-5082			cas:0831	生物医学工程	083100	生物医学工程	manual_source_verified	manually_verified	high
Journal of Neural Engineering	1	是			1741-2560			cas:0831	生物医学工程	083100	生物医学工程	manual_source_verified	manually_verified	high
IEEE Transactions on Biomedical Engineering	1	是			0018-9294			cas:0831	生物医学工程	083100	生物医学工程	manual_source_verified	manually_verified	high
Tissue Engineering Part B Reviews	1	是			1937-3368			cas:0831	生物医学工程	083100	生物医学工程	manual_source_verified	manually_verified	high
Journal of Biomedical Optics	2	否			1083-3668			cas:0831	生物医学工程	083100	生物医学工程	manual_source_verified	manually_verified	high
Journal of Insects as Food and Feed	1	是			2352-4588			cas:0905	畜牧学	090504	特种经济动物饲养	manual_source_verified	manually_verified	high
Apidologie	1	是			0044-8435			cas:0905	畜牧学	090504	特种经济动物饲养	manual_source_verified	manually_verified	high
Insect Science	1	是			1672-9609			cas:0905	畜牧学	090504	特种经济动物饲养	manual_source_verified	manually_verified	high
Journal of Apicultural Research	2	否			0021-8839			cas:0905	畜牧学	090504	特种经济动物饲养	manual_source_verified	manually_verified	high
Journal of Economic Entomology	1	是			0022-0493			cas:0905	畜牧学	090504	特种经济动物饲养	manual_source_verified	manually_verified	high
Animal Feed Science and Technology	1	是			0377-8401			cas:0905	畜牧学	090504	特种经济动物饲养	manual_source_verified	manually_verified	high
Tropical Animal Health and Production	2	否			0049-4747			cas:0905	畜牧学	090504	特种经济动物饲养	manual_source_verified	manually_verified	high
Journal of Applied Animal Research	2	否			0971-2119			cas:0905	畜牧学	090504	特种经济动物饲养	manual_source_verified	manually_verified	high
Archives of Insect Biochemistry and Physiology	2	否			0739-4462			cas:0905	畜牧学	090504	特种经济动物饲养	manual_source_verified	manually_verified	high
Journal of Stored Products Research	1	是			0022-474X			cas:0905	畜牧学	090504	特种经济动物饲养	manual_source_verified	manually_verified	high
Journal of Agricultural and Food Chemistry	1	是			0021-8561			cas:0902	园艺学	090203	茶学	manual_source_verified	manually_verified	high
Food Chemistry	1	是			0308-8146			cas:0902	园艺学	090203	茶学	manual_source_verified	manually_verified	high
LWT	1	是			0023-6438			cas:0902	园艺学	090203	茶学	manual_source_verified	manually_verified	high
Journal of Food Composition and Analysis	1	是			0889-1575			cas:0902	园艺学	090203	茶学	manual_source_verified	manually_verified	high
Journal of the Science of Food and Agriculture	1	是			0022-5142			cas:0902	园艺学	090203	茶学	manual_source_verified	manually_verified	high
Food Quality and Preference	1	是			0950-3293			cas:0902	园艺学	090203	茶学	manual_source_verified	manually_verified	high
Plant Foods for Human Nutrition	2	否			0921-9668			cas:0902	园艺学	090203	茶学	manual_source_verified	manually_verified	high
Journal of Food Science	2	否			0022-1147			cas:0902	园艺学	090203	茶学	manual_source_verified	manually_verified	high
European Food Research and Technology	2	否			1438-2377			cas:0902	园艺学	090203	茶学	manual_source_verified	manually_verified	high
Beverages	2	否			2306-5710			cas:0902	园艺学	090203	茶学	manual_source_verified	manually_verified	high
Tree Genetics & Genomes	2	否			1614-2942			cas:0907	林学	090701	林木遗传育种	manual_source_verified	manually_verified	high
Forest Ecology and Management	1	是			0378-1127			cas:0907	林学	090701	林木遗传育种	manual_source_verified	manually_verified	high
Canadian Journal of Forest Research	2	否			0045-5067			cas:0907	林学	090701	林木遗传育种	manual_source_verified	manually_verified	high
Annals of Forest Science	1	是			1286-4560			cas:0907	林学	090701	林木遗传育种	manual_source_verified	manually_verified	high
New Forests	2	否			0169-4286			cas:0907	林学	090701	林木遗传育种	manual_source_verified	manually_verified	high
Silvae Genetica	3	否			2509-8934			cas:0907	林学	090701	林木遗传育种	manual_source_verified	manually_verified	high
Scandinavian Journal of Forest Research	2	否			0282-7581			cas:0907	林学	090701	林木遗传育种	manual_source_verified	manually_verified	high
Forest Science	2	否			0015-749X			cas:0907	林学	090701	林木遗传育种	manual_source_verified	manually_verified	high
European Journal of Forest Research	1	是			1612-4669			cas:0907	林学	090701	林木遗传育种	manual_source_verified	manually_verified	high
Journal of Forestry Research	1	是			1007-662X			cas:0907	林学	090701	林木遗传育种	manual_source_verified	manually_verified	high
Conservation Biology	1	是			0888-8892			cas:0907	林学	090705	野生动植物保护与利用	manual_source_verified	manually_verified	high
Diversity and Distributions	1	是			1366-9516			cas:0907	林学	090705	野生动植物保护与利用	manual_source_verified	manually_verified	high
Global Ecology and Conservation	1	是			2351-9894			cas:0907	林学	090705	野生动植物保护与利用	manual_source_verified	manually_verified	high
Journal of Applied Ecology	1	是			0021-8901			cas:0907	林学	090705	野生动植物保护与利用	manual_source_verified	manually_verified	high
Oryx	1	是			0030-6053			cas:0907	林学	090705	野生动植物保护与利用	manual_source_verified	manually_verified	high
Wildlife Biology	2	否			0909-6396			cas:0907	林学	090705	野生动植物保护与利用	manual_source_verified	manually_verified	high
European Journal of Wildlife Research	2	否			1612-4642			cas:0907	林学	090705	野生动植物保护与利用	manual_source_verified	manually_verified	high
Wildlife Research	2	否			1035-3712			cas:0907	林学	090705	野生动植物保护与利用	manual_source_verified	manually_verified	high
The Journal of Wildlife Management	2	否			0022-541X			cas:0907	林学	090705	野生动植物保护与利用	manual_source_verified	manually_verified	high
Animal Conservation	1	是			1367-9430			cas:0907	林学	090705	野生动植物保护与利用	manual_source_verified	manually_verified	high
HortScience	2	否			0018-5345			cas:0907	林学	090706	园林植物与观赏园艺	manual_source_verified	manually_verified	high
Scientia Horticulturae	1	是			0304-4238			cas:0907	林学	090706	园林植物与观赏园艺	manual_source_verified	manually_verified	high
Journal of the American Society for Horticultural Science	2	否			0003-1062			cas:0907	林学	090706	园林植物与观赏园艺	manual_source_verified	manually_verified	high
Euphytica	2	否			0014-2336			cas:0907	林学	090706	园林植物与观赏园艺	manual_source_verified	manually_verified	high
Plant Cell Tissue and Organ Culture (PCTOC)	2	否			0167-6857			cas:0907	林学	090706	园林植物与观赏园艺	manual_source_verified	manually_verified	high
BMC Plant Biology	1	是			1471-2229			cas:0907	林学	090706	园林植物与观赏园艺	manual_source_verified	manually_verified	high
Frontiers in Plant Science	1	是			1664-462X			cas:0907	林学	090706	园林植物与观赏园艺	manual_source_verified	manually_verified	high
Horticulture Research	1	是			2662-6810			cas:0907	林学	090706	园林植物与观赏园艺	manual_source_verified	manually_verified	high
Ornamental Horticulture	3	否			2447-536X			cas:0907	林学	090706	园林植物与观赏园艺	manual_source_verified	manually_verified	high
Landscape and Urban Planning	1	是			0169-2046			cas:0907	林学	090706	园林植物与观赏园艺	manual_source_verified	manually_verified	high
Immunity	1	是			1074-7613			cas:1001	基础医学	100102	免疫学	manual_source_verified	manually_verified	high
Nature Immunology	1	是			1529-2908			cas:1001	基础医学	100102	免疫学	manual_source_verified	manually_verified	high
Nature Reviews Immunology	1	是			1474-1733			cas:1001	基础医学	100102	免疫学	manual_source_verified	manually_verified	high
Journal of Experimental Medicine	1	是			0022-1007			cas:1001	基础医学	100102	免疫学	manual_source_verified	manually_verified	high
Journal of Allergy and Clinical Immunology	1	是			0091-6749			cas:1001	基础医学	100102	免疫学	manual_source_verified	manually_verified	high
The Journal of Immunology	1	是			0022-1767			cas:1001	基础医学	100102	免疫学	manual_source_verified	manually_verified	high
European Journal of Immunology	1	是			0014-2980			cas:1001	基础医学	100102	免疫学	manual_source_verified	manually_verified	high
Frontiers in Immunology	1	是			1664-3224			cas:1001	基础医学	100102	免疫学	manual_source_verified	manually_verified	high
Cellular and Molecular Immunology	1	是			1672-7681			cas:1001	基础医学	100102	免疫学	manual_source_verified	manually_verified	high
Clinical & Experimental Immunology	2	否			0009-9104			cas:1001	基础医学	100102	免疫学	manual_source_verified	manually_verified	high
Anatomical Sciences Education	1	是			1935-9772			cas:1001	基础医学	100101	人体解剖和组织胚胎学	manual_source_verified	manually_verified	high
Cells Tissues Organs	2	否			1422-6405			cas:1001	基础医学	100101	人体解剖和组织胚胎学	manual_source_verified	manually_verified	high
Clinical Anatomy	1	是			0897-3806			cas:1001	基础医学	100101	人体解剖和组织胚胎学	manual_source_verified	manually_verified	high
Annals of Anatomy - Anatomischer Anzeiger	1	是			0940-9602			cas:1001	基础医学	100101	人体解剖和组织胚胎学	manual_source_verified	manually_verified	high
Journal of Histochemistry & Cytochemistry	2	否			0022-1554			cas:1001	基础医学	100101	人体解剖和组织胚胎学	manual_source_verified	manually_verified	high
Tissue and Cell	2	否			0040-8166			cas:1001	基础医学	100101	人体解剖和组织胚胎学	manual_source_verified	manually_verified	high
Histochemistry and Cell Biology	1	是			0948-6143			cas:1001	基础医学	100101	人体解剖和组织胚胎学	manual_source_verified	manually_verified	high
Microscopy Research and Technique	2	否			1059-910X			cas:1001	基础医学	100101	人体解剖和组织胚胎学	manual_source_verified	manually_verified	high
Journal of Morphology	2	否			0362-2525			cas:1001	基础医学	100101	人体解剖和组织胚胎学	manual_source_verified	manually_verified	high
The Anatomical Record	2	否			1932-8486			cas:1001	基础医学	100101	人体解剖和组织胚胎学	manual_source_verified	manually_verified	high
Cell Host & Microbe	1	是			1931-3128			cas:1001	基础医学	100103	病原生物学	manual_source_verified	manually_verified	high
Nature Microbiology	1	是			2058-5276			cas:1001	基础医学	100103	病原生物学	manual_source_verified	manually_verified	high
The Lancet Microbe	1	是			2666-5247			cas:1001	基础医学	100103	病原生物学	manual_source_verified	manually_verified	high
Emerging Infectious Diseases	1	是			1080-6040			cas:1001	基础医学	100103	病原生物学	manual_source_verified	manually_verified	high
Journal of Virology	1	是			0022-538X			cas:1001	基础医学	100103	病原生物学	manual_source_verified	manually_verified	high
mBio	1	是			2161-2129			cas:1001	基础医学	100103	病原生物学	manual_source_verified	manually_verified	high
Clinical Microbiology and Infection	1	是			1198-743X			cas:1001	基础医学	100103	病原生物学	manual_source_verified	manually_verified	high
Virulence	1	是			2150-5594			cas:1001	基础医学	100103	病原生物学	manual_source_verified	manually_verified	high
Infection and Immunity	2	否			0019-9567			cas:1001	基础医学	100103	病原生物学	manual_source_verified	manually_verified	high
Microbial Pathogenesis	2	否			0882-4010			cas:1001	基础医学	100103	病原生物学	manual_source_verified	manually_verified	high
Annual Review of Pathology Mechanisms of Disease	1	是			1553-4006			cas:1001	基础医学	100104	病理学与病理生理学	manual_source_verified	manually_verified	high
Cell Host & Microbe	1	是			1931-3128			cas:1001	基础医学	100104	病理学与病理生理学	manual_source_verified	manually_verified	high
The Journal of Pathology	1	是			0022-3417			cas:1001	基础医学	100104	病理学与病理生理学	manual_source_verified	manually_verified	high
Modern Pathology	1	是			0893-3952			cas:1001	基础医学	100104	病理学与病理生理学	manual_source_verified	manually_verified	high
Acta Neuropathologica	1	是			0001-6322			cas:1001	基础医学	100104	病理学与病理生理学	manual_source_verified	manually_verified	high
American Journal Of Pathology	1	是			0002-9440			cas:1001	基础医学	100104	病理学与病理生理学	manual_source_verified	manually_verified	high
Journal of Molecular Diagnostics	1	是			1525-1578			cas:1001	基础医学	100104	病理学与病理生理学	manual_source_verified	manually_verified	high
Laboratory Investigation	1	是			0023-6837			cas:1001	基础医学	100104	病理学与病理生理学	manual_source_verified	manually_verified	high
Virchows Archiv	1	是			0945-6317			cas:1001	基础医学	100104	病理学与病理生理学	manual_source_verified	manually_verified	high
Histopathology	1	是			0309-0167			cas:1001	基础医学	100104	病理学与病理生理学	manual_source_verified	manually_verified	high
International Journal of Radiation Oncology*Biology*Physics	1	是			0360-3016			cas:1001	基础医学	100106	放射医学	manual_source_verified	manually_verified	high
Radiotherapy and Oncology	1	是			0167-8140			cas:1001	基础医学	100106	放射医学	manual_source_verified	manually_verified	high
Radiation Research	1	是			0033-7587			cas:1001	基础医学	100106	放射医学	manual_source_verified	manually_verified	high
Medical Physics	1	是			0094-2405			cas:1001	基础医学	100106	放射医学	manual_source_verified	manually_verified	high
Physics in Medicine and Biology	1	是			0031-9155			cas:1001	基础医学	100106	放射医学	manual_source_verified	manually_verified	high
Journal of Nuclear Medicine	1	是			0161-5505			cas:1001	基础医学	100106	放射医学	manual_source_verified	manually_verified	high
European Journal of Nuclear Medicine and Molecular Imaging	1	是			1619-7070			cas:1001	基础医学	100106	放射医学	manual_source_verified	manually_verified	high
Clinical Nuclear Medicine	1	是			0363-9762			cas:1001	基础医学	100106	放射医学	manual_source_verified	manually_verified	high
Seminars in Radiation Oncology	1	是			1053-4296			cas:1001	基础医学	100106	放射医学	manual_source_verified	manually_verified	high
Strahlentherapie und Onkologie	1	是			0179-7158			cas:1001	基础医学	100106	放射医学	manual_source_verified	manually_verified	high
Land Degradation and Development	1	是			1085-3278			cas:0907	林学	090707	水土保持与荒漠化防治	manual_source_verified	manually_verified	high
Soil and Tillage Research	1	是			0167-1987			cas:0907	林学	090707	水土保持与荒漠化防治	manual_source_verified	manually_verified	high
Geoderma	1	是			0016-7061			cas:0907	林学	090707	水土保持与荒漠化防治	manual_source_verified	manually_verified	high
Journal of Hydrology	1	是			0022-1694			cas:0907	林学	090707	水土保持与荒漠化防治	manual_source_verified	manually_verified	high
Agricultural Water Management	1	是			0378-3774			cas:0907	林学	090707	水土保持与荒漠化防治	manual_source_verified	manually_verified	high
Ecological Engineering	2	否			0925-8574			cas:0907	林学	090707	水土保持与荒漠化防治	manual_source_verified	manually_verified	high
Restoration Ecology	2	否			1061-2971			cas:0907	林学	090707	水土保持与荒漠化防治	manual_source_verified	manually_verified	high
Arid Land Research and Management	2	否			1532-4982			cas:0907	林学	090707	水土保持与荒漠化防治	manual_source_verified	manually_verified	high
Journal of Soil and Water Conservation	2	否			0022-4561			cas:0907	林学	090707	水土保持与荒漠化防治	manual_source_verified	manually_verified	high
International Soil and Water Conservation Research	1	是			2095-6339			cas:0907	林学	090707	水土保持与荒漠化防治	manual_source_verified	manually_verified	high
Aerospace Medicine and Human Performance	2	否			2375-6314			cas:1001	基础医学	100107	航空、航天与航海医学	manual_source_verified	manually_verified	high
Aviation Space and Environmental Medicine	2	否			0095-6562			cas:1001	基础医学	100107	航空、航天与航海医学	manual_source_verified	manually_verified	high
Undersea and Hyperbaric Medicine	3	否			1066-2936			cas:1001	基础医学	100107	航空、航天与航海医学	manual_source_verified	manually_verified	high
Diving and Hyperbaric Medicine Journal	2	否			1833-3516			cas:1001	基础医学	100107	航空、航天与航海医学	manual_source_verified	manually_verified	high
Journal of Applied Physiology	1	是			8750-7587			cas:1001	基础医学	100107	航空、航天与航海医学	manual_source_verified	manually_verified	high
European Journal of Applied Physiology	2	否			1439-6319			cas:1001	基础医学	100107	航空、航天与航海医学	manual_source_verified	manually_verified	high
Extreme Physiology & Medicine	2	否			2046-7648			cas:1001	基础医学	100107	航空、航天与航海医学	manual_source_verified	manually_verified	high
High Altitude Medicine & Biology	2	否			1527-0297			cas:1001	基础医学	100107	航空、航天与航海医学	manual_source_verified	manually_verified	high
Journal of Vestibular Research	3	否			0957-4271			cas:1001	基础医学	100107	航空、航天与航海医学	manual_source_verified	manually_verified	high
Frontiers in Physiology	1	是			1664-042X			cas:1001	基础医学	100107	航空、航天与航海医学	manual_source_verified	manually_verified	high
International Journal of Legal Medicine	1	是			0937-9827			cas:1001	基础医学	100105	法医学	manual_source_verified	manually_verified	high
Forensic Science International Genetics	1	是			1872-4973			cas:1001	基础医学	100105	法医学	manual_source_verified	manually_verified	high
Journal of Forensic and Legal Medicine	2	否			1752-928X			cas:1001	基础医学	100105	法医学	manual_source_verified	manually_verified	high
Legal Medicine	2	否			1344-6223			cas:1001	基础医学	100105	法医学	manual_source_verified	manually_verified	high
American Journal of Forensic Medicine & Pathology	3	否			0195-7910			cas:1001	基础医学	100105	法医学	manual_source_verified	manually_verified	high
Journal of Forensic Sciences	2	否			0022-1198			cas:1001	基础医学	100105	法医学	manual_source_verified	manually_verified	high
Medicine Science and the Law	3	否			0025-8024			cas:1001	基础医学	100105	法医学	manual_source_verified	manually_verified	high
Australian Journal of Forensic Sciences	3	否			0045-0618			cas:1001	基础医学	100105	法医学	manual_source_verified	manually_verified	high
Forensic Science Medicine and Pathology	2	否			1547-769X			cas:1001	基础医学	100105	法医学	manual_source_verified	manually_verified	high
Romanian Journal of Legal Medicine	3	否			1221-8618			cas:1001	基础医学	100105	法医学	manual_source_verified	manually_verified	high
The New England Journal of Medicine and Surgery and the Collateral Branches of Science	1	是			0028-4793			cas:1002	临床医学	100201	内科学	manual_source_verified	manually_verified	high
The Lancet	1	是			0140-6736			cas:1002	临床医学	100201	内科学	manual_source_verified	manually_verified	high
JAMA Internal Medicine	1	是			2168-6106			cas:1002	临床医学	100201	内科学	manual_source_verified	manually_verified	high
Annals of Internal Medicine	1	是			0003-4819			cas:1002	临床医学	100201	内科学	manual_source_verified	manually_verified	high
BMJ	1	是			0959-8138			cas:1002	临床医学	100201	内科学	manual_source_verified	manually_verified	high
Nature Medicine	1	是			1078-8956			cas:1002	临床医学	100201	内科学	manual_source_verified	manually_verified	high
Journal of Clinical Investigation	1	是			0021-9738			cas:1002	临床医学	100201	内科学	manual_source_verified	manually_verified	high
PLoS Medicine	1	是			1549-1277			cas:1002	临床医学	100201	内科学	manual_source_verified	manually_verified	high
The American Journal of Medicine	1	是			0002-9343			cas:1002	临床医学	100201	内科学	manual_source_verified	manually_verified	high
European Journal of Internal Medicine	1	是			0953-6205			cas:1002	临床医学	100201	内科学	manual_source_verified	manually_verified	high
The Lancet Healthy Longevity	1	是			2666-7568			cas:1002	临床医学	100203	老年医学	manual_source_verified	manually_verified	high
Journal of the American Geriatrics Society	1	是			0002-8614			cas:1002	临床医学	100203	老年医学	manual_source_verified	manually_verified	high
Age and Ageing	1	是			0002-0729			cas:1002	临床医学	100203	老年医学	manual_source_verified	manually_verified	high
The Journals of Gerontology Series A	1	是			1079-5006			cas:1002	临床医学	100203	老年医学	manual_source_verified	manually_verified	high
Aging Cell	1	是			1474-9718			cas:1002	临床医学	100203	老年医学	manual_source_verified	manually_verified	high
GeroScience	1	是			2509-2715			cas:1002	临床医学	100203	老年医学	manual_source_verified	manually_verified	high
BMC Geriatrics	1	是			1471-2318			cas:1002	临床医学	100203	老年医学	manual_source_verified	manually_verified	high
European Geriatric Medicine	1	是			1878-7649			cas:1002	临床医学	100203	老年医学	manual_source_verified	manually_verified	high
Journal of the American Medical Directors Association	1	是			1525-8610			cas:1002	临床医学	100203	老年医学	manual_source_verified	manually_verified	high
Aging and Disease	1	是			2152-5250			cas:1002	临床医学	100203	老年医学	manual_source_verified	manually_verified	high
PEDIATRICS	1	是			0031-4005			cas:1002	临床医学	100202	儿科学	manual_source_verified	manually_verified	high
The Lancet Child & Adolescent Health	1	是			2352-4642			cas:1002	临床医学	100202	儿科学	manual_source_verified	manually_verified	high
The Journal of Pediatrics	1	是			0022-3476			cas:1002	临床医学	100202	儿科学	manual_source_verified	manually_verified	high
Archives of Disease in Childhood	1	是			0003-9888			cas:1002	临床医学	100202	儿科学	manual_source_verified	manually_verified	high
Pediatric Research	1	是			0031-3998			cas:1002	临床医学	100202	儿科学	manual_source_verified	manually_verified	high
European Journal of Pediatrics	1	是			0340-6199			cas:1002	临床医学	100202	儿科学	manual_source_verified	manually_verified	high
Pediatric Pulmonology	1	是			8755-6863			cas:1002	临床医学	100202	儿科学	manual_source_verified	manually_verified	high
Pediatric Allergy and Immunology	1	是			0905-6157			cas:1002	临床医学	100202	儿科学	manual_source_verified	manually_verified	high
Pediatric Blood & Cancer	1	是			1545-5009			cas:1002	临床医学	100202	儿科学	manual_source_verified	manually_verified	high
Journal of Pediatric Gastroenterology and Nutrition	1	是			0277-2116			cas:1002	临床医学	100202	儿科学	manual_source_verified	manually_verified	high
The Lancet Neurology	1	是			1474-4422			cas:1002	临床医学	100204	神经病学	manual_source_verified	manually_verified	high
Nature Reviews Neurology	1	是			1759-4758			cas:1002	临床医学	100204	神经病学	manual_source_verified	manually_verified	high
Acta Neuropathologica	1	是			0001-6322			cas:1002	临床医学	100204	神经病学	manual_source_verified	manually_verified	high
Alzheimer s & Dementia	1	是			1552-5260			cas:1002	临床医学	100204	神经病学	manual_source_verified	manually_verified	high
Annals of Neurology	1	是			0364-5134			cas:1002	临床医学	100204	神经病学	manual_source_verified	manually_verified	high
Brain	1	是			0006-8950			cas:1002	临床医学	100204	神经病学	manual_source_verified	manually_verified	high
JAMA Neurology	1	是			2168-6149			cas:1002	临床医学	100204	神经病学	manual_source_verified	manually_verified	high
Neurology	1	是			0028-3878			cas:1002	临床医学	100204	神经病学	manual_source_verified	manually_verified	high
Movement Disorders	1	是			0885-3185			cas:1002	临床医学	100204	神经病学	manual_source_verified	manually_verified	high
Stroke	1	是			0039-2499			cas:1002	临床医学	100204	神经病学	manual_source_verified	manually_verified	high
World Psychiatry	1	是			1723-8617			cas:1002	临床医学	100205	精神病与精神卫生学	manual_source_verified	manually_verified	high
JAMA Psychiatry	1	是			2168-622X			cas:1002	临床医学	100205	精神病与精神卫生学	manual_source_verified	manually_verified	high
The Lancet Psychiatry	1	是			2215-0366			cas:1002	临床医学	100205	精神病与精神卫生学	manual_source_verified	manually_verified	high
American Journal of Psychiatry	1	是			0002-953X			cas:1002	临床医学	100205	精神病与精神卫生学	manual_source_verified	manually_verified	high
Molecular Psychiatry	1	是			1359-4184			cas:1002	临床医学	100205	精神病与精神卫生学	manual_source_verified	manually_verified	high
Biological Psychiatry	1	是			0006-3223			cas:1002	临床医学	100205	精神病与精神卫生学	manual_source_verified	manually_verified	high
Psychotherapy and Psychosomatics	1	是			0033-3190			cas:1002	临床医学	100205	精神病与精神卫生学	manual_source_verified	manually_verified	high
Schizophrenia Bulletin	1	是			0586-7614			cas:1002	临床医学	100205	精神病与精神卫生学	manual_source_verified	manually_verified	high
The British Journal of Psychiatry	1	是			0007-1250			cas:1002	临床医学	100205	精神病与精神卫生学	manual_source_verified	manually_verified	high
Neuropsychopharmacology	1	是			0893-133X			cas:1002	临床医学	100205	精神病与精神卫生学	manual_source_verified	manually_verified	high
Clinical Chemistry	1	是			0009-9147			cas:1002	临床医学	100208	临床检验诊断学	manual_source_verified	manually_verified	high
Clinical Chemistry and Laboratory Medicine (CCLM)	1	是			1434-6621			cas:1002	临床医学	100208	临床检验诊断学	manual_source_verified	manually_verified	high
Critical Reviews in Clinical Laboratory Sciences	1	是			1040-8363			cas:1002	临床医学	100208	临床检验诊断学	manual_source_verified	manually_verified	high
Clinica Chimica Acta	1	是			0009-8981			cas:1002	临床医学	100208	临床检验诊断学	manual_source_verified	manually_verified	high
Archives of Pathology & Laboratory Medicine	1	是			0003-9985			cas:1002	临床医学	100208	临床检验诊断学	manual_source_verified	manually_verified	high
American Journal of Clinical Pathology	1	是			0002-9173			cas:1002	临床医学	100208	临床检验诊断学	manual_source_verified	manually_verified	high
Journal of Clinical Laboratory Analysis	2	否			0887-8013			cas:1002	临床医学	100208	临床检验诊断学	manual_source_verified	manually_verified	high
Annals of Laboratory Medicine	1	是			2234-3806			cas:1002	临床医学	100208	临床检验诊断学	manual_source_verified	manually_verified	high
Journal of Clinical Pathology	1	是			0021-9746			cas:1002	临床医学	100208	临床检验诊断学	manual_source_verified	manually_verified	high
International Journal of Laboratory Hematology	2	否			1751-5521			cas:1002	临床医学	100208	临床检验诊断学	manual_source_verified	manually_verified	high
Radiology	1	是			0033-8419			cas:1002	临床医学	100207	影像医学与核医学	manual_source_verified	manually_verified	high
Journal of Nuclear Medicine	1	是			0161-5505			cas:1002	临床医学	100207	影像医学与核医学	manual_source_verified	manually_verified	high
European Journal of Nuclear Medicine and Molecular Imaging	1	是			1619-7070			cas:1002	临床医学	100207	影像医学与核医学	manual_source_verified	manually_verified	high
European Radiology	1	是			0938-7994			cas:1002	临床医学	100207	影像医学与核医学	manual_source_verified	manually_verified	high
Investigative Radiology	1	是			0020-9996			cas:1002	临床医学	100207	影像医学与核医学	manual_source_verified	manually_verified	high
American Journal of Roentgenology	1	是			0361-803X			cas:1002	临床医学	100207	影像医学与核医学	manual_source_verified	manually_verified	high
Journal of the American College of Radiology	1	是			1546-1440			cas:1002	临床医学	100207	影像医学与核医学	manual_source_verified	manually_verified	high
Clinical Nuclear Medicine	1	是			0363-9762			cas:1002	临床医学	100207	影像医学与核医学	manual_source_verified	manually_verified	high
Korean Journal of Radiology	1	是			1229-6929			cas:1002	临床医学	100207	影像医学与核医学	manual_source_verified	manually_verified	high
Magnetic Resonance in Medicine	1	是			0740-3194			cas:1002	临床医学	100207	影像医学与核医学	manual_source_verified	manually_verified	high
Journal of the American Academy of Dermatology	1	是			0190-9622			cas:1002	临床医学	100206	皮肤病与性病学	manual_source_verified	manually_verified	high
JAMA Dermatology	1	是			2168-6068			cas:1002	临床医学	100206	皮肤病与性病学	manual_source_verified	manually_verified	high
British Journal of Dermatology	1	是			0007-0963			cas:1002	临床医学	100206	皮肤病与性病学	manual_source_verified	manually_verified	high
Journal of Investigative Dermatology	1	是			0022-202X			cas:1002	临床医学	100206	皮肤病与性病学	manual_source_verified	manually_verified	high
Journal of the European Academy of Dermatology and Venereology	1	是			0926-9959			cas:1002	临床医学	100206	皮肤病与性病学	manual_source_verified	manually_verified	high
American Journal of Clinical Dermatology	1	是			1175-0561			cas:1002	临床医学	100206	皮肤病与性病学	manual_source_verified	manually_verified	high
Dermatologic Clinics	2	否			0733-8635			cas:1002	临床医学	100206	皮肤病与性病学	manual_source_verified	manually_verified	high
Experimental Dermatology	1	是			0906-6705			cas:1002	临床医学	100206	皮肤病与性病学	manual_source_verified	manually_verified	high
Contact Dermatitis	1	是			0105-1873			cas:1002	临床医学	100206	皮肤病与性病学	manual_source_verified	manually_verified	high
Sexually Transmitted Infections	1	是			1368-4973			cas:1002	临床医学	100206	皮肤病与性病学	manual_source_verified	manually_verified	high
Annals of Surgery	1	是			0003-4932			cas:1002	临床医学	100210	外科学	manual_source_verified	manually_verified	high
JAMA Surgery	1	是			2168-6254			cas:1002	临床医学	100210	外科学	manual_source_verified	manually_verified	high
BJS	1	是			0007-1323			cas:1002	临床医学	100210	外科学	manual_source_verified	manually_verified	high
Journal of the American College of Surgeons	1	是			1072-7515			cas:1002	临床医学	100210	外科学	manual_source_verified	manually_verified	high
Annals of Surgical Oncology	1	是			1068-9265			cas:1002	临床医学	100210	外科学	manual_source_verified	manually_verified	high
Surgery	1	是			0039-6060			cas:1002	临床医学	100210	外科学	manual_source_verified	manually_verified	high
World Journal of Surgery	1	是			0364-2313			cas:1002	临床医学	100210	外科学	manual_source_verified	manually_verified	high
Journal of Surgical Research	2	否			0022-4804			cas:1002	临床医学	100210	外科学	manual_source_verified	manually_verified	high
The American Journal of Surgery	2	否			0002-9610			cas:1002	临床医学	100210	外科学	manual_source_verified	manually_verified	high
Surgical Endoscopy	1	是			0930-2794			cas:1002	临床医学	100210	外科学	manual_source_verified	manually_verified	high
Progress in Retinal and Eye Research	1	是			1350-9462			cas:1002	临床医学	100212	眼科学	manual_source_verified	manually_verified	high
Ophthalmology	1	是			0161-6420			cas:1002	临床医学	100212	眼科学	manual_source_verified	manually_verified	high
JAMA Ophthalmology	1	是			2168-6165			cas:1002	临床医学	100212	眼科学	manual_source_verified	manually_verified	high
American Journal of Ophthalmology	1	是			0002-9394			cas:1002	临床医学	100212	眼科学	manual_source_verified	manually_verified	high
Survey of Ophthalmology	1	是			0039-6257			cas:1002	临床医学	100212	眼科学	manual_source_verified	manually_verified	high
British Journal of Ophthalmology	1	是			0007-1161			cas:1002	临床医学	100212	眼科学	manual_source_verified	manually_verified	high
Investigative Ophthalmology & Visual Science	1	是			0146-0404			cas:1002	临床医学	100212	眼科学	manual_source_verified	manually_verified	high
Retina	1	是			0275-004X			cas:1002	临床医学	100212	眼科学	manual_source_verified	manually_verified	high
Experimental Eye Research	1	是			0014-4835			cas:1002	临床医学	100212	眼科学	manual_source_verified	manually_verified	high
Acta Ophthalmologica	1	是			1755-375X			cas:1002	临床医学	100212	眼科学	manual_source_verified	manually_verified	high
American Journal of Obstetrics and Gynecology	1	是			0002-9378			cas:1002	临床医学	100211	妇产科学	manual_source_verified	manually_verified	high
Obstetrics and Gynecology	1	是			0029-7844			cas:1002	临床医学	100211	妇产科学	manual_source_verified	manually_verified	high
BJOG An International Journal of Obstetrics & Gynaecology	1	是			1470-0328			cas:1002	临床医学	100211	妇产科学	manual_source_verified	manually_verified	high
Fertility and Sterility	1	是			0015-0282			cas:1002	临床医学	100211	妇产科学	manual_source_verified	manually_verified	high
Human Reproduction	1	是			0268-1161			cas:1002	临床医学	100211	妇产科学	manual_source_verified	manually_verified	high
Ultrasound in Obstetrics and Gynecology	1	是			0960-7692			cas:1002	临床医学	100211	妇产科学	manual_source_verified	manually_verified	high
Gynecologic Oncology	1	是			0090-8258			cas:1002	临床医学	100211	妇产科学	manual_source_verified	manually_verified	high
International Journal of Gynecological Cancer	1	是			1048-891X			cas:1002	临床医学	100211	妇产科学	manual_source_verified	manually_verified	high
Maturitas	1	是			0378-5122			cas:1002	临床医学	100211	妇产科学	manual_source_verified	manually_verified	high
Reproductive BioMedicine Online	1	是			1472-6483			cas:1002	临床医学	100211	妇产科学	manual_source_verified	manually_verified	high
Journal of Advanced Nursing	1	是			0309-2402			cas:1002	临床医学	100209	护理学	manual_source_verified	manually_verified	high
Nurse Education Today	1	是			0260-6917			cas:1002	临床医学	100209	护理学	manual_source_verified	manually_verified	high
Journal of Clinical Nursing	1	是			0962-1067			cas:1002	临床医学	100209	护理学	manual_source_verified	manually_verified	high
Worldviews on Evidence-Based Nursing	1	是			1545-102X			cas:1002	临床医学	100209	护理学	manual_source_verified	manually_verified	high
Nursing Outlook	1	是			0029-6554			cas:1002	临床医学	100209	护理学	manual_source_verified	manually_verified	high
European Journal of Cardiovascular Nursing	1	是			1474-5151			cas:1002	临床医学	100209	护理学	manual_source_verified	manually_verified	high
Journal of Nursing Scholarship	1	是			1527-6546			cas:1002	临床医学	100209	护理学	manual_source_verified	manually_verified	high
International Journal of Mental Health Nursing	1	是			1445-8330			cas:1002	临床医学	100209	护理学	manual_source_verified	manually_verified	high
Journal of Nursing Management	1	是			0966-0429			cas:1002	临床医学	100209	护理学	manual_source_verified	manually_verified	high
Cancer Nursing	1	是			0162-220X			cas:1002	临床医学	100209	护理学	manual_source_verified	manually_verified	high
JAMA Otolaryngology–Head & Neck Surgery	1	是			2168-6181			cas:1002	临床医学	100213	耳鼻咽喉科学	manual_source_verified	manually_verified	high
Otolaryngology	1	是			0194-5998			cas:1002	临床医学	100213	耳鼻咽喉科学	manual_source_verified	manually_verified	high
The Laryngoscope	1	是			0023-852X			cas:1002	临床医学	100213	耳鼻咽喉科学	manual_source_verified	manually_verified	high
International Forum of Allergy & Rhinology	1	是			2042-6976			cas:1002	临床医学	100213	耳鼻咽喉科学	manual_source_verified	manually_verified	high
Ear & Hearing	1	是			0196-0202			cas:1002	临床医学	100213	耳鼻咽喉科学	manual_source_verified	manually_verified	high
Hearing Research	1	是			0378-5955			cas:1002	临床医学	100213	耳鼻咽喉科学	manual_source_verified	manually_verified	high
Head & Neck	1	是			1043-3074			cas:1002	临床医学	100213	耳鼻咽喉科学	manual_source_verified	manually_verified	high
European Archives of Oto-Rhino-Laryngology	2	否			0937-4477			cas:1002	临床医学	100213	耳鼻咽喉科学	manual_source_verified	manually_verified	high
American Journal of Rhinology	2	否			1945-8924			cas:1002	临床医学	100213	耳鼻咽喉科学	manual_source_verified	manually_verified	high
Annals of Otology Rhinology & Laryngology	2	否			0003-4894			cas:1002	临床医学	100213	耳鼻咽喉科学	manual_source_verified	manually_verified	high
CA A Cancer Journal for Clinicians	1	是			0007-9235			cas:1002	临床医学	100214	肿瘤学	manual_source_verified	manually_verified	high
Nature Reviews Cancer	1	是			1474-175X			cas:1002	临床医学	100214	肿瘤学	manual_source_verified	manually_verified	high
The Lancet Oncology	1	是			1470-2045			cas:1002	临床医学	100214	肿瘤学	manual_source_verified	manually_verified	high
Journal of Clinical Oncology	1	是			0732-183X			cas:1002	临床医学	100214	肿瘤学	manual_source_verified	manually_verified	high
Cancer Cell	1	是			1535-6108			cas:1002	临床医学	100214	肿瘤学	manual_source_verified	manually_verified	high
Cancer Discovery	1	是			2159-8274			cas:1002	临床医学	100214	肿瘤学	manual_source_verified	manually_verified	high
JAMA Oncology	1	是			2374-2437			cas:1002	临床医学	100214	肿瘤学	manual_source_verified	manually_verified	high
Annals of Oncology	1	是			0923-7534			cas:1002	临床医学	100214	肿瘤学	manual_source_verified	manually_verified	high
Molecular Cancer	1	是			1476-4598			cas:1002	临床医学	100214	肿瘤学	manual_source_verified	manually_verified	high
Journal of Thoracic Oncology	1	是			1556-0864			cas:1002	临床医学	100214	肿瘤学	manual_source_verified	manually_verified	high
The American Journal of Sports Medicine	1	是			0363-5465			cas:1002	临床医学	100216	运动医学	manual_source_verified	manually_verified	high
Arthroscopy The Journal of Arthroscopic and Related Surgery	1	是			0749-8063			cas:1002	临床医学	100216	运动医学	manual_source_verified	manually_verified	high
Knee Surgery Sports Traumatology Arthroscopy	1	是			0942-2056			cas:1002	临床医学	100216	运动医学	manual_source_verified	manually_verified	high
Journal of Orthopaedic and Sports Physical Therapy	1	是			0190-6011			cas:1002	临床医学	100216	运动医学	manual_source_verified	manually_verified	high
Medicine & Science in Sports & Exercise	1	是			0195-9131			cas:1002	临床医学	100216	运动医学	manual_source_verified	manually_verified	high
Sports Medicine	1	是			0112-1642			cas:1002	临床医学	100216	运动医学	manual_source_verified	manually_verified	high
Journal of Science and Medicine in Sport	1	是			1440-2440			cas:1002	临床医学	100216	运动医学	manual_source_verified	manually_verified	high
Clinical Journal of Sport Medicine	2	否			1050-642X			cas:1002	临床医学	100216	运动医学	manual_source_verified	manually_verified	high
Journal of Athletic Training	1	是			1062-6050			cas:1002	临床医学	100216	运动医学	manual_source_verified	manually_verified	high
Scandinavian Journal of Medicine and Science in Sports	1	是			0905-7188			cas:1002	临床医学	100216	运动医学	manual_source_verified	manually_verified	high
Neurorehabilitation and Neural Repair	1	是			1545-9683			cas:1002	临床医学	100215	康复医学与理疗学	manual_source_verified	manually_verified	high
Journal of Physiotherapy	1	是			1836-9553			cas:1002	临床医学	100215	康复医学与理疗学	manual_source_verified	manually_verified	high
Annals of Physical and Rehabilitation Medicine	1	是			1877-0657			cas:1002	临床医学	100215	康复医学与理疗学	manual_source_verified	manually_verified	high
Journal of NeuroEngineering and Rehabilitation	1	是			1743-0003			cas:1002	临床医学	100215	康复医学与理疗学	manual_source_verified	manually_verified	high
Archives of Physical Medicine and Rehabilitation	1	是			0003-9993			cas:1002	临床医学	100215	康复医学与理疗学	manual_source_verified	manually_verified	high
Clinical Rehabilitation	1	是			0269-2155			cas:1002	临床医学	100215	康复医学与理疗学	manual_source_verified	manually_verified	high
Physical Therapy	1	是			0031-9023			cas:1002	临床医学	100215	康复医学与理疗学	manual_source_verified	manually_verified	high
Journal of Orthopaedic and Sports Physical Therapy	1	是			0190-6011			cas:1002	临床医学	100215	康复医学与理疗学	manual_source_verified	manually_verified	high
European Journal of Physical and Rehabilitation Medicine	1	是			1973-9087			cas:1002	临床医学	100215	康复医学与理疗学	manual_source_verified	manually_verified	high
American Journal of Physical Medicine & Rehabilitation	2	否			0894-9115			cas:1002	临床医学	100215	康复医学与理疗学	manual_source_verified	manually_verified	high
Anesthesiology	1	是			0003-3022			cas:1002	临床医学	100217	麻醉学	manual_source_verified	manually_verified	high
British Journal of Anaesthesia	1	是			0007-0912			cas:1002	临床医学	100217	麻醉学	manual_source_verified	manually_verified	high
Anaesthesia	1	是			0003-2409			cas:1002	临床医学	100217	麻醉学	manual_source_verified	manually_verified	high
Anesthesia & Analgesia	1	是			0003-2999			cas:1002	临床医学	100217	麻醉学	manual_source_verified	manually_verified	high
European Journal of Anaesthesiology	1	是			0265-0215			cas:1002	临床医学	100217	麻醉学	manual_source_verified	manually_verified	high
Regional Anesthesia & Pain Medicine	1	是			1098-7339			cas:1002	临床医学	100217	麻醉学	manual_source_verified	manually_verified	high
Journal of Clinical Anesthesia	1	是			0952-8180			cas:1002	临床医学	100217	麻醉学	manual_source_verified	manually_verified	high
Journal of Cardiothoracic and Vascular Anesthesia	2	否			1053-0770			cas:1002	临床医学	100217	麻醉学	manual_source_verified	manually_verified	high
Canadian Journal of Anesthesia/Journal canadien d anesthésie	2	否			0832-610X			cas:1002	临床医学	100217	麻醉学	manual_source_verified	manually_verified	high
Acta Anaesthesiologica Scandinavica	2	否			0001-5172			cas:1002	临床医学	100217	麻醉学	manual_source_verified	manually_verified	high
Annals of Emergency Medicine	1	是			0196-0644			cas:1002	临床医学	100218	急诊医学	manual_source_verified	manually_verified	high
Resuscitation	1	是			0300-9572			cas:1002	临床医学	100218	急诊医学	manual_source_verified	manually_verified	high
Academic Emergency Medicine	1	是			1069-6563			cas:1002	临床医学	100218	急诊医学	manual_source_verified	manually_verified	high
Emergency Medicine Journal	1	是			1472-0205			cas:1002	临床医学	100218	急诊医学	manual_source_verified	manually_verified	high
Scandinavian Journal of Trauma Resuscitation and Emergency Medicine	1	是			1757-7241			cas:1002	临床医学	100218	急诊医学	manual_source_verified	manually_verified	high
The American Journal of Emergency Medicine	2	否			0735-6757			cas:1002	临床医学	100218	急诊医学	manual_source_verified	manually_verified	high
European Journal of Emergency Medicine	2	否			0969-9546			cas:1002	临床医学	100218	急诊医学	manual_source_verified	manually_verified	high
Prehospital Emergency Care	1	是			1090-3127			cas:1002	临床医学	100218	急诊医学	manual_source_verified	manually_verified	high
Journal of Emergency Medicine	2	否			0736-4679			cas:1002	临床医学	100218	急诊医学	manual_source_verified	manually_verified	high
Injury	1	是			0020-1383			cas:1002	临床医学	100218	急诊医学	manual_source_verified	manually_verified	high
Journal Of Clinical Periodontology	1	是			0303-6979			cas:1003	口腔医学	100302	口腔临床医学	manual_source_verified	manually_verified	high
Journal of Dental Research	1	是			0022-0345			cas:1003	口腔医学	100302	口腔临床医学	manual_source_verified	manually_verified	high
Oral Oncology	1	是			1368-8375			cas:1003	口腔医学	100302	口腔临床医学	manual_source_verified	manually_verified	high
Dental Materials	1	是			0109-5641			cas:1003	口腔医学	100302	口腔临床医学	manual_source_verified	manually_verified	high
Journal of Endodontics	1	是			0099-2399			cas:1003	口腔医学	100302	口腔临床医学	manual_source_verified	manually_verified	high
International Endodontic Journal	1	是			0143-2885			cas:1003	口腔医学	100302	口腔临床医学	manual_source_verified	manually_verified	high
Journal of Prosthetic Dentistry	1	是			0022-3913			cas:1003	口腔医学	100302	口腔临床医学	manual_source_verified	manually_verified	high
Journal of Oral Pathology and Medicine	1	是			0904-2512			cas:1003	口腔医学	100302	口腔临床医学	manual_source_verified	manually_verified	high
Caries Research	1	是			0008-6568			cas:1003	口腔医学	100302	口腔临床医学	manual_source_verified	manually_verified	high
Journal of Dentistry	1	是			0300-5712			cas:1003	口腔医学	100302	口腔临床医学	manual_source_verified	manually_verified	high
International Journal of Epidemiology	1	是			0300-5771			cas:1004	公共卫生与预防医学	100401	流行病与卫生统计学	manual_source_verified	manually_verified	high
American Journal of Epidemiology	1	是			0002-9262			cas:1004	公共卫生与预防医学	100401	流行病与卫生统计学	manual_source_verified	manually_verified	high
Epidemiology	1	是			1044-3983			cas:1004	公共卫生与预防医学	100401	流行病与卫生统计学	manual_source_verified	manually_verified	high
European Journal of Epidemiology	1	是			0393-2990			cas:1004	公共卫生与预防医学	100401	流行病与卫生统计学	manual_source_verified	manually_verified	high
Journal of Clinical Epidemiology	1	是			0895-4356			cas:1004	公共卫生与预防医学	100401	流行病与卫生统计学	manual_source_verified	manually_verified	high
Statistics in Medicine	1	是			0277-6715			cas:1004	公共卫生与预防医学	100401	流行病与卫生统计学	manual_source_verified	manually_verified	high
Biostatistics	1	是			1465-4644			cas:1004	公共卫生与预防医学	100401	流行病与卫生统计学	manual_source_verified	manually_verified	high
Statistical Methods in Medical Research	1	是			0962-2802			cas:1004	公共卫生与预防医学	100401	流行病与卫生统计学	manual_source_verified	manually_verified	high
Epidemiologic Reviews	1	是			0193-936X			cas:1004	公共卫生与预防医学	100401	流行病与卫生统计学	manual_source_verified	manually_verified	high
Cancer Epidemiology Biomarkers & Prevention	1	是			1055-9965			cas:1004	公共卫生与预防医学	100401	流行病与卫生统计学	manual_source_verified	manually_verified	high
Oral Diseases	1	是			1354-523X			cas:1003	口腔医学	100301	口腔基础医学	manual_source_verified	manually_verified	high
Journal of Oral Pathology and Medicine	1	是			0904-2512			cas:1003	口腔医学	100301	口腔基础医学	manual_source_verified	manually_verified	high
Archives of Oral Biology	1	是			0003-9969			cas:1003	口腔医学	100301	口腔基础医学	manual_source_verified	manually_verified	high
Journal of Oral Microbiology	1	是			2000-2297			cas:1003	口腔医学	100301	口腔基础医学	manual_source_verified	manually_verified	high
Frontiers in Oral Health	1	是			2673-4842			cas:1003	口腔医学	100301	口腔基础医学	manual_source_verified	manually_verified	high
Journal of Oral Biosciences	2	否			1349-0079			cas:1003	口腔医学	100301	口腔基础医学	manual_source_verified	manually_verified	high
European Journal Of Oral Sciences	2	否			0909-8836			cas:1003	口腔医学	100301	口腔基础医学	manual_source_verified	manually_verified	high
Journal of Oral Science	2	否			1343-4934			cas:1003	口腔医学	100301	口腔基础医学	manual_source_verified	manually_verified	high
International Journal of Oral Science	1	是			1674-2818			cas:1003	口腔医学	100301	口腔基础医学	manual_source_verified	manually_verified	high
Journal of Oral Rehabilitation	1	是			0305-182X			cas:1003	口腔医学	100301	口腔基础医学	manual_source_verified	manually_verified	high
Environmental Health Perspectives	1	是			0091-6765			cas:1004	公共卫生与预防医学	100402	劳动卫生与环境卫生学	manual_source_verified	manually_verified	high
Journal of Occupational and Environmental Medicine	1	是			1076-2752			cas:1004	公共卫生与预防医学	100402	劳动卫生与环境卫生学	manual_source_verified	manually_verified	high
Occupational and Environmental Medicine	1	是			1351-0711			cas:1004	公共卫生与预防医学	100402	劳动卫生与环境卫生学	manual_source_verified	manually_verified	high
Scandinavian Journal of Work Environment & Health	1	是			0355-3140			cas:1004	公共卫生与预防医学	100402	劳动卫生与环境卫生学	manual_source_verified	manually_verified	high
American Journal of Industrial Medicine	1	是			0271-3586			cas:1004	公共卫生与预防医学	100402	劳动卫生与环境卫生学	manual_source_verified	manually_verified	high
International Archives of Occupational and Environmental Health	1	是			0340-0131			cas:1004	公共卫生与预防医学	100402	劳动卫生与环境卫生学	manual_source_verified	manually_verified	high
Annals of Work Exposures and Health	1	是			2398-7308			cas:1004	公共卫生与预防医学	100402	劳动卫生与环境卫生学	manual_source_verified	manually_verified	high
Journal of Occupational Health	1	是			1341-9145			cas:1004	公共卫生与预防医学	100402	劳动卫生与环境卫生学	manual_source_verified	manually_verified	high
Industrial Health	2	否			0019-8366			cas:1004	公共卫生与预防医学	100402	劳动卫生与环境卫生学	manual_source_verified	manually_verified	high
International Journal of Hygiene and Environmental Health	1	是			1438-4639			cas:1004	公共卫生与预防医学	100402	劳动卫生与环境卫生学	manual_source_verified	manually_verified	high
Archives of Toxicology	1	是			0340-5761			cas:1004	公共卫生与预防医学	100405	卫生毒理学	manual_source_verified	manually_verified	high
Chemical Research in Toxicology	1	是			0893-228X			cas:1004	公共卫生与预防医学	100405	卫生毒理学	manual_source_verified	manually_verified	high
Toxicology	1	是			0300-483X			cas:1004	公共卫生与预防医学	100405	卫生毒理学	manual_source_verified	manually_verified	high
Toxicology Letters	1	是			0378-4274			cas:1004	公共卫生与预防医学	100405	卫生毒理学	manual_source_verified	manually_verified	high
Food and Chemical Toxicology	1	是			0278-6915			cas:1004	公共卫生与预防医学	100405	卫生毒理学	manual_source_verified	manually_verified	high
Toxicology and Applied Pharmacology	1	是			0041-008X			cas:1004	公共卫生与预防医学	100405	卫生毒理学	manual_source_verified	manually_verified	high
Journal of Applied Toxicology	2	否			0260-437X			cas:1004	公共卫生与预防医学	100405	卫生毒理学	manual_source_verified	manually_verified	high
Environmental Toxicology and Pharmacology	2	否			1382-6689			cas:1004	公共卫生与预防医学	100405	卫生毒理学	manual_source_verified	manually_verified	high
The Journal of Toxicological Sciences	2	否			0388-1350			cas:1004	公共卫生与预防医学	100405	卫生毒理学	manual_source_verified	manually_verified	high
Toxicology Methods	2	否			1537-6516			cas:1004	公共卫生与预防医学	100405	卫生毒理学	manual_source_verified	manually_verified	high
Annual Review of Nutrition	1	是			0199-9885			cas:1004	公共卫生与预防医学	100403	营养与食品卫生学	manual_source_verified	manually_verified	high
Advances in Nutrition	1	是			2161-8313			cas:1004	公共卫生与预防医学	100403	营养与食品卫生学	manual_source_verified	manually_verified	high
Clinical Nutrition	1	是			0261-5614			cas:1004	公共卫生与预防医学	100403	营养与食品卫生学	manual_source_verified	manually_verified	high
International Journal of Behavioral Nutrition and Physical Activity	1	是			1479-5868			cas:1004	公共卫生与预防医学	100403	营养与食品卫生学	manual_source_verified	manually_verified	high
Nutrition Reviews	1	是			0029-6643			cas:1004	公共卫生与预防医学	100403	营养与食品卫生学	manual_source_verified	manually_verified	high
Proceedings of The Nutrition Society	1	是			0029-6651			cas:1004	公共卫生与预防医学	100403	营养与食品卫生学	manual_source_verified	manually_verified	high
Food Chemistry	1	是			0308-8146			cas:1004	公共卫生与预防医学	100403	营养与食品卫生学	manual_source_verified	manually_verified	high
Journal of Nutrition	1	是			0022-3166			cas:1004	公共卫生与预防医学	100403	营养与食品卫生学	manual_source_verified	manually_verified	high
European Journal of Nutrition	1	是			1436-6207			cas:1004	公共卫生与预防医学	100403	营养与食品卫生学	manual_source_verified	manually_verified	high
Public Health Nutrition	1	是			1368-9800			cas:1004	公共卫生与预防医学	100403	营养与食品卫生学	manual_source_verified	manually_verified	high
Journal of Adolescent Health	1	是			1054-139X			cas:1004	公共卫生与预防医学	100404	儿少卫生与妇幼保健学	manual_source_verified	manually_verified	high
PEDIATRICS	1	是			0031-4005			cas:1004	公共卫生与预防医学	100404	儿少卫生与妇幼保健学	manual_source_verified	manually_verified	high
Maternal and Child Health Journal	2	否			1092-7875			cas:1004	公共卫生与预防医学	100404	儿少卫生与妇幼保健学	manual_source_verified	manually_verified	high
BMC Pregnancy and Childbirth	1	是			1471-2393			cas:1004	公共卫生与预防医学	100404	儿少卫生与妇幼保健学	manual_source_verified	manually_verified	high
International Journal of Environmental Research and Public Health	2	否			1660-4601			cas:1004	公共卫生与预防医学	100404	儿少卫生与妇幼保健学	manual_source_verified	manually_verified	high
Journal of School Health	2	否			0022-4391			cas:1004	公共卫生与预防医学	100404	儿少卫生与妇幼保健学	manual_source_verified	manually_verified	high
Child Care Health and Development	2	否			0305-1862			cas:1004	公共卫生与预防医学	100404	儿少卫生与妇幼保健学	manual_source_verified	manually_verified	high
Reproductive Health	1	是			1742-4755			cas:1004	公共卫生与预防医学	100404	儿少卫生与妇幼保健学	manual_source_verified	manually_verified	high
Women and Birth	1	是			1871-5192			cas:1004	公共卫生与预防医学	100404	儿少卫生与妇幼保健学	manual_source_verified	manually_verified	high
Early Human Development	2	否			0378-3782			cas:1004	公共卫生与预防医学	100404	儿少卫生与妇幼保健学	manual_source_verified	manually_verified	high
BMJ Military Health	2	否			2633-3767			cas:1004	公共卫生与预防医学	100406	军事预防医学	manual_source_verified	manually_verified	high
Disaster Medicine and Public Health Preparedness	2	否			1935-7893			cas:1004	公共卫生与预防医学	100406	军事预防医学	manual_source_verified	manually_verified	high
Prehospital and Disaster Medicine	2	否			1049-023X			cas:1004	公共卫生与预防医学	100406	军事预防医学	manual_source_verified	manually_verified	high
Journal of the Royal Army Medical Corps	3	否			0035-8665			cas:1004	公共卫生与预防医学	100406	军事预防医学	manual_source_verified	manually_verified	high
Aerospace Medicine and Human Performance	2	否			2375-6314			cas:1004	公共卫生与预防医学	100406	军事预防医学	manual_source_verified	manually_verified	high
International Journal of Environmental Research and Public Health	1	是			1660-4601			cas:1004	公共卫生与预防医学	100406	军事预防医学	manual_source_verified	manually_verified	high
American Journal of Public Health	1	是			0090-0036			cas:1004	公共卫生与预防医学	100406	军事预防医学	manual_source_verified	manually_verified	high
Journal of Occupational and Environmental Medicine	2	否			1076-2752			cas:1004	公共卫生与预防医学	100406	军事预防医学	manual_source_verified	manually_verified	high
Journal of Travel Medicine	1	是			1195-1982			cas:1004	公共卫生与预防医学	100406	军事预防医学	manual_source_verified	manually_verified	high
Tropical Medicine and Infectious Disease	2	否			2414-6366			cas:1004	公共卫生与预防医学	100406	军事预防医学	manual_source_verified	manually_verified	high
Journal of Traditional Chinese Medicine	2	否			0254-6272			cas:1005	中医学	100501	中医基础理论	manual_source_verified	manually_verified	high
Chinese Journal of Integrative Medicine	2	否			1672-0415			cas:1005	中医学	100501	中医基础理论	manual_source_verified	manually_verified	high
Evidence-based Complementary and Alternative Medicine	2	否			1741-427X			cas:1005	中医学	100501	中医基础理论	manual_source_verified	manually_verified	high
BMC Complementary and Alternative Medicine	2	否			1472-6882			cas:1005	中医学	100501	中医基础理论	manual_source_verified	manually_verified	high
Complementary Therapies in Medicine	2	否			0965-2299			cas:1005	中医学	100501	中医基础理论	manual_source_verified	manually_verified	high
Integrative Medicine Research	2	否			2213-4220			cas:1005	中医学	100501	中医基础理论	manual_source_verified	manually_verified	high
European Journal of Integrative Medicine	3	否			1876-3820			cas:1005	中医学	100501	中医基础理论	manual_source_verified	manually_verified	high
Chinese Medicine	1	是			1749-8546			cas:1005	中医学	100501	中医基础理论	manual_source_verified	manually_verified	high
Journal of Integrative Medicine	2	否			2095-4964			cas:1005	中医学	100501	中医基础理论	manual_source_verified	manually_verified	high
Acupuncture in Medicine	2	否			0964-5284			cas:1005	中医学	100501	中医基础理论	manual_source_verified	manually_verified	high
Journal of Traditional Chinese Medicine	2	否			0254-6272			cas:1005	中医学	100502	中医临床基础	manual_source_verified	manually_verified	high
Chinese Journal of Integrative Medicine	2	否			1672-0415			cas:1005	中医学	100502	中医临床基础	manual_source_verified	manually_verified	high
Evidence-based Complementary and Alternative Medicine	2	否			1741-427X			cas:1005	中医学	100502	中医临床基础	manual_source_verified	manually_verified	high
Journal of Ethnopharmacology	1	是			0378-8741			cas:1005	中医学	100502	中医临床基础	manual_source_verified	manually_verified	high
Integrative Medicine Research	2	否			2213-4220			cas:1005	中医学	100502	中医临床基础	manual_source_verified	manually_verified	high
European Journal of Integrative Medicine	3	否			1876-3820			cas:1005	中医学	100502	中医临床基础	manual_source_verified	manually_verified	high
Complementary Therapies in Medicine	2	否			0965-2299			cas:1005	中医学	100502	中医临床基础	manual_source_verified	manually_verified	high
BMC Complementary Medicine and Therapies	2	否			2662-7671			cas:1005	中医学	100502	中医临床基础	manual_source_verified	manually_verified	high
Journal of Integrative Medicine	2	否			2095-4964			cas:1005	中医学	100502	中医临床基础	manual_source_verified	manually_verified	high
Chinese Medicine	1	是			1749-8546			cas:1005	中医学	100502	中医临床基础	manual_source_verified	manually_verified	high
Journal of Ethnopharmacology	1	是			0378-8741			cas:1005	中医学	100504	方剂学	manual_source_verified	manually_verified	high
Phytomedicine	1	是			0944-7113			cas:1005	中医学	100504	方剂学	manual_source_verified	manually_verified	high
Frontiers in Pharmacology	1	是			1663-9812			cas:1005	中医学	100504	方剂学	manual_source_verified	manually_verified	high
Evidence-based Complementary and Alternative Medicine	2	否			1741-427X			cas:1005	中医学	100504	方剂学	manual_source_verified	manually_verified	high
BMC Complementary Medicine and Therapies	2	否			2662-7671			cas:1005	中医学	100504	方剂学	manual_source_verified	manually_verified	high
Journal of Traditional Chinese Medicine	2	否			0254-6272			cas:1005	中医学	100504	方剂学	manual_source_verified	manually_verified	high
Integrative Medicine Research	2	否			2213-4220			cas:1005	中医学	100504	方剂学	manual_source_verified	manually_verified	high
Journal of Integrative Medicine	2	否			2095-4964			cas:1005	中医学	100504	方剂学	manual_source_verified	manually_verified	high
Chinese Journal of Integrative Medicine	2	否			1672-0415			cas:1005	中医学	100504	方剂学	manual_source_verified	manually_verified	high
Journal of Herbal Medicine	3	否			2210-8033			cas:1005	中医学	100504	方剂学	manual_source_verified	manually_verified	high
Journal of Traditional Chinese Medicine	2	否			0254-6272			cas:1005	中医学	100506	中医内科学	manual_source_verified	manually_verified	high
Chinese Journal of Integrative Medicine	2	否			1672-0415			cas:1005	中医学	100506	中医内科学	manual_source_verified	manually_verified	high
Evidence-based Complementary and Alternative Medicine	2	否			1741-427X			cas:1005	中医学	100506	中医内科学	manual_source_verified	manually_verified	high
Journal of Ethnopharmacology	1	是			0378-8741			cas:1005	中医学	100506	中医内科学	manual_source_verified	manually_verified	high
BMC Complementary and Alternative Medicine	2	否			1472-6882			cas:1005	中医学	100506	中医内科学	manual_source_verified	manually_verified	high
Complementary Therapies in Medicine	2	否			0965-2299			cas:1005	中医学	100506	中医内科学	manual_source_verified	manually_verified	high
European Journal of Integrative Medicine	3	否			1876-3820			cas:1005	中医学	100506	中医内科学	manual_source_verified	manually_verified	high
The Journal of Alternative and Complementary Medicine	2	否			1075-5535			cas:1005	中医学	100506	中医内科学	manual_source_verified	manually_verified	high
Integrative Medicine Research	2	否			2213-4220			cas:1005	中医学	100506	中医内科学	manual_source_verified	manually_verified	high
Chinese Medicine	1	是			1749-8546			cas:1005	中医学	100506	中医内科学	manual_source_verified	manually_verified	high
Journal of Traditional Chinese Medicine	2	否			0254-6272			cas:1005	中医学	100505	中医诊断学	manual_source_verified	manually_verified	high
Evidence-based Complementary and Alternative Medicine	2	否			1741-427X			cas:1005	中医学	100505	中医诊断学	manual_source_verified	manually_verified	high
BMC Complementary Medicine and Therapies	2	否			2662-7671			cas:1005	中医学	100505	中医诊断学	manual_source_verified	manually_verified	high
Complementary Therapies in Medicine	2	否			0965-2299			cas:1005	中医学	100505	中医诊断学	manual_source_verified	manually_verified	high
Journal of Ethnopharmacology	1	是			0378-8741			cas:1005	中医学	100505	中医诊断学	manual_source_verified	manually_verified	high
Integrative Medicine Research	2	否			2213-4220			cas:1005	中医学	100505	中医诊断学	manual_source_verified	manually_verified	high
European Journal of Integrative Medicine	3	否			1876-3820			cas:1005	中医学	100505	中医诊断学	manual_source_verified	manually_verified	high
Journal of Traditional and Complementary Medicine	2	否			2225-4110			cas:1005	中医学	100505	中医诊断学	manual_source_verified	manually_verified	high
Chinese Medicine	1	是			1749-8546			cas:1005	中医学	100505	中医诊断学	manual_source_verified	manually_verified	high
Journal of Integrative Medicine	1	是			2095-4964			cas:1005	中医学	100505	中医诊断学	manual_source_verified	manually_verified	high
Journal of the American Academy of Dermatology	1	是			0190-9622			cas:1005	中医学	100507	中医外科学	manual_source_verified	manually_verified	high
British Journal of Dermatology	1	是			0007-0963			cas:1005	中医学	100507	中医外科学	manual_source_verified	manually_verified	high
JAMA Dermatology	1	是			2168-6068			cas:1005	中医学	100507	中医外科学	manual_source_verified	manually_verified	high
Journal of Investigative Dermatology	1	是			0022-202X			cas:1005	中医学	100507	中医外科学	manual_source_verified	manually_verified	high
Dermatologic Surgery	1	是			1076-0512			cas:1005	中医学	100507	中医外科学	manual_source_verified	manually_verified	high
Lasers in Surgery and Medicine	1	是			0196-8092			cas:1005	中医学	100507	中医外科学	manual_source_verified	manually_verified	high
Wound Repair and Regeneration	1	是			1067-1927			cas:1005	中医学	100507	中医外科学	manual_source_verified	manually_verified	high
International Wound Journal	1	是			1742-4801			cas:1005	中医学	100507	中医外科学	manual_source_verified	manually_verified	high
Journal of Plastic Reconstructive & Aesthetic Surgery	1	是			1748-6815			cas:1005	中医学	100507	中医外科学	manual_source_verified	manually_verified	high
Annals of Surgical Oncology	1	是			1068-9265			cas:1005	中医学	100507	中医外科学	manual_source_verified	manually_verified	high
Journal of Orthopaedic Translation	1	是			2214-031X			cas:1005	中医学	100508	中医骨伤科学	manual_source_verified	manually_verified	high
Osteoarthritis and Cartilage	1	是			1063-4584			cas:1005	中医学	100508	中医骨伤科学	manual_source_verified	manually_verified	high
Journal of Bone and Mineral Research	1	是			0884-0431			cas:1005	中医学	100508	中医骨伤科学	manual_source_verified	manually_verified	high
The Bone & Joint Journal	1	是			2049-4394			cas:1005	中医学	100508	中医骨伤科学	manual_source_verified	manually_verified	high
Journal of Orthopaedic Research®	1	是			0736-0266			cas:1005	中医学	100508	中医骨伤科学	manual_source_verified	manually_verified	high
Spine	1	是			0362-2436			cas:1005	中医学	100508	中医骨伤科学	manual_source_verified	manually_verified	high
European Spine Journal	1	是			0940-6719			cas:1005	中医学	100508	中医骨伤科学	manual_source_verified	manually_verified	high
Journal of Orthopaedic Surgery and Research	2	否			1749-799X			cas:1005	中医学	100508	中医骨伤科学	manual_source_verified	manually_verified	high
BMC Musculoskeletal Disorders	2	否			1471-2474			cas:1005	中医学	100508	中医骨伤科学	manual_source_verified	manually_verified	high
Chinese Journal of Integrative Medicine	2	否			1672-0415			cas:1005	中医学	100508	中医骨伤科学	manual_source_verified	manually_verified	high
Journal of the History of Medicine and Allied Sciences	1	是			0022-5045			cas:1005	中医学	100503	中医医史文献	manual_source_verified	manually_verified	high
Medical History	1	是			0025-7273			cas:1005	中医学	100503	中医医史文献	manual_source_verified	manually_verified	high
Bulletin of the History of Medicine	1	是			1086-3176			cas:1005	中医学	100503	中医医史文献	manual_source_verified	manually_verified	high
Social History of Medicine	1	是			0951-631X			cas:1005	中医学	100503	中医医史文献	manual_source_verified	manually_verified	high
Journal of Ethnopharmacology	1	是			0378-8741			cas:1005	中医学	100503	中医医史文献	manual_source_verified	manually_verified	high
History & Philosophy of the Life Sciences	1	是			0391-9714			cas:1005	中医学	100503	中医医史文献	manual_source_verified	manually_verified	high
Asian Medicine	2	否			1573-420X			cas:1005	中医学	100503	中医医史文献	manual_source_verified	manually_verified	high
Early Science and Medicine	2	否			1383-7427			cas:1005	中医学	100503	中医医史文献	manual_source_verified	manually_verified	high
Journal of the Royal Society of Medicine	1	是			0141-0768			cas:1005	中医学	100503	中医医史文献	manual_source_verified	manually_verified	high
Perspectives in Biology and Medicine	2	否			1529-8795			cas:1005	中医学	100503	中医医史文献	manual_source_verified	manually_verified	high
Fertility and Sterility	1	是			0015-0282			cas:1005	中医学	100509	中医妇科学	manual_source_verified	manually_verified	high
Human Reproduction	1	是			0268-1161			cas:1005	中医学	100509	中医妇科学	manual_source_verified	manually_verified	high
American Journal of Obstetrics and Gynecology	1	是			0002-9378			cas:1005	中医学	100509	中医妇科学	manual_source_verified	manually_verified	high
BJOG An International Journal of Obstetrics & Gynaecology	1	是			1470-0328			cas:1005	中医学	100509	中医妇科学	manual_source_verified	manually_verified	high
Obstetrics and Gynecology	1	是			0029-7844			cas:1005	中医学	100509	中医妇科学	manual_source_verified	manually_verified	high
Gynecologic Oncology	1	是			0090-8258			cas:1005	中医学	100509	中医妇科学	manual_source_verified	manually_verified	high
Menopause The Journal of The North American Menopause Society	1	是			1072-3714			cas:1005	中医学	100509	中医妇科学	manual_source_verified	manually_verified	high
Reproductive BioMedicine Online	1	是			1472-6483			cas:1005	中医学	100509	中医妇科学	manual_source_verified	manually_verified	high
Journal of Minimally Invasive Gynecology	2	否			1553-4650			cas:1005	中医学	100509	中医妇科学	manual_source_verified	manually_verified	high
Archives of Gynecology and Obstetrics	2	否			0932-0067			cas:1005	中医学	100509	中医妇科学	manual_source_verified	manually_verified	high
Journal of Traditional Chinese Medicine	2	否			0254-6272			cas:1005	中医学	100511	中医五官科学	manual_source_verified	manually_verified	high
Chinese Journal of Integrative Medicine	2	否			1672-0415			cas:1005	中医学	100511	中医五官科学	manual_source_verified	manually_verified	high
Evidence-based Complementary and Alternative Medicine	2	否			1741-427X			cas:1005	中医学	100511	中医五官科学	manual_source_verified	manually_verified	high
Journal of Ethnopharmacology	1	是			0378-8741			cas:1005	中医学	100511	中医五官科学	manual_source_verified	manually_verified	high
Phytomedicine	1	是			0944-7113			cas:1005	中医学	100511	中医五官科学	manual_source_verified	manually_verified	high
The American Journal of Chinese Medicine	1	是			0192-415X			cas:1005	中医学	100511	中医五官科学	manual_source_verified	manually_verified	high
BMC Complementary Medicine and Therapies	2	否			2662-7671			cas:1005	中医学	100511	中医五官科学	manual_source_verified	manually_verified	high
Complementary Therapies in Medicine	2	否			0965-2299			cas:1005	中医学	100511	中医五官科学	manual_source_verified	manually_verified	high
European Archives of Oto-Rhino-Laryngology	2	否			0937-4477			cas:1005	中医学	100511	中医五官科学	manual_source_verified	manually_verified	high
International Journal of Pediatric Otorhinolaryngology	2	否			0165-5876			cas:1005	中医学	100511	中医五官科学	manual_source_verified	manually_verified	high
PEDIATRICS	1	是			0031-4005			cas:1005	中医学	100510	中医儿科学	manual_source_verified	manually_verified	high
The Journal of Pediatrics	1	是			0022-3476			cas:1005	中医学	100510	中医儿科学	manual_source_verified	manually_verified	high
Pediatric Research	1	是			0031-3998			cas:1005	中医学	100510	中医儿科学	manual_source_verified	manually_verified	high
Archives of Disease in Childhood	1	是			0003-9888			cas:1005	中医学	100510	中医儿科学	manual_source_verified	manually_verified	high
European Journal of Pediatrics	1	是			0340-6199			cas:1005	中医学	100510	中医儿科学	manual_source_verified	manually_verified	high
BMC Complementary Medicine and Therapies	1	是			2662-7671			cas:1005	中医学	100510	中医儿科学	manual_source_verified	manually_verified	high
Journal of Ethnopharmacology	1	是			0378-8741			cas:1005	中医学	100510	中医儿科学	manual_source_verified	manually_verified	high
Chinese Journal of Integrative Medicine	2	否			1672-0415			cas:1005	中医学	100510	中医儿科学	manual_source_verified	manually_verified	high
Evidence-based Complementary and Alternative Medicine	2	否			1741-427X			cas:1005	中医学	100510	中医儿科学	manual_source_verified	manually_verified	high
Journal of Traditional Chinese Medicine	2	否			0254-6272			cas:1005	中医学	100510	中医儿科学	manual_source_verified	manually_verified	high
The Journal of Alternative and Complementary Medicine	2	否			1075-5535			cas:1005	中医学	100512	针灸推拿学	manual_source_verified	manually_verified	high
Complementary Therapies in Medicine	1	是			0965-2299			cas:1005	中医学	100512	针灸推拿学	manual_source_verified	manually_verified	high
Evidence-based Complementary and Alternative Medicine	2	否			1741-427X			cas:1005	中医学	100512	针灸推拿学	manual_source_verified	manually_verified	high
BMC Complementary and Alternative Medicine	2	否			1472-6882			cas:1005	中医学	100512	针灸推拿学	manual_source_verified	manually_verified	high
Chinese Journal of Integrative Medicine	2	否			1672-0415			cas:1005	中医学	100512	针灸推拿学	manual_source_verified	manually_verified	high
Journal of Traditional Chinese Medicine	2	否			0254-6272			cas:1005	中医学	100512	针灸推拿学	manual_source_verified	manually_verified	high
Integrative Medicine Research	1	是			2213-4220			cas:1005	中医学	100512	针灸推拿学	manual_source_verified	manually_verified	high
European Journal of Integrative Medicine	2	否			1876-3820			cas:1005	中医学	100512	针灸推拿学	manual_source_verified	manually_verified	high
Journal of Acupuncture and Meridian Studies	2	否			2005-2901			cas:1005	中医学	100512	针灸推拿学	manual_source_verified	manually_verified	high
Medical Acupuncture	3	否			1933-6586			cas:1005	中医学	100512	针灸推拿学	manual_source_verified	manually_verified	high
Journal of Ethnobiology and Ethnomedicine	1	是			1746-4269			cas:1005	中医学	100513	民族医学	manual_source_verified	manually_verified	high
Evidence-based Complementary and Alternative Medicine	2	否			1741-427X			cas:1005	中医学	100513	民族医学	manual_source_verified	manually_verified	high
BMC Complementary Medicine and Therapies	2	否			2662-7671			cas:1005	中医学	100513	民族医学	manual_source_verified	manually_verified	high
Chinese Journal of Integrative Medicine	2	否			1672-0415			cas:1005	中医学	100513	民族医学	manual_source_verified	manually_verified	high
Journal of Traditional Chinese Medicine	2	否			0254-6272			cas:1005	中医学	100513	民族医学	manual_source_verified	manually_verified	high
Integrative Medicine Research	2	否			2213-4220			cas:1005	中医学	100513	民族医学	manual_source_verified	manually_verified	high
European Journal of Integrative Medicine	2	否			1876-3820			cas:1005	中医学	100513	民族医学	manual_source_verified	manually_verified	high
Complementary Therapies in Medicine	2	否			0965-2299			cas:1005	中医学	100513	民族医学	manual_source_verified	manually_verified	high
Journal of Integrative Medicine	2	否			2095-4964			cas:1005	中医学	100513	民族医学	manual_source_verified	manually_verified	high
Chinese Medicine	1	是			1749-8546			cas:1005	中医学	100513	民族医学	manual_source_verified	manually_verified	high
Chinese Medicine	1	是			1749-8546			cas:1006	中西医结合	100601	中西医结合基础	manual_source_verified	manually_verified	high
Integrative Medicine Research	1	是			2213-4220			cas:1006	中西医结合	100601	中西医结合基础	manual_source_verified	manually_verified	high
Evidence-based Complementary and Alternative Medicine	2	否			1741-427X			cas:1006	中西医结合	100601	中西医结合基础	manual_source_verified	manually_verified	high
BMC Complementary Medicine and Therapies	2	否			2662-7671			cas:1006	中西医结合	100601	中西医结合基础	manual_source_verified	manually_verified	high
Journal of Integrative Medicine	1	是			2095-4964			cas:1006	中西医结合	100601	中西医结合基础	manual_source_verified	manually_verified	high
Complementary Therapies in Medicine	2	否			0965-2299			cas:1006	中西医结合	100601	中西医结合基础	manual_source_verified	manually_verified	high
European Journal of Integrative Medicine	2	否			1876-3820			cas:1006	中西医结合	100601	中西医结合基础	manual_source_verified	manually_verified	high
Chinese Journal of Integrative Medicine	2	否			1672-0415			cas:1006	中西医结合	100601	中西医结合基础	manual_source_verified	manually_verified	high
Journal of Traditional Chinese Medicine	2	否			0254-6272			cas:1006	中西医结合	100601	中西医结合基础	manual_source_verified	manually_verified	high
Acupuncture in Medicine	2	否			0964-5284			cas:1006	中西医结合	100601	中西医结合基础	manual_source_verified	manually_verified	high
European Journal of Medicinal Chemistry	1	是			0223-5234			cas:1007	药学	100701	药物化学	manual_source_verified	manually_verified	high
Bioorganic & Medicinal Chemistry	2	否			0968-0896			cas:1007	药学	100701	药物化学	manual_source_verified	manually_verified	high
Bioorganic & Medicinal Chemistry Letters	2	否			0960-894X			cas:1007	药学	100701	药物化学	manual_source_verified	manually_verified	high
ACS Medicinal Chemistry Letters	1	是			1948-5875			cas:1007	药学	100701	药物化学	manual_source_verified	manually_verified	high
RSC Medicinal Chemistry	2	否			2632-8682			cas:1007	药学	100701	药物化学	manual_source_verified	manually_verified	high
ChemMedChem	2	否			1860-7179			cas:1007	药学	100701	药物化学	manual_source_verified	manually_verified	high
Medicinal Chemistry Research	3	否			1054-2523			cas:1007	药学	100701	药物化学	manual_source_verified	manually_verified	high
Journal of Enzyme Inhibition and Medicinal Chemistry	1	是			1475-6366			cas:1007	药学	100701	药物化学	manual_source_verified	manually_verified	high
Archiv der Pharmazie	2	否			0365-6233			cas:1007	药学	100701	药物化学	manual_source_verified	manually_verified	high
Chemical Biology & Drug Design	3	否			1747-0277			cas:1007	药学	100701	药物化学	manual_source_verified	manually_verified	high
Journal of Integrative Medicine	1	是			2095-4964			cas:1006	中西医结合	100602	中西医结合临床	manual_source_verified	manually_verified	high
Chinese Journal of Integrative Medicine	2	否			1672-0415			cas:1006	中西医结合	100602	中西医结合临床	manual_source_verified	manually_verified	high
Evidence-based Complementary and Alternative Medicine	2	否			1741-427X			cas:1006	中西医结合	100602	中西医结合临床	manual_source_verified	manually_verified	high
Integrative Cancer Therapies	2	否			1534-7354			cas:1006	中西医结合	100602	中西医结合临床	manual_source_verified	manually_verified	high
BMC Complementary Medicine and Therapies	2	否			2662-7671			cas:1006	中西医结合	100602	中西医结合临床	manual_source_verified	manually_verified	high
Complementary Therapies in Medicine	2	否			0965-2299			cas:1006	中西医结合	100602	中西医结合临床	manual_source_verified	manually_verified	high
Journal of Traditional Chinese Medicine	3	否			0254-6272			cas:1006	中西医结合	100602	中西医结合临床	manual_source_verified	manually_verified	high
European Journal of Integrative Medicine	3	否			1876-3820			cas:1006	中西医结合	100602	中西医结合临床	manual_source_verified	manually_verified	high
The Journal of Alternative and Complementary Medicine	3	否			1075-5535			cas:1006	中西医结合	100602	中西医结合临床	manual_source_verified	manually_verified	high
Chinese Journal of Natural Medicines	1	是			1672-3651			cas:1006	中西医结合	100602	中西医结合临床	manual_source_verified	manually_verified	high
Advanced Drug Delivery Reviews	1	是			0169-409X			cas:1007	药学	100702	药剂学	manual_source_verified	manually_verified	high
International Journal of Pharmaceutics	1	是			0378-5173			cas:1007	药学	100702	药剂学	manual_source_verified	manually_verified	high
European Journal of Pharmaceutics and Biopharmaceutics	1	是			0939-6411			cas:1007	药学	100702	药剂学	manual_source_verified	manually_verified	high
Molecular Pharmaceutics	1	是			1543-8384			cas:1007	药学	100702	药剂学	manual_source_verified	manually_verified	high
Pharmaceutical Research	1	是			0724-8741			cas:1007	药学	100702	药剂学	manual_source_verified	manually_verified	high
Drug Delivery	1	是			1071-7544			cas:1007	药学	100702	药剂学	manual_source_verified	manually_verified	high
Journal of Pharmaceutical Sciences	1	是			0022-3549			cas:1007	药学	100702	药剂学	manual_source_verified	manually_verified	high
AAPS PharmSciTech	1	是			1530-9932			cas:1007	药学	100702	药剂学	manual_source_verified	manually_verified	high
European Journal of Pharmaceutical Sciences	1	是			0928-0987			cas:1007	药学	100702	药剂学	manual_source_verified	manually_verified	high
Journal of Drug Delivery Science and Technology	1	是			1773-2247			cas:1007	药学	100702	药剂学	manual_source_verified	manually_verified	high
Journal of Pharmaceutical and Biomedical Analysis	1	是			0731-7085			cas:1007	药学	100704	药物分析学	manual_source_verified	manually_verified	high
Journal of Chromatography A	1	是			0021-9673			cas:1007	药学	100704	药物分析学	manual_source_verified	manually_verified	high
Analytical and Bioanalytical Chemistry	1	是			1618-2642			cas:1007	药学	100704	药物分析学	manual_source_verified	manually_verified	high
Talanta	1	是			0039-9140			cas:1007	药学	100704	药物分析学	manual_source_verified	manually_verified	high
Analytica Chimica Acta	1	是			0003-2670			cas:1007	药学	100704	药物分析学	manual_source_verified	manually_verified	high
Journal of Pharmaceutical Analysis	1	是			2095-1779			cas:1007	药学	100704	药物分析学	manual_source_verified	manually_verified	high
Drug Testing and Analysis	1	是			1942-7603			cas:1007	药学	100704	药物分析学	manual_source_verified	manually_verified	high
Biomedical Chromatography	2	否			0269-3879			cas:1007	药学	100704	药物分析学	manual_source_verified	manually_verified	high
Journal of Chromatographic Science	2	否			0021-9665			cas:1007	药学	100704	药物分析学	manual_source_verified	manually_verified	high
Phytochemical Analysis	2	否			0958-0344			cas:1007	药学	100704	药物分析学	manual_source_verified	manually_verified	high
Journal of Ethnopharmacology	1	是			0378-8741			cas:1007	药学	100703	生药学	manual_source_verified	manually_verified	high
Phytomedicine	1	是			0944-7113			cas:1007	药学	100703	生药学	manual_source_verified	manually_verified	high
Planta Medica	2	否			0032-0943			cas:1007	药学	100703	生药学	manual_source_verified	manually_verified	high
Phytotherapy Research	1	是			0951-418X			cas:1007	药学	100703	生药学	manual_source_verified	manually_verified	high
Fitoterapia	2	否			0367-326X			cas:1007	药学	100703	生药学	manual_source_verified	manually_verified	high
Natural Product Reports	1	是			0265-0568			cas:1007	药学	100703	生药学	manual_source_verified	manually_verified	high
Biochemical Systematics and Ecology	3	否			0305-1978			cas:1007	药学	100703	生药学	manual_source_verified	manually_verified	high
Journal of Asian Natural Products Research	3	否			1028-6020			cas:1007	药学	100703	生药学	manual_source_verified	manually_verified	high
Pharmaceutical Biology	2	否			1388-0209			cas:1007	药学	100703	生药学	manual_source_verified	manually_verified	high
Revista Brasileira de Farmacognosia	2	否			0102-695X			cas:1007	药学	100703	生药学	manual_source_verified	manually_verified	high
Natural Product Reports	1	是			0265-0568			cas:1007	药学	100705	微生物与生化药学	manual_source_verified	manually_verified	high
Biotechnology Advances	1	是			0734-9750			cas:1007	药学	100705	微生物与生化药学	manual_source_verified	manually_verified	high
Trends in Biotechnology	1	是			0167-7799			cas:1007	药学	100705	微生物与生化药学	manual_source_verified	manually_verified	high
Metabolic Engineering	1	是			1096-7176			cas:1007	药学	100705	微生物与生化药学	manual_source_verified	manually_verified	high
Current Opinion in Biotechnology	1	是			0958-1669			cas:1007	药学	100705	微生物与生化药学	manual_source_verified	manually_verified	high
Bioresource Technology	1	是			0960-8524			cas:1007	药学	100705	微生物与生化药学	manual_source_verified	manually_verified	high
Microbial Cell Factories	1	是			1475-2859			cas:1007	药学	100705	微生物与生化药学	manual_source_verified	manually_verified	high
Applied Microbiology and Biotechnology	1	是			0175-7598			cas:1007	药学	100705	微生物与生化药学	manual_source_verified	manually_verified	high
Journal of Natural Products	1	是			0163-3864			cas:1007	药学	100705	微生物与生化药学	manual_source_verified	manually_verified	high
Biochemical Engineering Journal	2	否			1369-703X			cas:1007	药学	100705	微生物与生化药学	manual_source_verified	manually_verified	high
Nature Reviews Cancer	1	是			1474-1776			cas:1007	药学	100706	药理学	manual_source_verified	manually_verified	high
Pharmacological Reviews	1	是			0031-6997			cas:1007	药学	100706	药理学	manual_source_verified	manually_verified	high
The Annual Review of Pharmacology and Toxicology	1	是			0362-1642			cas:1007	药学	100706	药理学	manual_source_verified	manually_verified	high
Trends in Pharmacological Sciences	1	是			0165-6147			cas:1007	药学	100706	药理学	manual_source_verified	manually_verified	high
Drug Resistance Updates	1	是			1368-7646			cas:1007	药学	100706	药理学	manual_source_verified	manually_verified	high
Pharmacology & Therapeutics	1	是			0163-7258			cas:1007	药学	100706	药理学	manual_source_verified	manually_verified	high
British Journal of Pharmacology	1	是			0007-1188			cas:1007	药学	100706	药理学	manual_source_verified	manually_verified	high
Clinical Pharmacology & Therapeutics	1	是			0009-9236			cas:1007	药学	100706	药理学	manual_source_verified	manually_verified	high
Journal of Pharmacology and Experimental Therapeutics	1	是			0022-3565			cas:1007	药学	100706	药理学	manual_source_verified	manually_verified	high
Biochemical Pharmacology	1	是			0006-2952			cas:1007	药学	100706	药理学	manual_source_verified	manually_verified	high
The Journal of Military History	1	是			0899-3718			cas:1101	军事思想及军事历史	110102	军事历史	manual_source_verified	manually_verified	high
Journal of Strategic Studies	1	是			0140-2390			cas:1101	军事思想及军事历史	110102	军事历史	manual_source_verified	manually_verified	high
International Journal of Military History and Historiography	2	否			2468-3302			cas:1101	军事思想及军事历史	110102	军事历史	manual_source_verified	manually_verified	high
First World War Studies	2	否			1947-5020			cas:1101	军事思想及军事历史	110102	军事历史	manual_source_verified	manually_verified	high
Small Wars and Insurgencies	1	是			0959-2318			cas:1101	军事思想及军事历史	110102	军事历史	manual_source_verified	manually_verified	high
Journal of Cold War Studies	1	是			1520-3972			cas:1101	军事思想及军事历史	110102	军事历史	manual_source_verified	manually_verified	high
Intelligence & National Security	1	是			0268-4527			cas:1101	军事思想及军事历史	110102	军事历史	manual_source_verified	manually_verified	high
Defence Studies	2	否			1470-2436			cas:1101	军事思想及军事历史	110102	军事历史	manual_source_verified	manually_verified	high
The RUSI Journal	2	否			0307-1847			cas:1101	军事思想及军事历史	110102	军事历史	manual_source_verified	manually_verified	high
The Journal of Slavic Military Studies	2	否			1351-8046			cas:1101	军事思想及军事历史	110102	军事历史	manual_source_verified	manually_verified	high
Journal of Ethnopharmacology	1	是			0378-8741			cas:1008	中药学	100800	中药学	manual_source_verified	manually_verified	high
Chinese Medicine	1	是			1749-8546			cas:1008	中药学	100800	中药学	manual_source_verified	manually_verified	high
Journal of Natural Products	1	是			0163-3864			cas:1008	中药学	100800	中药学	manual_source_verified	manually_verified	high
Planta Medica	2	否			0032-0943			cas:1008	中药学	100800	中药学	manual_source_verified	manually_verified	high
Fitoterapia	2	否			0367-326X			cas:1008	中药学	100800	中药学	manual_source_verified	manually_verified	high
Natural Product Reports	1	是			0265-0568			cas:1008	中药学	100800	中药学	manual_source_verified	manually_verified	high
Frontiers in Pharmacology	1	是			1663-9812			cas:1008	中药学	100800	中药学	manual_source_verified	manually_verified	high
The American Journal of Chinese Medicine	1	是			0192-415X			cas:1008	中药学	100800	中药学	manual_source_verified	manually_verified	high
BMC Complementary Medicine and Therapies	2	否			2662-7671			cas:1008	中药学	100800	中药学	manual_source_verified	manually_verified	high
Journal of Traditional Chinese Medicine	2	否			0254-6272			cas:1008	中药学	100800	中药学	manual_source_verified	manually_verified	high
International Security	1	是			0162-2889			cas:1101	军事思想及军事历史	110101	军事思想	manual_source_verified	manually_verified	high
Security Studies	1	是			0963-6412			cas:1101	军事思想及军事历史	110101	军事思想	manual_source_verified	manually_verified	high
Survival	2	否			0039-6338			cas:1101	军事思想及军事历史	110101	军事思想	manual_source_verified	manually_verified	high
The RUSI Journal	2	否			0307-1847			cas:1101	军事思想及军事历史	110101	军事思想	manual_source_verified	manually_verified	high
War in History	1	是			0968-3445			cas:1101	军事思想及军事历史	110101	军事思想	manual_source_verified	manually_verified	high
The Journal of Military History	1	是			0899-3718			cas:1101	军事思想及军事历史	110101	军事思想	manual_source_verified	manually_verified	high
Armed Forces & Society	1	是			0095-327X			cas:1101	军事思想及军事历史	110101	军事思想	manual_source_verified	manually_verified	high
Small Wars and Insurgencies	1	是			0959-2318			cas:1101	军事思想及军事历史	110101	军事思想	manual_source_verified	manually_verified	high
Comparative Strategy	3	否			0149-5933			cas:1101	军事思想及军事历史	110101	军事思想	manual_source_verified	manually_verified	high
Military Chaplaincy Review	3	否			3068-675X			cas:1101	军事思想及军事历史	110101	军事思想	manual_source_verified	manually_verified	high
Military Operations Research	2	否			1082-5983			cas:1104	战术学	110401	合同战术学	manual_source_verified	manually_verified	high
The Journal of Defense Modeling and Simulation Applications Methodology Technology	2	否			1548-5129			cas:1104	战术学	110401	合同战术学	manual_source_verified	manually_verified	high
Defence and Peace Economics	1	是			1024-2694			cas:1104	战术学	110401	合同战术学	manual_source_verified	manually_verified	high
Journal of Strategic Studies	1	是			0140-2390			cas:1104	战术学	110401	合同战术学	manual_source_verified	manually_verified	high
International Journal of Intelligence and CounterIntelligence	2	否			0885-0607			cas:1104	战术学	110401	合同战术学	manual_source_verified	manually_verified	high
Armed Forces & Society	1	是			0095-327X			cas:1104	战术学	110401	合同战术学	manual_source_verified	manually_verified	high
Small Wars and Insurgencies	1	是			0959-2318			cas:1104	战术学	110401	合同战术学	manual_source_verified	manually_verified	high
Journal of Conflict Resolution	1	是			0022-0027			cas:1104	战术学	110401	合同战术学	manual_source_verified	manually_verified	high
International Security	1	是			0162-2889			cas:1104	战术学	110401	合同战术学	manual_source_verified	manually_verified	high
Security Studies	1	是			0963-6412			cas:1104	战术学	110401	合同战术学	manual_source_verified	manually_verified	high
Journal of Strategic Studies	1	是			0140-2390			cas:1102	战略学	110202	战争动员学	manual_source_verified	manually_verified	high
International Security	1	是			0162-2889			cas:1102	战略学	110202	战争动员学	manual_source_verified	manually_verified	high
Security Studies	1	是			0963-6412			cas:1102	战略学	110202	战争动员学	manual_source_verified	manually_verified	high
Defence and Peace Economics	1	是			1024-2694			cas:1102	战略学	110202	战争动员学	manual_source_verified	manually_verified	high
Defense and Security Analysis	2	否			1475-1798			cas:1102	战略学	110202	战争动员学	manual_source_verified	manually_verified	high
Military Operations Research	2	否			1082-5983			cas:1102	战略学	110202	战争动员学	manual_source_verified	manually_verified	high
The RUSI Journal	2	否			0307-1847			cas:1102	战略学	110202	战争动员学	manual_source_verified	manually_verified	high
The US Army War College Quarterly Parameters	2	否			0031-1723			cas:1102	战略学	110202	战争动员学	manual_source_verified	manually_verified	high
Military Chaplaincy Review	3	否			3068-675X			cas:1102	战略学	110202	战争动员学	manual_source_verified	manually_verified	high
Comparative Strategy	2	否			0149-5933			cas:1102	战略学	110202	战争动员学	manual_source_verified	manually_verified	high
Military Operations Research	3	否			1082-5983			cas:1104	战术学	110402	兵种战术学	manual_source_verified	manually_verified	high
The Journal of Defense Modeling and Simulation Applications Methodology Technology	3	否			1548-5129			cas:1104	战术学	110402	兵种战术学	manual_source_verified	manually_verified	high
Defence Technology	1	是			2214-9147			cas:1104	战术学	110402	兵种战术学	manual_source_verified	manually_verified	high
IEEE Transactions on Aerospace and Electronic Systems	1	是			0018-9251			cas:1104	战术学	110402	兵种战术学	manual_source_verified	manually_verified	high
Journal of Strategic Studies	1	是			0140-2390			cas:1104	战术学	110402	兵种战术学	manual_source_verified	manually_verified	high
International Journal of Intelligence and CounterIntelligence	2	否			0885-0607			cas:1104	战术学	110402	兵种战术学	manual_source_verified	manually_verified	high
Armed Forces & Society	1	是			0095-327X			cas:1104	战术学	110402	兵种战术学	manual_source_verified	manually_verified	high
Small Wars and Insurgencies	1	是			0959-2318			cas:1104	战术学	110402	兵种战术学	manual_source_verified	manually_verified	high
Journal of Conflict Resolution	1	是			0022-0027			cas:1104	战术学	110402	兵种战术学	manual_source_verified	manually_verified	high
Defence and Peace Economics	1	是			1024-2694			cas:1104	战术学	110402	兵种战术学	manual_source_verified	manually_verified	high
Journal of Strategic Studies	1	是			0140-2390			cas:1102	战略学	110201	军事战略学	manual_source_verified	manually_verified	high
International Security	1	是			0162-2889			cas:1102	战略学	110201	军事战略学	manual_source_verified	manually_verified	high
Survival	2	否			0039-6338			cas:1102	战略学	110201	军事战略学	manual_source_verified	manually_verified	high
Comparative Strategy	2	否			0149-5933			cas:1102	战略学	110201	军事战略学	manual_source_verified	manually_verified	high
China Quarterly of International Strategic Studies	2	否			2377-7400			cas:1102	战略学	110201	军事战略学	manual_source_verified	manually_verified	high
The RUSI Journal	2	否			0307-1847			cas:1102	战略学	110201	军事战略学	manual_source_verified	manually_verified	high
The US Army War College Quarterly Parameters	2	否			0031-1723			cas:1102	战略学	110201	军事战略学	manual_source_verified	manually_verified	high
Military Chaplaincy Review	3	否			3068-675X			cas:1102	战略学	110201	军事战略学	manual_source_verified	manually_verified	high
IEEE Journal on Selected Areas in Communications	1	是			0733-8716			cas:1105	军队指挥学	110503	军事通信学	manual_source_verified	manually_verified	high
IEEE Transactions on Wireless Communications	1	是			1536-1276			cas:1105	军队指挥学	110503	军事通信学	manual_source_verified	manually_verified	high
IEEE Communications Magazine	1	是			0163-6804			cas:1105	军队指挥学	110503	军事通信学	manual_source_verified	manually_verified	high
IEEE Transactions on Vehicular Technology	1	是			0018-9545			cas:1105	军队指挥学	110503	军事通信学	manual_source_verified	manually_verified	high
IEEE Transactions on Aerospace and Electronic Systems	1	是			0018-9251			cas:1105	军队指挥学	110503	军事通信学	manual_source_verified	manually_verified	high
IEEE Transactions on Information Forensics and Security	1	是			1556-6013			cas:1105	军队指挥学	110503	军事通信学	manual_source_verified	manually_verified	high
IEEE Internet of Things Journal	1	是			2327-4662			cas:1105	军队指挥学	110503	军事通信学	manual_source_verified	manually_verified	high
IEEE Transactions on Network and Service Management	1	是			1932-4537			cas:1105	军队指挥学	110503	军事通信学	manual_source_verified	manually_verified	high
Ad Hoc Networks	1	是			1570-8705			cas:1105	军队指挥学	110503	军事通信学	manual_source_verified	manually_verified	high
Computer Networks	1	是			1389-1286			cas:1105	军队指挥学	110503	军事通信学	manual_source_verified	manually_verified	high
Military Operations Research	2	否			1082-5983			cas:1105	军队指挥学	110502	军事运筹学	manual_source_verified	manually_verified	high
The Journal of Defense Modeling and Simulation Applications Methodology Technology	3	否			1548-5129			cas:1105	军队指挥学	110502	军事运筹学	manual_source_verified	manually_verified	high
Journal of the Operational Research Society	2	否			0160-5682			cas:1105	军队指挥学	110502	军事运筹学	manual_source_verified	manually_verified	high
Computers & Operations Research	1	是			0305-0548			cas:1105	军队指挥学	110502	军事运筹学	manual_source_verified	manually_verified	high
Annals of Operations Research	1	是			0254-5330			cas:1105	军队指挥学	110502	军事运筹学	manual_source_verified	manually_verified	high
Operations Research	1	是			0030-364X			cas:1105	军队指挥学	110502	军事运筹学	manual_source_verified	manually_verified	high
Military Medicine	2	否			0026-4075			cas:1105	军队指挥学	110502	军事运筹学	manual_source_verified	manually_verified	high
IEEE Transactions on Systems Man and Cybernetics Systems	1	是			2168-2216			cas:1105	军队指挥学	110502	军事运筹学	manual_source_verified	manually_verified	high
Reliability Engineering & System Safety	1	是			0951-8320			cas:1105	军队指挥学	110502	军事运筹学	manual_source_verified	manually_verified	high
Defence Technology	1	是			2214-9147			cas:1105	军队指挥学	110502	军事运筹学	manual_source_verified	manually_verified	high
Military Chaplaincy Review	2	否			3068-675X			cas:1103	战役学	110301	联合战役学	manual_source_verified	manually_verified	high
The US Army War College Quarterly Parameters	2	否			0031-1723			cas:1103	战役学	110301	联合战役学	manual_source_verified	manually_verified	high
Journal of Strategic Studies	1	是			0140-2390			cas:1103	战役学	110301	联合战役学	manual_source_verified	manually_verified	high
International Security	1	是			0162-2889			cas:1103	战役学	110301	联合战役学	manual_source_verified	manually_verified	high
Security Studies	1	是			0963-6412			cas:1103	战役学	110301	联合战役学	manual_source_verified	manually_verified	high
Armed Forces & Society	1	是			0095-327X			cas:1103	战役学	110301	联合战役学	manual_source_verified	manually_verified	high
Defence Studies	2	否			1470-2436			cas:1103	战役学	110301	联合战役学	manual_source_verified	manually_verified	high
The RUSI Journal	2	否			0307-1847			cas:1103	战役学	110301	联合战役学	manual_source_verified	manually_verified	high
Military Operations Research	3	否			1082-5983			cas:1103	战役学	110301	联合战役学	manual_source_verified	manually_verified	high
Intelligence & National Security	1	是			0268-4527			cas:1105	军队指挥学	110504	军事情报学	manual_source_verified	manually_verified	high
International Journal of Intelligence and CounterIntelligence	1	是			0885-0607			cas:1105	军队指挥学	110504	军事情报学	manual_source_verified	manually_verified	high
Journal of Strategic Studies	1	是			0140-2390			cas:1105	军队指挥学	110504	军事情报学	manual_source_verified	manually_verified	high
Studies in Conflict and Terrorism	1	是			1057-610X			cas:1105	军队指挥学	110504	军事情报学	manual_source_verified	manually_verified	high
Security Studies	1	是			0963-6412			cas:1105	军队指挥学	110504	军事情报学	manual_source_verified	manually_verified	high
Journal of Conflict Resolution	1	是			0022-0027			cas:1105	军队指挥学	110504	军事情报学	manual_source_verified	manually_verified	high
Terrorism and Political Violence	1	是			0954-6553			cas:1105	军队指挥学	110504	军事情报学	manual_source_verified	manually_verified	high
Survival	2	否			0039-6338			cas:1105	军队指挥学	110504	军事情报学	manual_source_verified	manually_verified	high
Defense and Security Analysis	2	否			1475-1798			cas:1105	军队指挥学	110504	军事情报学	manual_source_verified	manually_verified	high
Journal of Intelligence History	2	否			1616-1262			cas:1105	军队指挥学	110504	军事情报学	manual_source_verified	manually_verified	high
The Journal of Defense Modeling and Simulation Applications Methodology Technology	3	否			1548-5129			cas:1105	军队指挥学	110501	作战指挥学	manual_source_verified	manually_verified	high
IEEE Transactions on Aerospace and Electronic Systems	1	是			0018-9251			cas:1105	军队指挥学	110501	作战指挥学	manual_source_verified	manually_verified	high
Defence Technology	1	是			2214-9147			cas:1105	军队指挥学	110501	作战指挥学	manual_source_verified	manually_verified	high
Journal of Strategic Studies	1	是			0140-2390			cas:1105	军队指挥学	110501	作战指挥学	manual_source_verified	manually_verified	high
International Journal of Intelligence and CounterIntelligence	2	否			0885-0607			cas:1105	军队指挥学	110501	作战指挥学	manual_source_verified	manually_verified	high
Armed Forces & Society	1	是			0095-327X			cas:1105	军队指挥学	110501	作战指挥学	manual_source_verified	manually_verified	high
The RUSI Journal	2	否			0307-1847			cas:1105	军队指挥学	110501	作战指挥学	manual_source_verified	manually_verified	high
Military Chaplaincy Review	3	否			3068-675X			cas:1105	军队指挥学	110501	作战指挥学	manual_source_verified	manually_verified	high
The US Army War College Quarterly Parameters	3	否			0031-1723			cas:1105	军队指挥学	110501	作战指挥学	manual_source_verified	manually_verified	high
Designs Codes and Cryptography	1	是			0925-1022			cas:1105	军队指挥学	110505	密码学	manual_source_verified	manually_verified	high
IEEE Transactions on Information Theory	1	是			0018-9448			cas:1105	军队指挥学	110505	密码学	manual_source_verified	manually_verified	high
IEEE Transactions on Information Forensics and Security	1	是			1556-6013			cas:1105	军队指挥学	110505	密码学	manual_source_verified	manually_verified	high
Cryptography and Communications	1	是			1936-2447			cas:1105	军队指挥学	110505	密码学	manual_source_verified	manually_verified	high
IET Information Security	2	否			1751-8709			cas:1105	军队指挥学	110505	密码学	manual_source_verified	manually_verified	high
International Journal of Information Security	2	否			1615-5262			cas:1105	军队指挥学	110505	密码学	manual_source_verified	manually_verified	high
Journal of Mathematical Cryptology	2	否			1862-2976			cas:1105	军队指挥学	110505	密码学	manual_source_verified	manually_verified	high
Security and Communication Networks	2	否			1939-0114			cas:1105	军队指挥学	110505	密码学	manual_source_verified	manually_verified	high
Theoretical Computer Science	2	否			0304-3975			cas:1105	军队指挥学	110505	密码学	manual_source_verified	manually_verified	high
Information Processing Letters	3	否			0020-0190			cas:1105	军队指挥学	110505	密码学	manual_source_verified	manually_verified	high
Journal of Strategic Studies	1	是			0140-2390			cas:1103	战役学	110302	军种战役学	manual_source_verified	manually_verified	high
International Security	1	是			0162-2889			cas:1103	战役学	110302	军种战役学	manual_source_verified	manually_verified	high
Security Studies	1	是			0963-6412			cas:1103	战役学	110302	军种战役学	manual_source_verified	manually_verified	high
Survival	1	是			0039-6338			cas:1103	战役学	110302	军种战役学	manual_source_verified	manually_verified	high
The RUSI Journal	2	否			0307-1847			cas:1103	战役学	110302	军种战役学	manual_source_verified	manually_verified	high
Military Chaplaincy Review	2	否			3068-675X			cas:1103	战役学	110302	军种战役学	manual_source_verified	manually_verified	high
The US Army War College Quarterly Parameters	2	否			0031-1723			cas:1103	战役学	110302	军种战役学	manual_source_verified	manually_verified	high
Infantry	3	否			0019-9532			cas:1103	战役学	110302	军种战役学	manual_source_verified	manually_verified	high
Military Operations Research	2	否			1082-5983			cas:1106	军制学	110602	军队管理学	manual_source_verified	manually_verified	high
Armed Forces & Society	1	是			0095-327X			cas:1106	军制学	110602	军队管理学	manual_source_verified	manually_verified	high
Defence and Peace Economics	1	是			1024-2694			cas:1106	军制学	110602	军队管理学	manual_source_verified	manually_verified	high
Journal of Strategic Studies	1	是			0140-2390			cas:1106	军制学	110602	军队管理学	manual_source_verified	manually_verified	high
The US Army War College Quarterly Parameters	2	否			0031-1723			cas:1106	军制学	110602	军队管理学	manual_source_verified	manually_verified	high
The Journal of Defense Modeling and Simulation Applications Methodology Technology	3	否			1548-5129			cas:1106	军制学	110602	军队管理学	manual_source_verified	manually_verified	high
Defense and Security Analysis	2	否			1475-1798			cas:1106	军制学	110602	军队管理学	manual_source_verified	manually_verified	high
Journal of Military Ethics	2	否			1502-7570			cas:1106	军制学	110602	军队管理学	manual_source_verified	manually_verified	high
Small Wars and Insurgencies	1	是			0959-2318			cas:1106	军制学	110602	军队管理学	manual_source_verified	manually_verified	high
The RUSI Journal	2	否			0307-1847			cas:1106	军制学	110602	军队管理学	manual_source_verified	manually_verified	high
Military Chaplaincy Review	3	否			3068-675X			cas:1105	军队指挥学	110506	军事教育训练学	manual_source_verified	manually_verified	high
Armed Forces & Society	1	是			0095-327X			cas:1105	军队指挥学	110506	军事教育训练学	manual_source_verified	manually_verified	high
Journal of Strategic Studies	1	是			0140-2390			cas:1105	军队指挥学	110506	军事教育训练学	manual_source_verified	manually_verified	high
Military Psychology	2	否			0899-5605			cas:1105	军队指挥学	110506	军事教育训练学	manual_source_verified	manually_verified	high
Defence Studies	2	否			1470-2436			cas:1105	军队指挥学	110506	军事教育训练学	manual_source_verified	manually_verified	high
Small Wars and Insurgencies	1	是			0959-2318			cas:1105	军队指挥学	110506	军事教育训练学	manual_source_verified	manually_verified	high
Journal of Military Ethics	2	否			1502-7570			cas:1105	军队指挥学	110506	军事教育训练学	manual_source_verified	manually_verified	high
Military Operations Research	3	否			1082-5983			cas:1105	军队指挥学	110506	军事教育训练学	manual_source_verified	manually_verified	high
The RUSI Journal	2	否			0307-1847			cas:1105	军队指挥学	110506	军事教育训练学	manual_source_verified	manually_verified	high
The US Army War College Quarterly Parameters	3	否			0031-1723			cas:1105	军队指挥学	110506	军事教育训练学	manual_source_verified	manually_verified	high
Military Operations Research	3	否			1082-5983			cas:1108	军事后勤学与军事装备学	110801	军事后勤学	manual_source_verified	manually_verified	high
The Journal of Defense Modeling and Simulation Applications Methodology Technology	3	否			1548-5129			cas:1108	军事后勤学与军事装备学	110801	军事后勤学	manual_source_verified	manually_verified	high
Defence and Peace Economics	2	否			1024-2694			cas:1108	军事后勤学与军事装备学	110801	军事后勤学	manual_source_verified	manually_verified	high
Journal of Military Studies	3	否			1799-3350			cas:1108	军事后勤学与军事装备学	110801	军事后勤学	manual_source_verified	manually_verified	high
Armed Forces & Society	1	是			0095-327X			cas:1108	军事后勤学与军事装备学	110801	军事后勤学	manual_source_verified	manually_verified	high
Military Medicine	2	否			0026-4075			cas:1108	军事后勤学与军事装备学	110801	军事后勤学	manual_source_verified	manually_verified	high
Journal of the Operational Research Society	2	否			0160-5682			cas:1108	军事后勤学与军事装备学	110801	军事后勤学	manual_source_verified	manually_verified	high
European Journal of Operational Research	1	是			0377-2217			cas:1108	军事后勤学与军事装备学	110801	军事后勤学	manual_source_verified	manually_verified	high
International Journal of Physical Distribution & Logistics Management	1	是			0960-0035			cas:1108	军事后勤学与军事装备学	110801	军事后勤学	manual_source_verified	manually_verified	high
Supply Chain Management An International Journal	1	是			1359-8546			cas:1108	军事后勤学与军事装备学	110801	军事后勤学	manual_source_verified	manually_verified	high
Military Operations Research	3	否			1082-5983			cas:1108	军事后勤学与军事装备学	110802	后方专业勤务	manual_source_verified	manually_verified	high
Journal of Defense Analytics and Logistics	2	否			2399-6439			cas:1108	军事后勤学与军事装备学	110802	后方专业勤务	manual_source_verified	manually_verified	high
International Journal of Physical Distribution & Logistics Management	1	是			0960-0035			cas:1108	军事后勤学与军事装备学	110802	后方专业勤务	manual_source_verified	manually_verified	high
Journal of Business Logistics	1	是			0735-3766			cas:1108	军事后勤学与军事装备学	110802	后方专业勤务	manual_source_verified	manually_verified	high
Supply Chain Management An International Journal	1	是			1359-8546			cas:1108	军事后勤学与军事装备学	110802	后方专业勤务	manual_source_verified	manually_verified	high
The International Journal of Logistics Management	2	否			0957-4093			cas:1108	军事后勤学与军事装备学	110802	后方专业勤务	manual_source_verified	manually_verified	high
International Journal of Logistics Research and Applications	2	否			1367-5567			cas:1108	军事后勤学与军事装备学	110802	后方专业勤务	manual_source_verified	manually_verified	high
Journal of Humanitarian Logistics and Supply Chain Management	2	否			2042-6747			cas:1108	军事后勤学与军事装备学	110802	后方专业勤务	manual_source_verified	manually_verified	high
Military Medicine	2	否			0026-4075			cas:1108	军事后勤学与军事装备学	110802	后方专业勤务	manual_source_verified	manually_verified	high
Journal of the Royal Army Medical Corps	3	否			0035-8665			cas:1108	军事后勤学与军事装备学	110802	后方专业勤务	manual_source_verified	manually_verified	high
Armed Forces & Society	1	是			0095-327X			cas:1106	军制学	110601	军事组织编制学	manual_source_verified	manually_verified	high
Journal of Strategic Studies	1	是			0140-2390			cas:1106	军制学	110601	军事组织编制学	manual_source_verified	manually_verified	high
International Security	1	是			0162-2889			cas:1106	军制学	110601	军事组织编制学	manual_source_verified	manually_verified	high
Security Studies	1	是			0963-6412			cas:1106	军制学	110601	军事组织编制学	manual_source_verified	manually_verified	high
Defence and Peace Economics	1	是			1024-2694			cas:1106	军制学	110601	军事组织编制学	manual_source_verified	manually_verified	high
Defense and Security Analysis	2	否			1475-1798			cas:1106	军制学	110601	军事组织编制学	manual_source_verified	manually_verified	high
Military Operations Research	2	否			1082-5983			cas:1106	军制学	110601	军事组织编制学	manual_source_verified	manually_verified	high
The RUSI Journal	2	否			0307-1847			cas:1106	军制学	110601	军事组织编制学	manual_source_verified	manually_verified	high
The US Army War College Quarterly Parameters	2	否			0031-1723			cas:1106	军制学	110601	军事组织编制学	manual_source_verified	manually_verified	high
Military Chaplaincy Review	3	否			3068-675X			cas:1106	军制学	110601	军事组织编制学	manual_source_verified	manually_verified	high
Operations Research	1	是			0030-364X			cas:1201	管理科学与工程	120100	管理科学与工程	manual_source_verified	manually_verified	high
Manufacturing & Service Operations Management	1	是			1523-4614			cas:1201	管理科学与工程	120100	管理科学与工程	manual_source_verified	manually_verified	high
Information Systems Research	1	是			1047-7047			cas:1201	管理科学与工程	120100	管理科学与工程	manual_source_verified	manually_verified	high
INFORMS Journal on Computing	1	是			1091-9856			cas:1201	管理科学与工程	120100	管理科学与工程	manual_source_verified	manually_verified	high
Decision Sciences	1	是			0011-7315			cas:1201	管理科学与工程	120100	管理科学与工程	manual_source_verified	manually_verified	high
European Journal of Operational Research	1	是			0377-2217			cas:1201	管理科学与工程	120100	管理科学与工程	manual_source_verified	manually_verified	high
Omega	1	是			0305-0483			cas:1201	管理科学与工程	120100	管理科学与工程	manual_source_verified	manually_verified	high
Production and Operations Management	1	是			1059-1478			cas:1201	管理科学与工程	120100	管理科学与工程	manual_source_verified	manually_verified	high
IEEE Transactions on Engineering Management	1	是			0018-9391			cas:1201	管理科学与工程	120100	管理科学与工程	manual_source_verified	manually_verified	high
Annals of Operations Research	1	是			0254-5330			cas:1201	管理科学与工程	120100	管理科学与工程	manual_source_verified	manually_verified	high
Armed Forces & Society	1	是			0095-327X			cas:1107	军队政治工作学	110700	军队政治工作学	manual_source_verified	manually_verified	high
Journal of Strategic Studies	1	是			0140-2390			cas:1107	军队政治工作学	110700	军队政治工作学	manual_source_verified	manually_verified	high
Military Psychology	2	否			0899-5605			cas:1107	军队政治工作学	110700	军队政治工作学	manual_source_verified	manually_verified	high
The US Army War College Quarterly Parameters	2	否			0031-1723			cas:1107	军队政治工作学	110700	军队政治工作学	manual_source_verified	manually_verified	high
Military Chaplaincy Review	2	否			3068-675X			cas:1107	军队政治工作学	110700	军队政治工作学	manual_source_verified	manually_verified	high
Small Wars and Insurgencies	1	是			0959-2318			cas:1107	军队政治工作学	110700	军队政治工作学	manual_source_verified	manually_verified	high
Defense and Security Analysis	2	否			1475-1798			cas:1107	军队政治工作学	110700	军队政治工作学	manual_source_verified	manually_verified	high
Journal of Political & Military Sociology	3	否			0047-2697			cas:1107	军队政治工作学	110700	军队政治工作学	manual_source_verified	manually_verified	high
resMilitaris	3	否			2265-6294			cas:1107	军队政治工作学	110700	军队政治工作学	manual_source_verified	manually_verified	high
The RUSI Journal	2	否			0307-1847			cas:1107	军队政治工作学	110700	军队政治工作学	manual_source_verified	manually_verified	high
Academy of Management Review	1	是			0363-7425			cas:1202	工商管理	120202	企业管理	manual_source_verified	manually_verified	high
Administrative Science Quarterly	1	是			0001-8392			cas:1202	工商管理	120202	企业管理	manual_source_verified	manually_verified	high
Strategic Management Journal	1	是			0143-2095			cas:1202	工商管理	120202	企业管理	manual_source_verified	manually_verified	high
Journal of Management	1	是			0149-2063			cas:1202	工商管理	120202	企业管理	manual_source_verified	manually_verified	high
Journal of Management Studies	1	是			0022-2380			cas:1202	工商管理	120202	企业管理	manual_source_verified	manually_verified	high
Organization Science	1	是			1047-7039			cas:1202	工商管理	120202	企业管理	manual_source_verified	manually_verified	high
Journal of Business Venturing	1	是			0883-9026			cas:1202	工商管理	120202	企业管理	manual_source_verified	manually_verified	high
Entrepreneurship Theory and Practice	1	是			1042-2587			cas:1202	工商管理	120202	企业管理	manual_source_verified	manually_verified	high
Human Relations	1	是			0018-7267			cas:1202	工商管理	120202	企业管理	manual_source_verified	manually_verified	high
British Journal of Management	1	是			1045-3172			cas:1202	工商管理	120202	企业管理	manual_source_verified	manually_verified	high
Defense Acquisition Research Journal	3	否			2156-8391			cas:1108	军事后勤学与军事装备学	110803	军事装备学	manual_source_verified	manually_verified	high
The Journal of Defense Modeling and Simulation Applications Methodology Technology	3	否			1548-5129			cas:1108	军事后勤学与军事装备学	110803	军事装备学	manual_source_verified	manually_verified	high
Military Operations Research	3	否			1082-5983			cas:1108	军事后勤学与军事装备学	110803	军事装备学	manual_source_verified	manually_verified	high
IEEE Transactions on Aerospace and Electronic Systems	1	是			0018-9251			cas:1108	军事后勤学与军事装备学	110803	军事装备学	manual_source_verified	manually_verified	high
Journal of Systems Engineering and Electronics	2	否			1004-4132			cas:1108	军事后勤学与军事装备学	110803	军事装备学	manual_source_verified	manually_verified	high
International Journal of Impact Engineering	1	是			0734-743X			cas:1108	军事后勤学与军事装备学	110803	军事装备学	manual_source_verified	manually_verified	high
Reliability Engineering & System Safety	1	是			0951-8320			cas:1108	军事后勤学与军事装备学	110803	军事装备学	manual_source_verified	manually_verified	high
IEEE Transactions on Reliability	1	是			0018-9529			cas:1108	军事后勤学与军事装备学	110803	军事装备学	manual_source_verified	manually_verified	high
Journal of Quality in Maintenance Engineering	2	否			1355-2511			cas:1108	军事后勤学与军事装备学	110803	军事装备学	manual_source_verified	manually_verified	high
International Journal of Vehicle Systems Modelling and Testing	3	否			1745-6436			cas:1108	军事后勤学与军事装备学	110803	军事装备学	manual_source_verified	manually_verified	high
Tourism Management	1	是			0261-5177			cas:1202	工商管理	120203	旅游管理	manual_source_verified	manually_verified	high
Journal of Travel Research	1	是			0047-2875			cas:1202	工商管理	120203	旅游管理	manual_source_verified	manually_verified	high
Journal of Sustainable Tourism	1	是			0966-9582			cas:1202	工商管理	120203	旅游管理	manual_source_verified	manually_verified	high
International Journal of Contemporary Hospitality Management	1	是			0959-6119			cas:1202	工商管理	120203	旅游管理	manual_source_verified	manually_verified	high
International Journal of Hospitality Management	1	是			0278-4319			cas:1202	工商管理	120203	旅游管理	manual_source_verified	manually_verified	high
Current Issues in Tourism	1	是			1368-3500			cas:1202	工商管理	120203	旅游管理	manual_source_verified	manually_verified	high
Journal of Destination Marketing & Management	1	是			2212-571X			cas:1202	工商管理	120203	旅游管理	manual_source_verified	manually_verified	high
Tourism Geographies	1	是			1461-6688			cas:1202	工商管理	120203	旅游管理	manual_source_verified	manually_verified	high
Journal of Hospitality and Tourism Management	1	是			1447-6770			cas:1202	工商管理	120203	旅游管理	manual_source_verified	manually_verified	high
Tourism Review	1	是			1660-5373			cas:1202	工商管理	120203	旅游管理	manual_source_verified	manually_verified	high
Technovation	1	是			0166-4972			cas:1202	工商管理	120204	技术经济及管理	manual_source_verified	manually_verified	high
Technological Forecasting and Social Change	1	是			0040-1625			cas:1202	工商管理	120204	技术经济及管理	manual_source_verified	manually_verified	high
Journal of Product Innovation Management	1	是			0737-6782			cas:1202	工商管理	120204	技术经济及管理	manual_source_verified	manually_verified	high
R and D Management	1	是			0033-6807			cas:1202	工商管理	120204	技术经济及管理	manual_source_verified	manually_verified	high
IEEE Transactions on Engineering Management	1	是			0018-9391			cas:1202	工商管理	120204	技术经济及管理	manual_source_verified	manually_verified	high
The Journal of Technology Transfer	1	是			0892-9912			cas:1202	工商管理	120204	技术经济及管理	manual_source_verified	manually_verified	high
Technology Analysis and Strategic Management	2	否			0953-7325			cas:1202	工商管理	120204	技术经济及管理	manual_source_verified	manually_verified	high
International Journal of Technology Management	2	否			0267-5730			cas:1202	工商管理	120204	技术经济及管理	manual_source_verified	manually_verified	high
Journal of Engineering and Technology Management	2	否			0923-4748			cas:1202	工商管理	120204	技术经济及管理	manual_source_verified	manually_verified	high
Innovation	2	否			1447-9338			cas:1202	工商管理	120204	技术经济及管理	manual_source_verified	manually_verified	high
Journal of Forest Economics	1	是			1104-6899			cas:1203	农林经济管理	120302	林业经济管理	manual_source_verified	manually_verified	high
Forest Science	1	是			0015-749X			cas:1203	农林经济管理	120302	林业经济管理	manual_source_verified	manually_verified	high
Canadian Journal of Forest Research	1	是			0045-5067			cas:1203	农林经济管理	120302	林业经济管理	manual_source_verified	manually_verified	high
International Forestry Review	2	否			1465-5489			cas:1203	农林经济管理	120302	林业经济管理	manual_source_verified	manually_verified	high
Small-scale Forestry	2	否			1873-7617			cas:1203	农林经济管理	120302	林业经济管理	manual_source_verified	manually_verified	high
Journal of Sustainable Forestry	2	否			1054-9811			cas:1203	农林经济管理	120302	林业经济管理	manual_source_verified	manually_verified	high
Forests	1	是			1999-4907			cas:1203	农林经济管理	120302	林业经济管理	manual_source_verified	manually_verified	high
Land Use Policy	1	是			0264-8377			cas:1203	农林经济管理	120302	林业经济管理	manual_source_verified	manually_verified	high
Environmental and Resource Economics	1	是			0924-6460			cas:1203	农林经济管理	120302	林业经济管理	manual_source_verified	manually_verified	high
Society & Natural Resources	1	是			0894-1920			cas:1203	农林经济管理	120302	林业经济管理	manual_source_verified	manually_verified	high
American Journal of Agricultural Economics	1	是			0002-9092			cas:1203	农林经济管理	120301	农业经济管理	manual_source_verified	manually_verified	high
Food Policy	1	是			0306-9192			cas:1203	农林经济管理	120301	农业经济管理	manual_source_verified	manually_verified	high
European Review of Agricultural Economics	1	是			0165-1587			cas:1203	农林经济管理	120301	农业经济管理	manual_source_verified	manually_verified	high
Journal of Agricultural Economics	1	是			0021-857X			cas:1203	农林经济管理	120301	农业经济管理	manual_source_verified	manually_verified	high
Australian Journal of Agricultural and Resource Economics	1	是			1364-985X			cas:1203	农林经济管理	120301	农业经济管理	manual_source_verified	manually_verified	high
Applied Economic Perspectives and Policy	1	是			2040-5790			cas:1203	农林经济管理	120301	农业经济管理	manual_source_verified	manually_verified	high
China Agricultural Economic Review	1	是			1756-137X			cas:1203	农林经济管理	120301	农业经济管理	manual_source_verified	manually_verified	high
Canadian Journal of Agricultural Economics/Revue canadienne d agroeconomie	2	否			0008-3976			cas:1203	农林经济管理	120301	农业经济管理	manual_source_verified	manually_verified	high
Agribusiness	2	否			0742-4477			cas:1203	农林经济管理	120301	农业经济管理	manual_source_verified	manually_verified	high
Agricultural and Food Economics	1	是			2193-7532			cas:1203	农林经济管理	120301	农业经济管理	manual_source_verified	manually_verified	high
Health Affairs	1	是			0278-2715			cas:1204	公共管理	120402	社会医学与卫生事业管理	manual_source_verified	manually_verified	high
American Journal of Public Health	1	是			0090-0036			cas:1204	公共管理	120402	社会医学与卫生事业管理	manual_source_verified	manually_verified	high
Medical Care	1	是			0025-7079			cas:1204	公共管理	120402	社会医学与卫生事业管理	manual_source_verified	manually_verified	high
Health Policy and Planning	1	是			0268-1080			cas:1204	公共管理	120402	社会医学与卫生事业管理	manual_source_verified	manually_verified	high
BMC Health Services Research	1	是			1472-6963			cas:1204	公共管理	120402	社会医学与卫生事业管理	manual_source_verified	manually_verified	high
Health Services Research	1	是			0017-9124			cas:1204	公共管理	120402	社会医学与卫生事业管理	manual_source_verified	manually_verified	high
Journal of Health Economics	1	是			0167-6296			cas:1204	公共管理	120402	社会医学与卫生事业管理	manual_source_verified	manually_verified	high
Health Policy	1	是			0168-8510			cas:1204	公共管理	120402	社会医学与卫生事业管理	manual_source_verified	manually_verified	high
International Journal of Health Services	2	否			0020-7314			cas:1204	公共管理	120402	社会医学与卫生事业管理	manual_source_verified	manually_verified	high
Journal of Public Health Management and Practice	2	否			1078-4659			cas:1204	公共管理	120402	社会医学与卫生事业管理	manual_source_verified	manually_verified	high
Journal of Public Administration Research and Theory	1	是			1053-1858			cas:1204	公共管理	120401	行政管理	manual_source_verified	manually_verified	high
Governance	1	是			0952-1895			cas:1204	公共管理	120401	行政管理	manual_source_verified	manually_verified	high
Public Management Review	1	是			1471-9037			cas:1204	公共管理	120401	行政管理	manual_source_verified	manually_verified	high
The American Review of Public Administration	1	是			0275-0740			cas:1204	公共管理	120401	行政管理	manual_source_verified	manually_verified	high
Public Administration	1	是			0033-3298			cas:1204	公共管理	120401	行政管理	manual_source_verified	manually_verified	high
International Public Management Journal	1	是			1096-7494			cas:1204	公共管理	120401	行政管理	manual_source_verified	manually_verified	high
Administration & Society	2	否			0095-3997			cas:1204	公共管理	120401	行政管理	manual_source_verified	manually_verified	high
Public Performance & Management Review	2	否			1530-9576			cas:1204	公共管理	120401	行政管理	manual_source_verified	manually_verified	high
International Review of Administrative Sciences	2	否			0020-8523			cas:1204	公共管理	120401	行政管理	manual_source_verified	manually_verified	high
Australian Journal of Public Administration	2	否			0313-6647			cas:1204	公共管理	120401	行政管理	manual_source_verified	manually_verified	high
Journal of European Social Policy	1	是			0958-9287			cas:1204	公共管理	120404	社会保障	manual_source_verified	manually_verified	high
Social Policy and Administration	1	是			0144-5596			cas:1204	公共管理	120404	社会保障	manual_source_verified	manually_verified	high
Journal of Social Policy	1	是			0047-2794			cas:1204	公共管理	120404	社会保障	manual_source_verified	manually_verified	high
International Journal of Social Welfare	1	是			1369-6866			cas:1204	公共管理	120404	社会保障	manual_source_verified	manually_verified	high
Social Policy and Society	2	否			1474-7464			cas:1204	公共管理	120404	社会保障	manual_source_verified	manually_verified	high
Journal of Aging & Social Policy	1	是			0895-9420			cas:1204	公共管理	120404	社会保障	manual_source_verified	manually_verified	high
Health & Social Care in the Community	1	是			0966-0410			cas:1204	公共管理	120404	社会保障	manual_source_verified	manually_verified	high
International Social Security Review	2	否			0020-871X			cas:1204	公共管理	120404	社会保障	manual_source_verified	manually_verified	high
The Journal of Social Policy Studies	3	否			1727-0634			cas:1204	公共管理	120404	社会保障	manual_source_verified	manually_verified	high
European Journal of Social Security	2	否			1388-2627			cas:1204	公共管理	120404	社会保障	manual_source_verified	manually_verified	high
Educational Evaluation and Policy Analysis	1	是			0162-3737			cas:1204	公共管理	120403	教育经济与管理	manual_source_verified	manually_verified	high
Educational Administration Quarterly	1	是			0013-161X			cas:1204	公共管理	120403	教育经济与管理	manual_source_verified	manually_verified	high
Journal of Education Policy	1	是			0268-0939			cas:1204	公共管理	120403	教育经济与管理	manual_source_verified	manually_verified	high
Educational Management Administration & Leadership	1	是			1741-1432			cas:1204	公共管理	120403	教育经济与管理	manual_source_verified	manually_verified	high
School Effectiveness and School Improvement	1	是			0924-3453			cas:1204	公共管理	120403	教育经济与管理	manual_source_verified	manually_verified	high
The International Journal of Educational Management	2	否			0951-354X			cas:1204	公共管理	120403	教育经济与管理	manual_source_verified	manually_verified	high
Journal of Educational Administration	2	否			0957-8234			cas:1204	公共管理	120403	教育经济与管理	manual_source_verified	manually_verified	high
Education Finance and Policy	1	是			1557-3060			cas:1204	公共管理	120403	教育经济与管理	manual_source_verified	manually_verified	high
Leadership and Policy in Schools	2	否			1570-0763			cas:1204	公共管理	120403	教育经济与管理	manual_source_verified	manually_verified	high
International Journal of Leadership in Education	2	否			1360-3124			cas:1204	公共管理	120403	教育经济与管理	manual_source_verified	manually_verified	high
Land Degradation and Development	1	是			1085-3278			cas:1204	公共管理	120405	土地资源管理	manual_source_verified	manually_verified	high
Land	2	否			2073-445X			cas:1204	公共管理	120405	土地资源管理	manual_source_verified	manually_verified	high
Journal of Land Use Science	1	是			1747-423X			cas:1204	公共管理	120405	土地资源管理	manual_source_verified	manually_verified	high
Land Economics	1	是			0023-7639			cas:1204	公共管理	120405	土地资源管理	manual_source_verified	manually_verified	high
Journal of Rural Studies	1	是			0743-0167			cas:1204	公共管理	120405	土地资源管理	manual_source_verified	manually_verified	high
Habitat International	1	是			0197-3975			cas:1204	公共管理	120405	土地资源管理	manual_source_verified	manually_verified	high
Cities	1	是			0264-2751			cas:1204	公共管理	120405	土地资源管理	manual_source_verified	manually_verified	high
Journal of Environmental Planning and Management	1	是			0964-0568			cas:1204	公共管理	120405	土地资源管理	manual_source_verified	manually_verified	high
Environment and Planning B Urban Analytics and City Science	1	是			2399-8083			cas:1204	公共管理	120405	土地资源管理	manual_source_verified	manually_verified	high
Journal of Property Research	2	否			0959-9916			cas:1204	公共管理	120405	土地资源管理	manual_source_verified	manually_verified	high
Library & Information Science Research	1	是			0740-8188			cas:1205	图书馆、情报与档案管理	120501	图书馆学	manual_source_verified	manually_verified	high
College & Research Libraries	1	是			0010-0870			cas:1205	图书馆、情报与档案管理	120501	图书馆学	manual_source_verified	manually_verified	high
Journal of Documentation	1	是			0022-0418			cas:1205	图书馆、情报与档案管理	120501	图书馆学	manual_source_verified	manually_verified	high
Journal of Librarianship and Information Science	1	是			0961-0006			cas:1205	图书馆、情报与档案管理	120501	图书馆学	manual_source_verified	manually_verified	high
Information Processing & Management	1	是			0306-4573			cas:1205	图书馆、情报与档案管理	120501	图书馆学	manual_source_verified	manually_verified	high
Scientometrics	1	是			0138-9130			cas:1205	图书馆、情报与档案管理	120501	图书馆学	manual_source_verified	manually_verified	high
Journal of Information Science	1	是			0165-5515			cas:1205	图书馆、情报与档案管理	120501	图书馆学	manual_source_verified	manually_verified	high
The Library Quarterly	2	否			0024-2519			cas:1205	图书馆、情报与档案管理	120501	图书馆学	manual_source_verified	manually_verified	high
The Journal of Academic Librarianship	2	否			0099-1333			cas:1205	图书馆、情报与档案管理	120501	图书馆学	manual_source_verified	manually_verified	high
Libri	2	否			0024-2667			cas:1205	图书馆、情报与档案管理	120501	图书馆学	manual_source_verified	manually_verified	high
Journal of the Association for Information Science and Technology	1	是			2330-1635			cas:1205	图书馆、情报与档案管理	120502	情报学	manual_source_verified	manually_verified	high
Journal of Informetrics	1	是			1751-1577			cas:1205	图书馆、情报与档案管理	120502	情报学	manual_source_verified	manually_verified	high
Scientometrics	1	是			0138-9130			cas:1205	图书馆、情报与档案管理	120502	情报学	manual_source_verified	manually_verified	high
Journal of Information Science	2	否			0165-5515			cas:1205	图书馆、情报与档案管理	120502	情报学	manual_source_verified	manually_verified	high
Information Research an international electronic journal	2	否			1368-1613			cas:1205	图书馆、情报与档案管理	120502	情报学	manual_source_verified	manually_verified	high
Aslib Journal of Information Management	2	否			2050-3806			cas:1205	图书馆、情报与档案管理	120502	情报学	manual_source_verified	manually_verified	high
Online Information Review	2	否			1468-4527			cas:1205	图书馆、情报与档案管理	120502	情报学	manual_source_verified	manually_verified	high
Journal of Documentation	2	否			0022-0418			cas:1205	图书馆、情报与档案管理	120502	情报学	manual_source_verified	manually_verified	high
Library & Information Science Research	1	是			0740-8188			cas:1205	图书馆、情报与档案管理	120502	情报学	manual_source_verified	manually_verified	high
The Journal of Academic Librarianship	2	否			0099-1333			cas:1205	图书馆、情报与档案管理	120502	情报学	manual_source_verified	manually_verified	high
Archivaria	1	是			0318-6954			cas:1205	图书馆、情报与档案管理	120503	档案学	manual_source_verified	manually_verified	high
The American Archivist	1	是			0360-9081			cas:1205	图书馆、情报与档案管理	120503	档案学	manual_source_verified	manually_verified	high
Records Management Journal	2	否			0956-5698			cas:1205	图书馆、情报与档案管理	120503	档案学	manual_source_verified	manually_verified	high
Journal of Documentation	1	是			0022-0418			cas:1205	图书馆、情报与档案管理	120503	档案学	manual_source_verified	manually_verified	high
Archives and Records	2	否			2325-7962			cas:1205	图书馆、情报与档案管理	120503	档案学	manual_source_verified	manually_verified	high
Journal of the Society of Archivists	2	否			0037-9816			cas:1205	图书馆、情报与档案管理	120503	档案学	manual_source_verified	manually_verified	high
Information & Culture	2	否			2164-8034			cas:1205	图书馆、情报与档案管理	120503	档案学	manual_source_verified	manually_verified	high
Library & Information Science Research	1	是			0740-8188			cas:1205	图书馆、情报与档案管理	120503	档案学	manual_source_verified	manually_verified	high
Journal of Information Science	1	是			0165-5515			cas:1205	图书馆、情报与档案管理	120503	档案学	manual_source_verified	manually_verified	high
Archives and Manuscripts	2	否			0157-6895			cas:1205	图书馆、情报与档案管理	120503	档案学	manual_source_verified	manually_verified	high
